Player_Name,Team,Team_FullName,Season,Degree,In_Degree,Out_Degree,Weighted_Degree,Assists_Given,Assists_Received,Betweenness,Clustering,Team_Density,Team_PlayoffRank,Team_PlayoffWins,Team_PlayoffScore,Team_WinPCT,GP,MIN,PTS,AST,REB,STL,BLK,FG_PCT,FG3_PCT,EFF
Nikola Jokić,DEN,Denver Nuggets,2023-24,18,9,9,1144.0,681.0,463.0,0.0,0.19304387746293938,0.7878787878787878,2.0,57.0,6.0,0.695,79.0,34.6,26.4,9.0,12.4,1.4,0.9,0.583,0.359,38.5
Domantas Sabonis,SAC,Sacramento Kings,2023-24,19,9,10,1060.0,671.0,389.0,0.0,0.11839520266749763,0.9454545454545454,9.0,46.0,6.0,0.561,82.0,35.7,19.4,8.2,13.7,0.9,0.6,0.594,0.379,32.7
Tyrese Haliburton,IND,Indiana Pacers,2023-24,27,12,15,934.0,746.0,188.0,0.0001396440008937216,0.05413089559592426,0.7279411764705882,6.0,47.0,6.0,0.573,69.0,32.2,20.1,10.9,3.9,1.2,0.7,0.477,0.364,26.1
Giannis Antetokounmpo,MIL,Milwaukee Bucks,2023-24,26,13,13,899.0,474.0,425.0,0.0,0.09811382956915421,0.8351648351648352,3.0,49.0,6.0,0.598,73.0,35.2,30.4,6.5,11.5,1.2,1.1,0.611,0.274,36.4
LeBron James,LAL,Los Angeles Lakers,2023-24,22,11,11,886.0,565.0,321.0,0.0,0.11966056754597107,0.8589743589743589,8.0,47.0,6.0,0.573,71.0,35.3,25.7,8.3,7.3,1.3,0.5,0.54,0.41,29.9
Luka Dončić,DAL,Dallas Mavericks,2023-24,28,14,14,838.0,666.0,172.0,0.0,0.04998411407300492,0.7166666666666667,5.0,50.0,6.0,0.61,70.0,37.5,33.9,9.8,9.2,1.4,0.5,0.487,0.382,36.9
Kevin Durant,PHX,Phoenix Suns,2023-24,29,15,14,789.0,365.0,424.0,0.0,0.07069317599597437,0.6801470588235294,6.0,49.0,6.0,0.598,75.0,37.2,27.1,5.0,6.6,0.9,1.2,0.523,0.413,27.7
Jalen Brunson,NYK,New York Knicks,2023-24,28,13,15,767.0,515.0,252.0,0.0,0.06706174261018054,0.5588235294117647,2.0,50.0,6.0,0.61,77.0,35.4,28.7,6.7,3.6,0.9,0.2,0.479,0.401,25.6
Fred VanVleet,HOU,Houston Rockets,2023-24,22,11,11,750.0,579.0,171.0,3.10320001986048e-06,0.06715286076076052,0.9393939393939394,11.0,41.0,6.0,0.5,73.0,36.8,17.4,8.1,3.8,1.4,0.8,0.416,0.387,21.2
Dejounte Murray,ATL,Atlanta Hawks,2023-24,26,13,13,747.0,492.0,255.0,0.0,0.06542139218094001,0.8296703296703297,10.0,36.0,6.0,0.439,78.0,35.7,22.5,6.4,5.3,1.4,0.3,0.459,0.363,22.6
Devin Booker,PHX,Phoenix Suns,2023-24,30,14,16,732.0,463.0,269.0,1.6845942964956893e-05,0.05960111807375392,0.6801470588235294,6.0,49.0,6.0,0.598,68.0,36.0,27.1,6.9,4.5,0.9,0.4,0.492,0.364,26.7
Anthony Davis,LAL,Los Angeles Lakers,2023-24,23,12,11,729.0,259.0,470.0,0.0,0.09636599928572627,0.8589743589743589,8.0,47.0,6.0,0.573,76.0,35.5,24.7,3.5,12.6,1.2,2.3,0.556,0.271,33.5
D'Angelo Russell,LAL,Los Angeles Lakers,2023-24,23,11,12,727.0,470.0,257.0,0.0,0.09654741453372681,0.8589743589743589,8.0,47.0,6.0,0.573,76.0,32.7,18.0,6.3,3.1,0.9,0.5,0.456,0.415,18.6
James Harden,LAC,LA Clippers,2023-24,23,11,12,701.0,592.0,109.0,0.0,0.1209595514497151,0.5916666666666667,,,,0.622,72.0,34.3,16.6,8.5,5.1,1.1,0.8,0.428,0.381,22.4
Stephen Curry,GSW,Golden State Warriors,2023-24,26,13,13,696.0,369.0,327.0,0.0,0.1091807015597371,0.9120879120879121,10.0,46.0,6.0,0.561,74.0,32.7,26.4,5.1,4.5,0.7,0.4,0.45,0.408,23.2
Paolo Banchero,ORL,Orlando Magic,2023-24,24,12,12,687.0,425.0,262.0,0.0,0.0965401799254471,0.7802197802197802,5.0,47.0,6.0,0.573,80.0,35.0,22.6,5.4,6.9,0.9,0.6,0.455,0.339,21.7
Trae Young,ATL,Atlanta Hawks,2023-24,23,10,13,684.0,564.0,120.0,5.4926640351530504e-05,0.08751458634351816,0.8296703296703297,10.0,36.0,6.0,0.439,,,,,,,,,,
Tyrese Maxey,PHI,Philadelphia 76ers,2023-24,32,15,17,684.0,421.0,263.0,6.051240038727937e-06,0.04257897515426172,0.6862745098039216,7.0,47.0,6.0,0.573,70.0,37.5,25.9,6.2,3.7,1.0,0.5,0.45,0.373,23.7
Damian Lillard,MIL,Milwaukee Bucks,2023-24,25,13,12,681.0,509.0,172.0,0.0,0.061034899313719956,0.8351648351648352,3.0,49.0,6.0,0.598,73.0,35.3,24.3,7.0,4.4,1.0,0.2,0.424,0.354,23.6
Nikola Vučević,CHI,Chicago Bulls,2023-24,22,11,11,679.0,240.0,439.0,0.0,0.11374712656197662,0.9318181818181818,9.0,39.0,6.0,0.476,76.0,34.3,18.0,3.3,10.5,0.7,0.8,0.484,0.294,23.3
Anthony Edwards,MIN,Minnesota Timberwolves,2023-24,21,10,11,679.0,401.0,278.0,0.0,0.09425241410461642,0.9318181818181818,3.0,56.0,6.0,0.683,79.0,35.1,25.9,5.1,5.4,1.3,0.5,0.461,0.357,23.6
Victor Wembanyama,SAS,San Antonio Spurs,2023-24,22,11,11,666.0,262.0,404.0,0.0,0.10185576483856659,0.9102564102564102,14.0,22.0,6.0,0.268,71.0,29.7,21.4,3.9,10.6,1.2,3.6,0.465,0.325,27.1
Austin Reaves,LAL,Los Angeles Lakers,2023-24,22,11,11,657.0,434.0,223.0,0.0,0.09723881774928489,0.8589743589743589,8.0,47.0,6.0,0.573,82.0,32.1,15.9,5.5,4.3,0.8,0.3,0.486,0.367,18.2
Tyus Jones,WAS,Washington Wizards,2023-24,22,10,12,655.0,480.0,175.0,0.0,0.08078160008238598,0.6323529411764706,14.0,15.0,5.0,0.183,,,,,,,,,,
Shai Gilgeous-Alexander,OKC,Oklahoma City Thunder,2023-24,27,14,13,654.0,463.0,191.0,0.0,0.0947002089720519,0.6078431372549019,1.0,57.0,6.0,0.695,75.0,34.0,30.1,6.2,5.5,2.0,0.9,0.535,0.353,32.2
Alperen Sengun,HOU,Houston Rockets,2023-24,20,10,10,651.0,310.0,341.0,4.65480002979072e-06,0.08811488062743507,0.9393939393939394,11.0,41.0,6.0,0.5,63.0,32.5,21.1,5.0,9.3,1.2,0.7,0.537,0.297,25.9
Kyle Kuzma,WAS,Washington Wizards,2023-24,29,14,15,648.0,289.0,359.0,0.00011481840073483775,0.054993377894409,0.6323529411764706,14.0,15.0,5.0,0.183,70.0,32.6,22.2,4.2,6.6,0.5,0.7,0.463,0.336,20.7
Mike Conley,MIN,Minnesota Timberwolves,2023-24,22,11,11,643.0,446.0,197.0,0.0,0.11764304991526281,0.9318181818181818,3.0,56.0,6.0,0.683,,,,,,,,,,
Coby White,CHI,Chicago Bulls,2023-24,22,11,11,638.0,380.0,258.0,0.0,0.11328579006190935,0.9318181818181818,9.0,39.0,6.0,0.476,79.0,36.5,19.1,5.1,4.5,0.7,0.2,0.447,0.376,18.6
Zion Williamson,NOP,New Orleans Pelicans,2023-24,22,11,11,636.0,348.0,288.0,0.0,0.13401537482245163,0.9545454545454546,7.0,49.0,6.0,0.598,70.0,31.5,22.9,5.0,5.8,1.1,0.7,0.57,0.333,23.9
Jarrett Allen,CLE,Cleveland Cavaliers,2023-24,22,11,11,635.0,210.0,425.0,0.0,0.11859122397339243,0.9102564102564102,4.0,48.0,6.0,0.585,77.0,31.7,16.5,2.7,10.5,0.7,1.1,0.634,0.0,25.0
Cade Cunningham,DET,Detroit Pistons,2023-24,39,20,19,632.0,449.0,183.0,6.0135583242010595e-05,0.03185330103501299,0.5144927536231884,15.0,14.0,5.0,0.171,62.0,33.5,22.7,7.5,4.3,0.9,0.4,0.449,0.355,21.4
Josh Giddey,OKC,Oklahoma City Thunder,2023-24,25,13,12,624.0,379.0,245.0,2.32740001489536e-06,0.09277302777591293,0.6078431372549019,1.0,57.0,6.0,0.695,,,,,,,,,,
Jayson Tatum,BOS,Boston Celtics,2023-24,26,12,14,621.0,359.0,262.0,4.189320026811648e-06,0.055061761667609586,0.6958333333333333,1.0,64.0,6.0,0.78,74.0,35.7,26.9,4.9,8.1,1.0,0.6,0.471,0.376,27.6
DeMar DeRozan,CHI,Chicago Bulls,2023-24,21,10,11,615.0,395.0,220.0,0.0,0.11644779021036016,0.9318181818181818,9.0,39.0,6.0,0.476,79.0,37.8,24.0,5.3,4.3,1.1,0.6,0.48,0.333,23.6
Mikal Bridges,BKN,Brooklyn Nets,2023-24,27,14,13,614.0,283.0,331.0,0.0,0.07799820051347765,0.7208333333333333,11.0,32.0,6.0,0.39,82.0,34.8,19.6,3.6,4.5,1.0,0.4,0.436,0.372,17.5
De'Aaron Fox,SAC,Sacramento Kings,2023-24,20,10,10,608.0,385.0,223.0,0.0,0.08601920349746471,0.9454545454545454,9.0,46.0,6.0,0.561,74.0,35.9,26.6,5.6,4.6,2.0,0.4,0.465,0.369,23.9
Devin Vassell,SAS,San Antonio Spurs,2023-24,23,12,11,606.0,275.0,331.0,0.0,0.09735091942211657,0.9102564102564102,14.0,22.0,6.0,0.268,68.0,33.1,19.5,4.1,3.8,1.1,0.3,0.472,0.372,18.4
Scottie Barnes,TOR,Toronto Raptors,2023-24,36,18,18,604.0,357.0,247.0,0.0,0.04601895743161763,0.6333333333333333,12.0,25.0,6.0,0.305,60.0,34.9,19.9,6.1,8.2,1.3,1.5,0.475,0.341,24.9
Derrick White,BOS,Boston Celtics,2023-24,27,14,13,601.0,368.0,233.0,9.961272063752141e-05,0.04568265646118933,0.6958333333333333,1.0,64.0,6.0,0.78,73.0,32.6,15.2,5.2,4.2,1.0,1.2,0.461,0.396,18.8
Tre Jones,SAS,San Antonio Spurs,2023-24,24,12,12,598.0,456.0,142.0,0.0,0.10548830771426125,0.9102564102564102,14.0,22.0,6.0,0.268,,,,,,,,,,
Collin Sexton,UTA,Utah Jazz,2023-24,26,13,13,598.0,352.0,246.0,0.0,0.09206455489904175,0.8846153846153846,12.0,31.0,6.0,0.378,78.0,26.6,18.7,4.9,2.6,0.8,0.2,0.487,0.394,17.7
Brandon Ingram,NOP,New Orleans Pelicans,2023-24,22,11,11,580.0,350.0,230.0,0.0,0.12848010559741796,0.9545454545454546,7.0,49.0,6.0,0.598,64.0,32.9,20.8,5.7,5.1,0.8,0.6,0.492,0.355,21.4
Miles Bridges,CHA,Charlotte Hornets,2023-24,38,19,19,573.0,222.0,351.0,0.0,0.03149746970793354,0.6236842105263158,13.0,21.0,6.0,0.256,69.0,37.4,21.0,3.3,7.3,0.9,0.5,0.462,0.349,21.1
Jalen Williams,OKC,Oklahoma City Thunder,2023-24,27,13,14,572.0,320.0,252.0,0.0,0.0796706731525232,0.6078431372549019,1.0,57.0,6.0,0.695,71.0,31.3,19.1,4.5,4.0,1.1,0.6,0.54,0.427,20.6
Donte DiVincenzo,NYK,New York Knicks,2023-24,29,15,14,572.0,216.0,356.0,1.318860008440704e-05,0.050903759032867826,0.5588235294117647,2.0,50.0,6.0,0.61,81.0,29.1,15.5,2.7,3.7,1.3,0.4,0.443,0.401,15.0
Klay Thompson,GSW,Golden State Warriors,2023-24,26,13,13,568.0,169.0,399.0,0.0,0.1082961643581966,0.9120879120879121,10.0,46.0,6.0,0.561,77.0,29.7,17.9,2.3,3.3,0.6,0.5,0.432,0.387,14.5
Chet Holmgren,OKC,Oklahoma City Thunder,2023-24,25,13,12,568.0,199.0,369.0,3.4135200218465287e-06,0.07786066826974931,0.6078431372549019,1.0,57.0,6.0,0.695,82.0,29.4,16.5,2.4,7.9,0.6,2.3,0.53,0.37,22.1
Paul George,LAC,LA Clippers,2023-24,23,12,11,568.0,247.0,321.0,0.0,0.09366360834141178,0.5916666666666667,,,,0.622,74.0,33.8,22.6,3.5,5.2,1.5,0.5,0.471,0.413,22.1
Bam Adebayo,MIA,Miami Heat,2023-24,26,13,13,566.0,272.0,294.0,0.0,0.07363476395775242,0.8523809523809524,8.0,46.0,6.0,0.561,71.0,34.0,19.3,3.9,10.4,1.1,0.9,0.521,0.357,25.1
CJ McCollum,NOP,New Orleans Pelicans,2023-24,22,11,11,564.0,302.0,262.0,0.0,0.10894405912894715,0.9545454545454546,7.0,49.0,6.0,0.598,66.0,32.7,20.0,4.6,4.3,0.9,0.6,0.459,0.429,19.9
Bogdan Bogdanović,ATL,Atlanta Hawks,2023-24,26,13,13,560.0,237.0,323.0,0.0,0.06241779161004443,0.8296703296703297,10.0,36.0,6.0,0.439,79.0,30.4,16.9,3.1,3.4,1.2,0.3,0.428,0.374,15.4
Jordan Poole,WAS,Washington Wizards,2023-24,30,15,15,555.0,313.0,242.0,0.0,0.05928569375349148,0.6323529411764706,14.0,15.0,5.0,0.183,78.0,30.1,17.4,4.4,2.7,1.1,0.3,0.413,0.326,14.2
Kyrie Irving,DAL,Dallas Mavericks,2023-24,26,13,13,544.0,292.0,252.0,0.0,0.04819486076606766,0.7166666666666667,5.0,50.0,6.0,0.61,58.0,35.0,25.6,5.2,5.0,1.3,0.5,0.497,0.411,25.6
Karl-Anthony Towns,MIN,Minnesota Timberwolves,2023-24,22,11,11,541.0,189.0,352.0,0.0,0.1029362741612346,0.9318181818181818,3.0,56.0,6.0,0.683,62.0,32.7,21.8,3.0,8.3,0.7,0.7,0.504,0.416,23.4
Jaylen Brown,BOS,Boston Celtics,2023-24,22,11,11,540.0,247.0,293.0,0.0,0.063151094752648,0.6958333333333333,1.0,64.0,6.0,0.78,70.0,33.5,23.0,3.6,5.5,1.2,0.5,0.499,0.354,21.2
Jamal Murray,DEN,Denver Nuggets,2023-24,19,9,10,540.0,355.0,185.0,0.0,0.10933554735068311,0.7878787878787878,2.0,57.0,6.0,0.695,59.0,31.5,21.2,6.5,4.1,1.0,0.7,0.481,0.425,22.2
Michael Porter Jr.,DEN,Denver Nuggets,2023-24,20,10,10,539.0,116.0,423.0,0.0,0.11247598799495861,0.7878787878787878,2.0,57.0,6.0,0.695,81.0,31.7,16.7,1.5,7.0,0.5,0.7,0.484,0.397,18.2
Malik Monk,SAC,Sacramento Kings,2023-24,20,10,10,538.0,323.0,215.0,0.0,0.08265652067264384,0.9454545454545454,9.0,46.0,6.0,0.561,72.0,26.0,15.4,5.1,2.9,0.6,0.5,0.443,0.35,15.2
Kawhi Leonard,LAC,LA Clippers,2023-24,25,12,13,537.0,241.0,296.0,9.30960005958144e-05,0.06722745757259924,0.5916666666666667,,,,0.622,68.0,34.3,23.7,3.6,6.1,1.6,0.9,0.525,0.417,25.6
Darius Garland,CLE,Cleveland Cavaliers,2023-24,24,12,12,536.0,368.0,168.0,0.0,0.09863039619620431,0.9102564102564102,4.0,48.0,6.0,0.585,,,,,,,,,,
Josh Hart,NYK,New York Knicks,2023-24,29,14,15,534.0,328.0,206.0,9.196554916000808e-05,0.04961568086339971,0.5588235294117647,2.0,50.0,6.0,0.61,,,,,,,,,,
Max Strus,CLE,Cleveland Cavaliers,2023-24,23,11,12,527.0,276.0,251.0,0.0,0.08747382865192128,0.9102564102564102,4.0,48.0,6.0,0.585,,,,,,,,,,
Caris LeVert,CLE,Cleveland Cavaliers,2023-24,24,12,12,521.0,342.0,179.0,0.0,0.09272148420416823,0.9102564102564102,4.0,48.0,6.0,0.585,68.0,28.8,14.0,5.1,4.1,1.1,0.5,0.421,0.325,15.4
Franz Wagner,ORL,Orlando Magic,2023-24,23,11,12,521.0,267.0,254.0,0.0,0.07973296318835521,0.7802197802197802,5.0,47.0,6.0,0.573,72.0,32.5,19.7,3.7,5.3,1.1,0.4,0.482,0.281,19.8
Jrue Holiday,BOS,Boston Celtics,2023-24,24,11,13,519.0,330.0,189.0,0.0,0.07397917283548122,0.6958333333333333,1.0,64.0,6.0,0.78,69.0,32.8,12.5,4.8,5.4,0.9,0.8,0.48,0.429,17.2
Jalen Green,HOU,Houston Rockets,2023-24,22,11,11,519.0,287.0,232.0,0.0,0.07101036514198282,0.9393939393939394,11.0,41.0,6.0,0.5,82.0,31.7,19.6,3.5,5.2,0.8,0.3,0.423,0.332,16.9
Donovan Mitchell,CLE,Cleveland Cavaliers,2023-24,22,11,11,516.0,335.0,181.0,0.0,0.10129648550881426,0.9102564102564102,4.0,48.0,6.0,0.585,,,,,,,,,,
Deni Avdija,WAS,Washington Wizards,2023-24,29,14,15,507.0,266.0,241.0,1.241280007944192e-05,0.056069970618178165,0.6323529411764706,14.0,15.0,5.0,0.183,75.0,30.1,14.7,3.8,7.2,0.8,0.5,0.506,0.374,18.6
Jusuf Nurkić,PHX,Phoenix Suns,2023-24,22,10,12,504.0,293.0,211.0,4.965120031776769e-06,0.07167636846747527,0.6801470588235294,6.0,49.0,6.0,0.598,,,,,,,,,,
Jaden Ivey,DET,Detroit Pistons,2023-24,43,22,21,503.0,276.0,227.0,7.155092617221164e-05,0.0278117494338054,0.5144927536231884,15.0,14.0,5.0,0.171,77.0,28.8,15.4,3.8,3.4,0.7,0.5,0.429,0.336,13.3
T.J. McConnell,IND,Indiana Pacers,2023-24,30,15,15,503.0,390.0,113.0,0.0,0.06925354486579477,0.7279411764705882,6.0,47.0,6.0,0.573,,,,,,,,,,
Myles Turner,IND,Indiana Pacers,2023-24,24,13,11,501.0,100.0,401.0,1.349892008639309e-05,0.05007610601266275,0.7279411764705882,6.0,47.0,6.0,0.573,77.0,27.0,17.1,1.3,6.9,0.5,1.9,0.524,0.358,19.7
Aaron Gordon,DEN,Denver Nuggets,2023-24,20,10,10,498.0,247.0,251.0,0.0,0.09934316883495661,0.7878787878787878,2.0,57.0,6.0,0.695,73.0,31.5,13.9,3.5,6.5,0.8,0.6,0.556,0.29,18.2
Jimmy Butler III,MIA,Miami Heat,2023-24,28,14,14,488.0,292.0,196.0,0.0,0.05948983902746891,0.8523809523809524,8.0,46.0,6.0,0.561,60.0,34.0,20.8,5.0,5.3,1.3,0.3,0.499,0.414,23.2
Keegan Murray,SAC,Sacramento Kings,2023-24,20,10,10,486.0,124.0,362.0,0.0,0.06136903525905434,0.9454545454545454,9.0,46.0,6.0,0.561,77.0,33.6,15.2,1.7,5.5,1.0,0.8,0.454,0.358,16.1
Joel Embiid,PHI,Philadelphia 76ers,2023-24,27,14,13,465.0,215.0,250.0,0.00019625523554174778,0.039955845135935975,0.6862745098039216,7.0,47.0,6.0,0.573,,,,,,,,,,
Lauri Markkanen,UTA,Utah Jazz,2023-24,25,12,13,464.0,110.0,354.0,0.0,0.07914735031415356,0.8846153846153846,12.0,31.0,6.0,0.378,,,,,,,,,,
Brandon Miller,CHA,Charlotte Hornets,2023-24,36,18,18,464.0,168.0,296.0,0.0,0.039231553179590394,0.6236842105263158,13.0,21.0,6.0,0.256,74.0,32.2,17.3,2.4,4.3,0.9,0.6,0.44,0.373,15.0
Grayson Allen,PHX,Phoenix Suns,2023-24,24,11,13,464.0,217.0,247.0,0.0,0.0566576755896201,0.6801470588235294,6.0,49.0,6.0,0.598,75.0,33.5,13.5,3.0,3.9,0.9,0.6,0.499,0.461,15.9
Jeremy Sochan,SAS,San Antonio Spurs,2023-24,22,10,12,463.0,244.0,219.0,0.0,0.07733665158994674,0.9102564102564102,14.0,22.0,6.0,0.268,,,,,,,,,,
Jalen Johnson,ATL,Atlanta Hawks,2023-24,25,12,13,460.0,198.0,262.0,3.273876020952806e-05,0.055560803335446905,0.8296703296703297,10.0,36.0,6.0,0.439,,,,,,,,,,
Draymond Green,GSW,Golden State Warriors,2023-24,24,12,12,459.0,315.0,144.0,2.7662811605613425e-05,0.07892390019357645,0.9120879120879121,10.0,46.0,6.0,0.561,,,,,,,,,,
Keyonte George,UTA,Utah Jazz,2023-24,26,13,13,458.0,304.0,154.0,0.0,0.0822119254326014,0.8846153846153846,12.0,31.0,6.0,0.378,75.0,27.0,13.0,4.4,2.8,0.5,0.1,0.391,0.334,11.2
Chris Paul,GSW,Golden State Warriors,2023-24,22,11,11,454.0,381.0,73.0,0.0,0.12885569779628114,0.9120879120879121,10.0,46.0,6.0,0.561,,,,,,,,,,
Tobias Harris,PHI,Philadelphia 76ers,2023-24,33,16,17,448.0,210.0,238.0,0.00013592016086988904,0.03690752508038183,0.6862745098039216,7.0,47.0,6.0,0.573,70.0,33.8,17.2,3.1,6.5,1.0,0.7,0.487,0.353,19.8
Reggie Jackson,DEN,Denver Nuggets,2023-24,20,10,10,447.0,289.0,158.0,0.0,0.07588899093365972,0.7878787878787878,2.0,57.0,6.0,0.695,,,,,,,,,,
Corey Kispert,WAS,Washington Wizards,2023-24,30,15,15,444.0,138.0,306.0,1.861920011916288e-05,0.05580677963827585,0.6323529411764706,14.0,15.0,5.0,0.183,80.0,25.8,13.4,2.0,2.8,0.5,0.2,0.486,0.383,12.0
Dennis Schröder,TOR,Toronto Raptors,2023-24,30,14,16,443.0,308.0,135.0,1.039572006653261e-05,0.04325388673620601,0.6333333333333333,12.0,25.0,6.0,0.305,80.0,31.1,14.0,6.1,3.0,0.8,0.2,0.435,0.375,15.3
Payton Pritchard,BOS,Boston Celtics,2023-24,29,14,15,442.0,279.0,163.0,0.0,0.04209044655682851,0.6958333333333333,1.0,64.0,6.0,0.78,,,,,,,,,,
Ayo Dosunmu,CHI,Chicago Bulls,2023-24,22,11,11,441.0,221.0,220.0,0.0,0.09103116047352615,0.9318181818181818,9.0,39.0,6.0,0.476,,,,,,,,,,
Bradley Beal,PHX,Phoenix Suns,2023-24,28,14,14,440.0,247.0,193.0,0.00013674029230370928,0.04485064689749395,0.6801470588235294,6.0,49.0,6.0,0.598,,,,,,,,,,
Jonathan Kuminga,GSW,Golden State Warriors,2023-24,26,13,13,439.0,159.0,280.0,0.0,0.09145761630601397,0.9120879120879121,10.0,46.0,6.0,0.561,74.0,26.3,16.1,2.2,4.8,0.7,0.5,0.529,0.321,16.1
Khris Middleton,MIL,Milwaukee Bucks,2023-24,25,12,13,438.0,289.0,149.0,2.560140016384896e-05,0.04855689623527052,0.8351648351648352,3.0,49.0,6.0,0.598,,,,,,,,,,
Scoot Henderson,POR,Portland Trail Blazers,2023-24,29,15,14,437.0,328.0,109.0,0.0,0.05978134014003272,0.6911764705882353,15.0,21.0,6.0,0.256,62.0,28.5,14.0,5.4,3.1,0.8,0.2,0.385,0.325,11.6
Brook Lopez,MIL,Milwaukee Bucks,2023-24,22,11,11,435.0,126.0,309.0,0.0,0.07477338363661669,0.8351648351648352,3.0,49.0,6.0,0.598,79.0,30.5,12.5,1.6,5.2,0.5,2.4,0.485,0.366,16.0
Kyle Anderson,MIN,Minnesota Timberwolves,2023-24,22,11,11,431.0,325.0,106.0,0.0,0.05558132167643635,0.9318181818181818,3.0,56.0,6.0,0.683,,,,,,,,,,
Jonas Valančiūnas,NOP,New Orleans Pelicans,2023-24,20,10,10,427.0,170.0,257.0,0.0,0.09972963729090986,0.9545454545454546,7.0,49.0,6.0,0.598,,,,,,,,,,
Russell Westbrook,LAC,LA Clippers,2023-24,24,11,13,426.0,295.0,131.0,8.688960055609344e-05,0.04668259072000473,0.5916666666666667,,,,0.622,,,,,,,,,,
Keldon Johnson,SAS,San Antonio Spurs,2023-24,23,12,11,424.0,191.0,233.0,0.0,0.07592263508805605,0.9102564102564102,14.0,22.0,6.0,0.268,69.0,29.5,15.7,2.8,5.5,0.7,0.3,0.454,0.346,16.1
Kristaps Porziņģis,BOS,Boston Celtics,2023-24,18,9,9,422.0,114.0,308.0,4.034160025818625e-06,0.07193158115341411,0.6958333333333333,1.0,64.0,6.0,0.78,,,,,,,,,,
Julius Randle,NYK,New York Knicks,2023-24,23,11,12,422.0,225.0,197.0,3.7703880241304835e-05,0.057404933498207654,0.5588235294117647,2.0,50.0,6.0,0.61,,,,,,,,,,
Duncan Robinson,MIA,Miami Heat,2023-24,24,12,12,422.0,181.0,241.0,0.0,0.06852745413892186,0.8523809523809524,8.0,46.0,6.0,0.561,68.0,28.0,12.9,2.8,2.5,0.7,0.2,0.45,0.395,12.1
Tim Hardaway Jr.,DAL,Dallas Mavericks,2023-24,28,14,14,421.0,130.0,291.0,0.0,0.03786744714159598,0.7166666666666667,5.0,50.0,6.0,0.61,79.0,26.8,14.4,1.8,3.2,0.5,0.1,0.402,0.353,11.4
Brandin Podziemski,GSW,Golden State Warriors,2023-24,26,13,13,421.0,256.0,165.0,0.0,0.08457491007570352,0.9120879120879121,10.0,46.0,6.0,0.561,,,,,,,,,,
Jordan Clarkson,UTA,Utah Jazz,2023-24,25,12,13,421.0,269.0,152.0,0.0002094660013405824,0.06831191411263135,0.8846153846153846,12.0,31.0,6.0,0.378,,,,,,,,,,
Naz Reid,MIN,Minnesota Timberwolves,2023-24,22,11,11,421.0,105.0,316.0,0.0,0.07430697465031125,0.9318181818181818,3.0,56.0,6.0,0.683,81.0,24.2,13.5,1.3,5.2,0.8,0.9,0.477,0.414,14.3
Jalen Suggs,ORL,Orlando Magic,2023-24,24,12,12,415.0,199.0,216.0,0.0,0.06748978715451573,0.7802197802197802,5.0,47.0,6.0,0.573,75.0,27.0,12.6,2.7,3.1,1.4,0.6,0.471,0.397,13.1
Andrew Nembhard,IND,Indiana Pacers,2023-24,27,13,14,413.0,275.0,138.0,0.00018554919547322915,0.04434935185206154,0.7279411764705882,6.0,47.0,6.0,0.573,,,,,,,,,,
Obi Toppin,IND,Indiana Pacers,2023-24,30,15,15,411.0,128.0,283.0,0.0,0.04543676789659408,0.7279411764705882,6.0,47.0,6.0,0.573,,,,,,,,,,
Herbert Jones,NOP,New Orleans Pelicans,2023-24,22,11,11,410.0,195.0,215.0,0.0,0.09727881862486121,0.9545454545454546,7.0,49.0,6.0,0.598,,,,,,,,,,
Jaren Jackson Jr.,MEM,Memphis Grizzlies,2023-24,33,16,17,407.0,139.0,268.0,2.187329750262647e-05,0.03698067599454878,0.7222222222222222,13.0,27.0,6.0,0.329,66.0,32.2,22.5,2.3,5.5,1.2,1.6,0.444,0.32,19.8
Cam Thomas,BKN,Brooklyn Nets,2023-24,27,14,13,406.0,178.0,228.0,9.030312057793999e-05,0.06145540155677874,0.7208333333333333,11.0,32.0,6.0,0.39,66.0,31.4,22.5,2.9,3.2,0.7,0.2,0.442,0.364,16.9
Zach Collins,SAS,San Antonio Spurs,2023-24,21,11,10,405.0,185.0,220.0,0.0,0.0834938659332243,0.9102564102564102,14.0,22.0,6.0,0.268,,,,,,,,,,
Bobby Portis,MIL,Milwaukee Bucks,2023-24,25,13,12,402.0,103.0,299.0,0.0,0.051761210372052883,0.8351648351648352,3.0,49.0,6.0,0.598,82.0,24.5,13.8,1.3,7.4,0.8,0.4,0.508,0.407,16.8
Alex Caruso,CHI,Chicago Bulls,2023-24,22,11,11,401.0,234.0,167.0,0.0,0.08169286729543963,0.9318181818181818,9.0,39.0,6.0,0.476,,,,,,,,,,
Kentavious Caldwell-Pope,DEN,Denver Nuggets,2023-24,18,10,8,395.0,177.0,218.0,9.30960005958144e-06,0.08119178695227748,0.7878787878787878,2.0,57.0,6.0,0.695,,,,,,,,,,
Deandre Ayton,POR,Portland Trail Blazers,2023-24,26,14,12,393.0,87.0,306.0,0.0,0.06526608890899495,0.6911764705882353,15.0,21.0,6.0,0.256,,,,,,,,,,
Evan Mobley,CLE,Cleveland Cavaliers,2023-24,23,11,12,392.0,158.0,234.0,6.516720041707009e-05,0.07645330270059209,0.9102564102564102,4.0,48.0,6.0,0.585,,,,,,,,,,
Nic Claxton,BKN,Brooklyn Nets,2023-24,23,11,12,390.0,136.0,254.0,0.0,0.07683864465392584,0.7208333333333333,11.0,32.0,6.0,0.39,,,,,,,,,,
Jabari Smith Jr.,HOU,Houston Rockets,2023-24,22,11,11,389.0,115.0,274.0,4.499640028797697e-05,0.06316843129814764,0.9393939393939394,11.0,41.0,6.0,0.5,76.0,31.9,13.7,1.6,8.1,0.7,0.8,0.454,0.363,17.3
Nickeil Alexander-Walker,MIN,Minnesota Timberwolves,2023-24,22,11,11,387.0,200.0,187.0,0.0,0.08145945535422423,0.9318181818181818,3.0,56.0,6.0,0.683,,,,,,,,,,
Malik Beasley,MIL,Milwaukee Bucks,2023-24,23,11,12,384.0,107.0,277.0,7.7580000496512e-06,0.06429384315450166,0.8351648351648352,3.0,49.0,6.0,0.598,,,,,,,,,,
Rudy Gobert,MIN,Minnesota Timberwolves,2023-24,21,11,10,381.0,103.0,278.0,0.0,0.0766812118695305,0.9318181818181818,3.0,56.0,6.0,0.683,76.0,34.1,14.0,1.3,12.9,0.7,2.1,0.661,0.0,24.9
Jaime Jaquez Jr.,MIA,Miami Heat,2023-24,27,13,14,380.0,183.0,197.0,0.0,0.054445857199729754,0.8523809523809524,8.0,46.0,6.0,0.561,,,,,,,,,,
John Collins,UTA,Utah Jazz,2023-24,24,13,11,379.0,76.0,303.0,9.30960005958144e-06,0.0778403880374924,0.8846153846153846,12.0,31.0,6.0,0.378,68.0,28.0,15.1,1.1,8.5,0.6,0.9,0.532,0.371,19.0
Cole Anthony,ORL,Orlando Magic,2023-24,23,11,12,379.0,232.0,147.0,0.0,0.06396023437630559,0.7802197802197802,5.0,47.0,6.0,0.573,,,,,,,,,,
Pascal Siakam,TOR,Toronto Raptors,2023-24,27,13,14,378.0,186.0,192.0,0.0,0.044867542710773804,0.6333333333333333,12.0,25.0,6.0,0.305,80.0,33.2,21.7,4.3,7.1,0.8,0.3,0.536,0.346,23.7
Jerami Grant,POR,Portland Trail Blazers,2023-24,26,14,12,374.0,149.0,225.0,0.0,0.04522444755574326,0.6911764705882353,15.0,21.0,6.0,0.256,,,,,,,,,,
Jalen Duren,DET,Detroit Pistons,2023-24,32,18,14,372.0,141.0,231.0,0.00024510477585438486,0.02602027056552261,0.5144927536231884,15.0,14.0,5.0,0.171,61.0,29.1,13.8,2.4,11.6,0.5,0.8,0.619,0.0,22.9
Rui Hachimura,LAL,Los Angeles Lakers,2023-24,22,11,11,372.0,79.0,293.0,0.0,0.04527508488259353,0.8589743589743589,8.0,47.0,6.0,0.573,68.0,26.8,13.6,1.2,4.3,0.6,0.4,0.537,0.422,14.3
Gary Trent Jr.,TOR,Toronto Raptors,2023-24,37,19,18,368.0,113.0,255.0,0.0,0.0329530234758353,0.6333333333333333,12.0,25.0,6.0,0.305,71.0,28.1,13.7,1.7,2.6,1.1,0.1,0.426,0.393,11.5
Anfernee Simons,POR,Portland Trail Blazers,2023-24,25,13,12,367.0,241.0,126.0,0.0,0.061550162372170106,0.6911764705882353,15.0,21.0,6.0,0.256,,,,,,,,,,
Aaron Nesmith,IND,Indiana Pacers,2023-24,26,14,12,364.0,108.0,256.0,0.0,0.049011796688283475,0.7279411764705882,6.0,47.0,6.0,0.573,,,,,,,,,,
Kevin Huerter,SAC,Sacramento Kings,2023-24,18,8,10,363.0,153.0,210.0,4.65480002979072e-05,0.06415294041557068,0.9454545454545454,9.0,46.0,6.0,0.561,,,,,,,,,,
Norman Powell,LAC,LA Clippers,2023-24,25,13,12,359.0,80.0,279.0,4.422060028301184e-05,0.046926365054017254,0.5916666666666667,,,,0.622,76.0,26.2,13.9,1.1,2.6,0.6,0.3,0.486,0.435,11.9
Immanuel Quickley,TOR,Toronto Raptors,2023-24,32,16,16,357.0,246.0,111.0,0.00021722400139023365,0.03726583586652517,0.6333333333333333,12.0,25.0,6.0,0.305,68.0,29.2,17.0,4.9,3.8,0.7,0.1,0.434,0.395,17.1
Dillon Brooks,HOU,Houston Rockets,2023-24,21,10,11,356.0,116.0,240.0,0.0,0.05712890186486162,0.9393939393939394,11.0,41.0,6.0,0.5,72.0,30.9,12.7,1.7,3.4,0.9,0.1,0.428,0.359,11.2
Harrison Barnes,SAC,Sacramento Kings,2023-24,19,9,10,355.0,98.0,257.0,1.55160000993024e-05,0.05975290234417181,0.9454545454545454,9.0,46.0,6.0,0.561,,,,,,,,,,
Tyler Herro,MIA,Miami Heat,2023-24,26,13,13,354.0,176.0,178.0,0.0,0.05822071435325613,0.8523809523809524,8.0,46.0,6.0,0.561,,,,,,,,,,
Moritz Wagner,ORL,Orlando Magic,2023-24,23,12,11,352.0,88.0,264.0,3.723840023832576e-05,0.040239464291982795,0.7802197802197802,5.0,47.0,6.0,0.573,,,,,,,,,,
Eric Gordon,PHX,Phoenix Suns,2023-24,28,14,14,351.0,133.0,218.0,0.0,0.0501964631493567,0.6801470588235294,6.0,49.0,6.0,0.598,,,,,,,,,,
Luguentz Dort,OKC,Oklahoma City Thunder,2023-24,26,14,12,349.0,112.0,237.0,6.982200044686081e-06,0.05094690236212249,0.6078431372549019,1.0,57.0,6.0,0.695,,,,,,,,,,
Spencer Dinwiddie,BKN,Brooklyn Nets,2023-24,20,9,11,348.0,276.0,72.0,0.0,0.09294484118062643,0.7208333333333333,11.0,32.0,6.0,0.39,,,,,,,,,,
Andrew Wiggins,GSW,Golden State Warriors,2023-24,23,11,12,345.0,116.0,229.0,9.189905201672537e-05,0.05883513147973735,0.9120879120879121,10.0,46.0,6.0,0.561,71.0,27.0,13.2,1.7,4.5,0.6,0.6,0.453,0.358,12.7
Pascal Siakam,IND,Indiana Pacers,2023-24,25,12,13,344.0,152.0,192.0,0.0,0.05486905095405099,0.7279411764705882,6.0,47.0,6.0,0.573,80.0,33.2,21.7,4.3,7.1,0.8,0.3,0.536,0.346,23.7
Al Horford,BOS,Boston Celtics,2023-24,22,10,12,341.0,160.0,181.0,1.582632010128845e-05,0.05285578905123214,0.6958333333333333,1.0,64.0,6.0,0.78,,,,,,,,,,
Isaiah Hartenstein,NYK,New York Knicks,2023-24,25,12,13,341.0,187.0,154.0,0.0002649246188383747,0.041611173018937984,0.5588235294117647,2.0,50.0,6.0,0.61,,,,,,,,,,
Cameron Johnson,BKN,Brooklyn Nets,2023-24,25,12,13,340.0,134.0,206.0,0.0,0.06760740919444726,0.7208333333333333,11.0,32.0,6.0,0.39,58.0,27.6,13.4,2.4,4.3,0.8,0.3,0.446,0.391,13.9
Ivica Zubac,LAC,LA Clippers,2023-24,18,10,8,340.0,91.0,249.0,0.0,0.06166332787087952,0.5916666666666667,,,,0.622,,,,,,,,,,
Trey Murphy III,NOP,New Orleans Pelicans,2023-24,21,10,11,339.0,122.0,217.0,0.0,0.09437818132995664,0.9545454545454546,7.0,49.0,6.0,0.598,,,,,,,,,,
Taurean Prince,LAL,Los Angeles Lakers,2023-24,22,10,12,338.0,118.0,220.0,6.20640003972096e-06,0.060465926097402284,0.8589743589743589,8.0,47.0,6.0,0.573,,,,,,,,,,
Kelly Oubre Jr.,PHI,Philadelphia 76ers,2023-24,30,15,15,335.0,99.0,236.0,0.0,0.0360932961369231,0.6862745098039216,7.0,47.0,6.0,0.573,68.0,30.2,15.4,1.5,5.0,1.1,0.7,0.441,0.311,14.4
Georges Niang,CLE,Cleveland Cavaliers,2023-24,24,12,12,334.0,94.0,240.0,0.0,0.08101253014131493,0.9102564102564102,4.0,48.0,6.0,0.585,,,,,,,,,,
Malaki Branham,SAS,San Antonio Spurs,2023-24,23,12,11,334.0,142.0,192.0,0.0,0.06757014241530981,0.9102564102564102,14.0,22.0,6.0,0.268,,,,,,,,,,
Clint Capela,ATL,Atlanta Hawks,2023-24,20,11,9,328.0,90.0,238.0,1.9395000124128e-05,0.04581828728782649,0.8296703296703297,10.0,36.0,6.0,0.439,,,,,,,,,,
Isaac Okoro,CLE,Cleveland Cavaliers,2023-24,23,11,12,327.0,126.0,201.0,0.0,0.05764878349691332,0.9102564102564102,4.0,48.0,6.0,0.585,,,,,,,,,,
Buddy Hield,IND,Indiana Pacers,2023-24,25,12,13,327.0,136.0,191.0,0.0,0.0576457803527329,0.7279411764705882,6.0,47.0,6.0,0.573,,,,,,,,,,
Desmond Bane,MEM,Memphis Grizzlies,2023-24,30,14,16,324.0,202.0,122.0,2.3875032020932073e-05,0.029732806124843476,0.7222222222222222,13.0,27.0,6.0,0.329,,,,,,,,,,
Jaden McDaniels,MIN,Minnesota Timberwolves,2023-24,21,10,11,321.0,99.0,222.0,6.051240038727937e-05,0.06668062930747767,0.9318181818181818,3.0,56.0,6.0,0.683,,,,,,,,,,
Jakob Poeltl,TOR,Toronto Raptors,2023-24,22,12,10,320.0,124.0,196.0,0.00017503156397734489,0.035489348070179685,0.6333333333333333,12.0,25.0,6.0,0.305,,,,,,,,,,
RJ Barrett,TOR,Toronto Raptors,2023-24,29,15,14,314.0,129.0,185.0,0.0,0.03945194401030638,0.6333333333333333,12.0,25.0,6.0,0.305,58.0,31.7,20.2,3.3,5.4,0.5,0.4,0.495,0.36,18.6
Santi Aldama,MEM,Memphis Grizzlies,2023-24,33,17,16,311.0,130.0,181.0,3.956580025322112e-05,0.03136216353620538,0.7222222222222222,13.0,27.0,6.0,0.329,,,,,,,,,,
De'Andre Hunter,ATL,Atlanta Hawks,2023-24,23,11,12,311.0,88.0,223.0,8.844120056602369e-06,0.04920483421899584,0.8296703296703297,10.0,36.0,6.0,0.439,,,,,,,,,,
Kris Dunn,UTA,Utah Jazz,2023-24,24,11,13,310.0,244.0,66.0,0.0,0.06945692964807369,0.8846153846153846,12.0,31.0,6.0,0.378,,,,,,,,,,
Marcus Sasser,DET,Detroit Pistons,2023-24,44,22,22,306.0,217.0,89.0,0.00019717880697623006,0.018620690944742446,0.5144927536231884,15.0,14.0,5.0,0.171,,,,,,,,,,
Sam Hauser,BOS,Boston Celtics,2023-24,29,14,15,306.0,78.0,228.0,5.135796032869095e-05,0.027871750489295705,0.6958333333333333,1.0,64.0,6.0,0.78,,,,,,,,,,
Malcolm Brogdon,POR,Portland Trail Blazers,2023-24,22,11,11,305.0,210.0,95.0,6.982200044686081e-06,0.05058602525144141,0.6911764705882353,15.0,21.0,6.0,0.256,,,,,,,,,,
Kelly Olynyk,UTA,Utah Jazz,2023-24,21,9,12,301.0,215.0,86.0,1.4740200094337281e-05,0.057089041680547514,0.8846153846153846,12.0,31.0,6.0,0.378,,,,,,,,,,
Caleb Martin,MIA,Miami Heat,2023-24,28,14,14,299.0,137.0,162.0,0.0,0.04697211850427704,0.8523809523809524,8.0,46.0,6.0,0.561,,,,,,,,,,
Bennedict Mathurin,IND,Indiana Pacers,2023-24,27,14,13,299.0,115.0,184.0,0.0,0.049031138992812216,0.7279411764705882,6.0,47.0,6.0,0.573,59.0,26.1,14.5,2.0,4.0,0.6,0.2,0.446,0.374,12.8
Terry Rozier,CHA,Charlotte Hornets,2023-24,25,12,13,293.0,189.0,104.0,0.0,0.03761218802641934,0.6236842105263158,13.0,21.0,6.0,0.256,61.0,33.4,19.8,5.6,4.0,1.0,0.3,0.443,0.363,19.5
Isaiah Joe,OKC,Oklahoma City Thunder,2023-24,27,15,12,292.0,98.0,194.0,0.00021753432139221966,0.0473600115077463,0.6078431372549019,1.0,57.0,6.0,0.695,,,,,,,,,,
Terance Mann,LAC,LA Clippers,2023-24,23,12,11,289.0,113.0,176.0,0.0,0.06341042668389427,0.5916666666666667,,,,0.622,,,,,,,,,,
Cason Wallace,OKC,Oklahoma City Thunder,2023-24,28,14,14,284.0,119.0,165.0,6.982200044686081e-06,0.04688926567358956,0.6078431372549019,1.0,57.0,6.0,0.695,,,,,,,,,,
Pat Connaughton,MIL,Milwaukee Bucks,2023-24,25,12,13,281.0,159.0,122.0,0.0,0.04653345345818843,0.8351648351648352,3.0,49.0,6.0,0.598,,,,,,,,,,
Dario Šarić,GSW,Golden State Warriors,2023-24,26,13,13,279.0,138.0,141.0,0.0,0.06338340331632346,0.9120879120879121,10.0,46.0,6.0,0.561,,,,,,,,,,
Joe Ingles,ORL,Orlando Magic,2023-24,23,11,12,279.0,201.0,78.0,0.0,0.04646746325666961,0.7802197802197802,5.0,47.0,6.0,0.573,,,,,,,,,,
Vince Williams Jr.,MEM,Memphis Grizzlies,2023-24,34,16,18,278.0,167.0,111.0,0.0,0.02772660703922597,0.7222222222222222,13.0,27.0,6.0,0.329,,,,,,,,,,
Saddiq Bey,ATL,Atlanta Hawks,2023-24,23,12,11,278.0,88.0,190.0,3.739356023931879e-05,0.04675973990074763,0.8296703296703297,10.0,36.0,6.0,0.439,63.0,32.7,13.7,1.5,6.5,0.8,0.2,0.416,0.316,14.8
Ausar Thompson,DET,Detroit Pistons,2023-24,32,15,17,278.0,117.0,161.0,6.79083604346135e-05,0.024387007112755855,0.5144927536231884,15.0,14.0,5.0,0.171,,,,,,,,,,
Christian Braun,DEN,Denver Nuggets,2023-24,20,10,10,274.0,121.0,153.0,0.0,0.07519414029364976,0.7878787878787878,2.0,57.0,6.0,0.695,,,,,,,,,,
Wendell Carter Jr.,ORL,Orlando Magic,2023-24,20,11,9,273.0,95.0,178.0,5.197860033266305e-05,0.058963160270437284,0.7802197802197802,5.0,47.0,6.0,0.573,,,,,,,,,,
Dorian Finney-Smith,BKN,Brooklyn Nets,2023-24,24,11,13,271.0,102.0,169.0,0.0,0.05742030741161438,0.7208333333333333,11.0,32.0,6.0,0.39,,,,,,,,,,
P.J. Washington,CHA,Charlotte Hornets,2023-24,24,12,12,270.0,90.0,180.0,1.7688240113204738e-05,0.03419485178015039,0.6236842105263158,13.0,21.0,6.0,0.256,73.0,30.4,12.9,1.9,5.6,1.0,0.8,0.436,0.32,14.0
Amen Thompson,HOU,Houston Rockets,2023-24,21,10,11,268.0,151.0,117.0,0.0,0.053074828194308525,0.9393939393939394,11.0,41.0,6.0,0.5,,,,,,,,,,
Dennis Smith Jr.,BKN,Brooklyn Nets,2023-24,27,13,14,265.0,194.0,71.0,0.0,0.05064242859993671,0.7208333333333333,11.0,32.0,6.0,0.39,,,,,,,,,,
Cedi Osman,SAS,San Antonio Spurs,2023-24,23,12,11,264.0,113.0,151.0,0.0,0.05861932682742941,0.9102564102564102,14.0,22.0,6.0,0.268,,,,,,,,,,
Josh Green,DAL,Dallas Mavericks,2023-24,28,14,14,264.0,121.0,143.0,0.0,0.03385581299273461,0.7166666666666667,5.0,50.0,6.0,0.61,,,,,,,,,,
Derrick Jones Jr.,DAL,Dallas Mavericks,2023-24,25,13,12,264.0,71.0,193.0,2.637720016881408e-05,0.030322605083860435,0.7166666666666667,5.0,50.0,6.0,0.61,,,,,,,,,,
Killian Hayes,DET,Detroit Pistons,2023-24,27,13,14,263.0,198.0,65.0,0.00010417146923812599,0.022282637738971732,0.5144927536231884,15.0,14.0,5.0,0.171,,,,,,,,,,
Danté Exum,DAL,Dallas Mavericks,2023-24,27,14,13,255.0,149.0,106.0,6.827040043693056e-05,0.03108007434895848,0.7166666666666667,5.0,50.0,6.0,0.61,,,,,,,,,,
Dyson Daniels,NOP,New Orleans Pelicans,2023-24,22,11,11,248.0,159.0,89.0,0.0,0.07048622317790612,0.9545454545454546,7.0,49.0,6.0,0.598,,,,,,,,,,
Paul Reed,PHI,Philadelphia 76ers,2023-24,29,14,15,248.0,97.0,151.0,0.00011515088645125139,0.031067054861949793,0.6862745098039216,7.0,47.0,6.0,0.573,,,,,,,,,,
Trayce Jackson-Davis,GSW,Golden State Warriors,2023-24,24,12,12,246.0,81.0,165.0,7.292520046672128e-06,0.06228596449529696,0.9120879120879121,10.0,46.0,6.0,0.561,,,,,,,,,,
Onyeka Okongwu,ATL,Atlanta Hawks,2023-24,21,11,10,244.0,70.0,174.0,3.8790000248256e-06,0.05100263709470707,0.8296703296703297,10.0,36.0,6.0,0.439,,,,,,,,,,
Dereck Lively II,DAL,Dallas Mavericks,2023-24,21,11,10,241.0,62.0,179.0,2.4692605872318397e-05,0.033744221930314504,0.7166666666666667,5.0,50.0,6.0,0.61,,,,,,,,,,
Duop Reath,POR,Portland Trail Blazers,2023-24,25,13,12,241.0,66.0,175.0,9.30960005958144e-06,0.030464815681940486,0.6911764705882353,15.0,21.0,6.0,0.256,,,,,,,,,,
Miles McBride,NYK,New York Knicks,2023-24,26,13,13,241.0,109.0,132.0,4.0962240262158346e-05,0.04262331307108658,0.5588235294117647,2.0,50.0,6.0,0.61,,,,,,,,,,
Sam Merrill,CLE,Cleveland Cavaliers,2023-24,24,12,12,240.0,98.0,142.0,0.0,0.0540503370054253,0.9102564102564102,4.0,48.0,6.0,0.585,,,,,,,,,,
Jalen Smith,IND,Indiana Pacers,2023-24,26,12,14,236.0,60.0,176.0,5.299822319633149e-05,0.036736231767866216,0.7279411764705882,6.0,47.0,6.0,0.573,,,,,,,,,,
Aaron Wiggins,OKC,Oklahoma City Thunder,2023-24,29,15,14,235.0,78.0,157.0,3.4135200218465287e-06,0.03322425614861888,0.6078431372549019,1.0,57.0,6.0,0.695,,,,,,,,,,
Talen Horton-Tucker,UTA,Utah Jazz,2023-24,24,11,13,235.0,164.0,71.0,0.0,0.04720808750932557,0.8846153846153846,12.0,31.0,6.0,0.378,,,,,,,,,,
Luke Kennard,MEM,Memphis Grizzlies,2023-24,33,16,17,234.0,122.0,112.0,5.69130293752324e-05,0.02623519149755515,0.7222222222222222,13.0,27.0,6.0,0.329,,,,,,,,,,
Kevin Love,MIA,Miami Heat,2023-24,24,12,12,234.0,109.0,125.0,3.2583600208535044e-05,0.04490445885574048,0.8523809523809524,8.0,46.0,6.0,0.561,,,,,,,,,,
Peyton Watson,DEN,Denver Nuggets,2023-24,20,10,10,233.0,78.0,155.0,0.0,0.053524367403377876,0.7878787878787878,2.0,57.0,6.0,0.695,,,,,,,,,,
Bilal Coulibaly,WAS,Washington Wizards,2023-24,28,13,15,231.0,101.0,130.0,5.585760035748865e-05,0.03361631008063841,0.6323529411764706,14.0,15.0,5.0,0.183,,,,,,,,,,
Gradey Dick,TOR,Toronto Raptors,2023-24,35,18,17,228.0,64.0,164.0,1.405306294708246e-05,0.023263957282047134,0.6333333333333333,12.0,25.0,6.0,0.305,,,,,,,,,,
Naji Marshall,NOP,New Orleans Pelicans,2023-24,21,10,11,228.0,117.0,111.0,0.0,0.0623362291319641,0.9545454545454546,7.0,49.0,6.0,0.598,,,,,,,,,,
Dennis Schröder,BKN,Brooklyn Nets,2023-24,23,11,12,227.0,167.0,60.0,0.0,0.046426561242673976,0.7208333333333333,11.0,32.0,6.0,0.39,80.0,31.1,14.0,6.1,3.0,0.8,0.2,0.435,0.375,15.3
Julian Champagnie,SAS,San Antonio Spurs,2023-24,24,12,12,226.0,86.0,140.0,2.7928800178744324e-05,0.053542311788695104,0.9102564102564102,14.0,22.0,6.0,0.268,,,,,,,,,,
Walker Kessler,UTA,Utah Jazz,2023-24,22,11,11,224.0,55.0,169.0,2.094660013405824e-05,0.04211264809125891,0.8846153846153846,12.0,31.0,6.0,0.378,,,,,,,,,,
Royce O'Neale,BKN,Brooklyn Nets,2023-24,21,11,10,224.0,125.0,99.0,0.0,0.06393630386172786,0.7208333333333333,11.0,32.0,6.0,0.39,,,,,,,,,,
Kevon Looney,GSW,Golden State Warriors,2023-24,22,11,11,223.0,129.0,94.0,1.870786297687318e-05,0.0527418354570707,0.9120879120879121,10.0,46.0,6.0,0.561,,,,,,,,,,
Nick Richards,CHA,Charlotte Hornets,2023-24,31,17,14,222.0,51.0,171.0,0.00021221454992960173,0.01931899665104736,0.6236842105263158,13.0,21.0,6.0,0.256,,,,,,,,,,
Isaiah Stewart,DET,Detroit Pistons,2023-24,28,14,14,220.0,72.0,148.0,0.00010281936065804388,0.031198745899961293,0.5144927536231884,15.0,14.0,5.0,0.171,,,,,,,,,,
Larry Nance Jr.,NOP,New Orleans Pelicans,2023-24,20,10,10,220.0,112.0,108.0,0.0,0.07326957799749195,0.9545454545454546,7.0,49.0,6.0,0.598,,,,,,,,,,
Daniel Gafford,WAS,Washington Wizards,2023-24,15,7,8,218.0,71.0,147.0,7.43216404756585e-05,0.06949692619959852,0.6323529411764706,14.0,15.0,5.0,0.183,,,,,,,,,,
Terry Rozier,MIA,Miami Heat,2023-24,23,11,12,218.0,144.0,74.0,0.00010426752066731213,0.032830226114708976,0.8523809523809524,8.0,46.0,6.0,0.561,61.0,33.4,19.8,5.6,4.0,1.0,0.3,0.443,0.363,19.5
Vasilije Micic,CHA,Charlotte Hornets,2023-24,21,8,13,215.0,175.0,40.0,1.241280007944192e-05,0.029113784978050703,0.6236842105263158,13.0,21.0,6.0,0.256,,,,,,,,,,
Aaron Holiday,HOU,Houston Rockets,2023-24,22,11,11,213.0,123.0,90.0,0.0,0.04377259298427295,0.9393939393939394,11.0,41.0,6.0,0.5,,,,,,,,,,
Amir Coffey,LAC,LA Clippers,2023-24,21,10,11,210.0,73.0,137.0,0.0,0.05858399987806226,0.5916666666666667,,,,0.622,,,,,,,,,,
Jabari Walker,POR,Portland Trail Blazers,2023-24,28,15,13,210.0,67.0,143.0,0.0,0.03782975320250423,0.6911764705882353,15.0,21.0,6.0,0.256,,,,,,,,,,
Nicolas Batum,PHI,Philadelphia 76ers,2023-24,29,14,15,210.0,115.0,95.0,9.12562462983257e-05,0.026478547624098837,0.6862745098039216,7.0,47.0,6.0,0.573,,,,,,,,,,
Bojan Bogdanovic,DET,Detroit Pistons,2023-24,24,12,12,209.0,70.0,139.0,5.0981143183422176e-05,0.03517832786259391,0.5144927536231884,15.0,14.0,5.0,0.171,,,,,,,,,,
Simone Fontecchio,UTA,Utah Jazz,2023-24,23,12,11,209.0,71.0,138.0,0.00010938780070008192,0.05939308406858763,0.8846153846153846,12.0,31.0,6.0,0.378,,,,,,,,,,
Jordan Hawkins,NOP,New Orleans Pelicans,2023-24,21,10,11,207.0,65.0,142.0,0.0,0.07609676233183853,0.9545454545454546,7.0,49.0,6.0,0.598,,,,,,,,,,
Davion Mitchell,SAC,Sacramento Kings,2023-24,19,9,10,206.0,117.0,89.0,0.0,0.05785378941957737,0.9454545454545454,9.0,46.0,6.0,0.561,,,,,,,,,,
LaMelo Ball,CHA,Charlotte Hornets,2023-24,21,8,13,206.0,153.0,53.0,8.378640053623297e-06,0.032204776636325864,0.6236842105263158,13.0,21.0,6.0,0.256,,,,,,,,,,
Toumani Camara,POR,Portland Trail Blazers,2023-24,28,15,13,205.0,84.0,121.0,0.0,0.03652568394375706,0.6911764705882353,15.0,21.0,6.0,0.256,,,,,,,,,,
Kyle Lowry,MIA,Miami Heat,2023-24,22,11,11,204.0,136.0,68.0,2.32740001489536e-05,0.04464075011694828,0.8523809523809524,8.0,46.0,6.0,0.561,,,,,,,,,,
GG Jackson,MEM,Memphis Grizzlies,2023-24,27,15,12,203.0,49.0,154.0,4.544653479635233e-05,0.022166368309017793,0.7222222222222222,13.0,27.0,6.0,0.329,,,,,,,,,,
Grant Williams,CHA,Charlotte Hornets,2023-24,23,10,13,203.0,91.0,112.0,1.9395000124128e-05,0.027331069977323652,0.6236842105263158,13.0,21.0,6.0,0.256,,,,,,,,,,
De'Anthony Melton,PHI,Philadelphia 76ers,2023-24,26,13,13,202.0,111.0,91.0,5.494880606595807e-05,0.03463517720521512,0.6862745098039216,7.0,47.0,6.0,0.573,,,,,,,,,,
Gary Harris,ORL,Orlando Magic,2023-24,23,11,12,200.0,86.0,114.0,0.0,0.04026877624954119,0.7802197802197802,5.0,47.0,6.0,0.573,,,,,,,,,,
Jose Alvarado,NOP,New Orleans Pelicans,2023-24,21,10,11,200.0,102.0,98.0,0.0,0.06578539218814358,0.9545454545454546,7.0,49.0,6.0,0.598,,,,,,,,,,
Kelly Olynyk,TOR,Toronto Raptors,2023-24,19,10,9,199.0,117.0,82.0,9.539015203906841e-05,0.04553321608628918,0.6333333333333333,12.0,25.0,6.0,0.305,,,,,,,,,,
Jeff Green,HOU,Houston Rockets,2023-24,22,11,11,198.0,69.0,129.0,8.53380005461632e-05,0.03143347271825179,0.9393939393939394,11.0,41.0,6.0,0.5,,,,,,,,,,
OG Anunoby,TOR,Toronto Raptors,2023-24,18,10,8,196.0,70.0,126.0,2.1234754421616714e-05,0.0390905943842922,0.6333333333333333,12.0,25.0,6.0,0.305,,,,,,,,,,
Jaylin Williams,OKC,Oklahoma City Thunder,2023-24,24,12,12,195.0,107.0,88.0,2.591172016583501e-05,0.04550112376680158,0.6078431372549019,1.0,57.0,6.0,0.695,,,,,,,,,,
Kenrich Williams,OKC,Oklahoma City Thunder,2023-24,25,12,13,193.0,87.0,106.0,0.0,0.04792037265637383,0.6078431372549019,1.0,57.0,6.0,0.695,,,,,,,,,,
Patrick Beverley,PHI,Philadelphia 76ers,2023-24,24,11,13,193.0,142.0,51.0,0.0,0.04373661679326096,0.6862745098039216,7.0,47.0,6.0,0.573,,,,,,,,,,
Josh Richardson,MIA,Miami Heat,2023-24,22,11,11,191.0,92.0,99.0,0.0,0.046659704730410485,0.8523809523809524,8.0,46.0,6.0,0.561,,,,,,,,,,
Blake Wesley,SAS,San Antonio Spurs,2023-24,23,11,12,190.0,141.0,49.0,0.0001272312008142797,0.03565638193997367,0.9102564102564102,14.0,22.0,6.0,0.268,,,,,,,,,,
Bruce Brown,IND,Indiana Pacers,2023-24,24,11,13,189.0,101.0,88.0,0.00013071121797940893,0.03449534052443737,0.7279411764705882,6.0,47.0,6.0,0.573,,,,,,,,,,
Grant Williams,DAL,Dallas Mavericks,2023-24,22,12,10,188.0,74.0,114.0,7.7580000496512e-06,0.03288730659221389,0.7166666666666667,5.0,50.0,6.0,0.61,,,,,,,,,,
Moses Moody,GSW,Golden State Warriors,2023-24,26,13,13,187.0,54.0,133.0,0.0,0.05712822859984357,0.9120879120879121,10.0,46.0,6.0,0.561,,,,,,,,,,
Haywood Highsmith,MIA,Miami Heat,2023-24,27,13,14,187.0,65.0,122.0,0.0,0.03207008789703908,0.8523809523809524,8.0,46.0,6.0,0.561,,,,,,,,,,
Markelle Fultz,ORL,Orlando Magic,2023-24,22,11,11,186.0,119.0,67.0,0.0001194732007646285,0.04269791904827981,0.7802197802197802,5.0,47.0,6.0,0.573,,,,,,,,,,
Tre Mann,CHA,Charlotte Hornets,2023-24,24,12,12,185.0,142.0,43.0,9.30960005958144e-06,0.023453892983055648,0.6236842105263158,13.0,21.0,6.0,0.256,,,,,,,,,,
Jaden Hardy,DAL,Dallas Mavericks,2023-24,28,14,14,184.0,82.0,102.0,9.30960005958144e-06,0.03250704921338142,0.7166666666666667,5.0,50.0,6.0,0.61,,,,,,,,,,
Shaedon Sharpe,POR,Portland Trail Blazers,2023-24,24,12,12,184.0,91.0,93.0,1.6291800104267522e-05,0.04011787113567984,0.6911764705882353,15.0,21.0,6.0,0.256,,,,,,,,,,
Bruce Brown,TOR,Toronto Raptors,2023-24,29,14,15,183.0,90.0,93.0,0.0,0.028237136197709463,0.6333333333333333,12.0,25.0,6.0,0.305,,,,,,,,,,
Andre Drummond,CHI,Chicago Bulls,2023-24,20,10,10,182.0,35.0,147.0,3.723840023832576e-05,0.05350216540434207,0.9318181818181818,9.0,39.0,6.0,0.476,,,,,,,,,,
Trey Lyles,SAC,Sacramento Kings,2023-24,20,10,10,182.0,62.0,120.0,7.7580000496512e-05,0.04394311046490056,0.9454545454545454,9.0,46.0,6.0,0.561,,,,,,,,,,
Nikola Jović,MIA,Miami Heat,2023-24,26,13,13,181.0,83.0,98.0,0.00014491944092748444,0.031919091832152344,0.8523809523809524,8.0,46.0,6.0,0.561,,,,,,,,,,
Gordon Hayward,CHA,Charlotte Hornets,2023-24,18,7,11,180.0,100.0,80.0,4.433142885514972e-06,0.033345733261171295,0.6236842105263158,13.0,21.0,6.0,0.256,,,,,,,,,,
Buddy Hield,PHI,Philadelphia 76ers,2023-24,19,10,9,180.0,81.0,99.0,0.0,0.04279990933973206,0.6862745098039216,7.0,47.0,6.0,0.573,,,,,,,,,,
Jevon Carter,CHI,Chicago Bulls,2023-24,22,11,11,180.0,81.0,99.0,0.0,0.05327283607582434,0.9318181818181818,9.0,39.0,6.0,0.476,,,,,,,,,,
Day'Ron Sharpe,BKN,Brooklyn Nets,2023-24,22,11,11,179.0,78.0,101.0,0.0,0.04655430925822768,0.7208333333333333,11.0,32.0,6.0,0.39,,,,,,,,,,
Drew Eubanks,PHX,Phoenix Suns,2023-24,25,13,12,178.0,62.0,116.0,0.0,0.037110550917513,0.6801470588235294,6.0,49.0,6.0,0.598,,,,,,,,,,
Matisse Thybulle,POR,Portland Trail Blazers,2023-24,26,13,13,178.0,77.0,101.0,0.00011326680072490752,0.038804155974437406,0.6911764705882353,15.0,21.0,6.0,0.256,,,,,,,,,,
Alec Burks,DET,Detroit Pistons,2023-24,30,15,15,177.0,67.0,110.0,7.429208618975508e-05,0.022396611194112216,0.5144927536231884,15.0,14.0,5.0,0.171,,,,,,,,,,
Cam Whitmore,HOU,Houston Rockets,2023-24,19,10,9,176.0,30.0,146.0,7.37010004716864e-05,0.028238917329382548,0.9393939393939394,11.0,41.0,6.0,0.5,,,,,,,,,,
Patrick Williams,CHI,Chicago Bulls,2023-24,20,10,10,174.0,62.0,112.0,1.8619200119162882e-06,0.05732102618531335,0.9318181818181818,9.0,39.0,6.0,0.476,,,,,,,,,,
Lonnie Walker IV,BKN,Brooklyn Nets,2023-24,26,13,13,174.0,64.0,110.0,0.0,0.0379592256011076,0.7208333333333333,11.0,32.0,6.0,0.39,,,,,,,,,,
John Konchar,MEM,Memphis Grizzlies,2023-24,30,14,16,173.0,106.0,67.0,3.3184632080513505e-05,0.027120369675024077,0.7222222222222222,13.0,27.0,6.0,0.329,,,,,,,,,,
Anthony Black,ORL,Orlando Magic,2023-24,23,12,11,172.0,84.0,88.0,3.413520021846528e-05,0.04031735419265564,0.7802197802197802,5.0,47.0,6.0,0.573,,,,,,,,,,
Zach LaVine,CHI,Chicago Bulls,2023-24,19,10,9,172.0,97.0,75.0,9.619920061567488e-06,0.05736457694173456,0.9318181818181818,9.0,39.0,6.0,0.476,,,,,,,,,,
David Roddy,MEM,Memphis Grizzlies,2023-24,27,13,14,171.0,70.0,101.0,0.0,0.032105272312956144,0.7222222222222222,13.0,27.0,6.0,0.329,,,,,,,,,,
Jae Crowder,MIL,Milwaukee Bucks,2023-24,23,11,12,170.0,65.0,105.0,9.30960005958144e-05,0.03761326503941574,0.8351648351648352,3.0,49.0,6.0,0.598,,,,,,,,,,
Daniel Theis,LAC,LA Clippers,2023-24,17,9,8,170.0,56.0,114.0,0.0,0.06142125109442631,0.5916666666666667,,,,0.622,,,,,,,,,,
James Wiseman,DET,Detroit Pistons,2023-24,31,18,13,168.0,47.0,121.0,3.9691405968310716e-05,0.01969415734940615,0.5144927536231884,15.0,14.0,5.0,0.171,,,,,,,,,,
Cameron Payne,MIL,Milwaukee Bucks,2023-24,21,10,11,168.0,106.0,62.0,0.0,0.04412165156382674,0.8351648351648352,3.0,49.0,6.0,0.598,,,,,,,,,,
RJ Barrett,NYK,New York Knicks,2023-24,19,9,10,165.0,60.0,105.0,2.4049800153918722e-05,0.0571231460129699,0.5588235294117647,2.0,50.0,6.0,0.61,58.0,31.7,20.2,3.3,5.4,0.5,0.4,0.495,0.36,18.6
Luke Kornet,BOS,Boston Celtics,2023-24,24,13,11,165.0,68.0,97.0,9.565614061219929e-05,0.030499250994700657,0.6958333333333333,1.0,64.0,6.0,0.78,,,,,,,,,,
Ish Smith,CHA,Charlotte Hornets,2023-24,22,10,12,165.0,140.0,25.0,0.00014981806381597846,0.023345613876947342,0.6236842105263158,13.0,21.0,6.0,0.256,,,,,,,,,,
Dalano Banton,POR,Portland Trail Blazers,2023-24,22,11,11,164.0,92.0,72.0,0.0,0.04433471296423825,0.6911764705882353,15.0,21.0,6.0,0.256,,,,,,,,,,
Kris Murray,POR,Portland Trail Blazers,2023-24,27,13,14,162.0,76.0,86.0,3.568680022839552e-05,0.027973054038015987,0.6911764705882353,15.0,21.0,6.0,0.256,,,,,,,,,,
Jordan McLaughlin,MIN,Minnesota Timberwolves,2023-24,20,9,11,162.0,104.0,58.0,0.0,0.04780712792306712,0.9318181818181818,3.0,56.0,6.0,0.683,,,,,,,,,,
Isaiah Jackson,IND,Indiana Pacers,2023-24,25,14,11,160.0,48.0,112.0,1.017406292225686e-05,0.025764216089294266,0.7279411764705882,6.0,47.0,6.0,0.573,,,,,,,,,,
Jacob Gilyard,MEM,Memphis Grizzlies,2023-24,25,12,13,160.0,121.0,39.0,5.197860033266304e-05,0.020184159316790164,0.7222222222222222,13.0,27.0,6.0,0.329,,,,,,,,,,
Ziaire Williams,MEM,Memphis Grizzlies,2023-24,27,15,12,158.0,71.0,87.0,4.884470932359514e-05,0.025881524158245316,0.7222222222222222,13.0,27.0,6.0,0.329,,,,,,,,,,
Keon Ellis,SAC,Sacramento Kings,2023-24,20,10,10,157.0,78.0,79.0,0.0,0.04430818132436594,0.9454545454545454,9.0,46.0,6.0,0.561,,,,,,,,,,
P.J. Washington,DAL,Dallas Mavericks,2023-24,20,10,10,154.0,43.0,111.0,5.153528604411154e-05,0.029841309089329724,0.7166666666666667,5.0,50.0,6.0,0.61,73.0,30.4,12.9,1.9,5.6,1.0,0.8,0.436,0.32,14.0
Immanuel Quickley,NYK,New York Knicks,2023-24,18,9,9,152.0,71.0,81.0,3.180780020356992e-05,0.04266819744335003,0.5588235294117647,2.0,50.0,6.0,0.61,68.0,29.2,17.0,4.9,3.8,0.7,0.1,0.434,0.395,17.1
Craig Porter Jr.,CLE,Cleveland Cavaliers,2023-24,22,10,12,152.0,105.0,47.0,9.387180060077953e-05,0.0427909393806761,0.9102564102564102,4.0,48.0,6.0,0.585,,,,,,,,,,
Daniel Gafford,DAL,Dallas Mavericks,2023-24,16,8,8,152.0,44.0,108.0,0.0,0.043759580396749716,0.7166666666666667,5.0,50.0,6.0,0.61,,,,,,,,,,
Goga Bitadze,ORL,Orlando Magic,2023-24,17,8,9,149.0,72.0,77.0,8.378640053623295e-05,0.047824391204686914,0.7802197802197802,5.0,47.0,6.0,0.573,,,,,,,,,,
Quentin Grimes,NYK,New York Knicks,2023-24,25,13,12,148.0,50.0,98.0,7.356800618512095e-05,0.03454405070823421,0.5588235294117647,2.0,50.0,6.0,0.61,,,,,,,,,,
Royce O'Neale,PHX,Phoenix Suns,2023-24,18,8,10,147.0,75.0,72.0,1.318860008440704e-05,0.046832582659816234,0.6801470588235294,6.0,49.0,6.0,0.598,,,,,,,,,,
Landry Shamet,WAS,Washington Wizards,2023-24,25,13,12,147.0,52.0,95.0,0.0001511258409672054,0.03152390030460311,0.6323529411764706,14.0,15.0,5.0,0.183,,,,,,,,,,
Cody Martin,CHA,Charlotte Hornets,2023-24,28,13,15,146.0,104.0,42.0,0.00029418336188277353,0.01944168550466953,0.6236842105263158,13.0,21.0,6.0,0.256,,,,,,,,,,
Cameron Payne,PHI,Philadelphia 76ers,2023-24,21,10,11,145.0,86.0,59.0,1.008540006454656e-05,0.033720591284647154,0.6862745098039216,7.0,47.0,6.0,0.573,,,,,,,,,,
Ochai Agbaji,UTA,Utah Jazz,2023-24,23,12,11,142.0,47.0,95.0,5.430600034755841e-06,0.045204668404592134,0.8846153846153846,12.0,31.0,6.0,0.378,,,,,,,,,,
Precious Achiuwa,NYK,New York Knicks,2023-24,23,12,11,142.0,52.0,90.0,0.0001933736926661631,0.02805221037205344,0.5588235294117647,2.0,50.0,6.0,0.61,,,,,,,,,,
Doug McDermott,SAS,San Antonio Spurs,2023-24,22,12,10,140.0,52.0,88.0,8.999280057595393e-05,0.03868323068761211,0.9102564102564102,14.0,22.0,6.0,0.268,,,,,,,,,,
Trendon Watford,BKN,Brooklyn Nets,2023-24,27,15,12,140.0,66.0,74.0,0.00016726248107047986,0.026591250056592877,0.7208333333333333,11.0,32.0,6.0,0.39,,,,,,,,,,
Scotty Pippen Jr.,MEM,Memphis Grizzlies,2023-24,27,13,14,139.0,91.0,48.0,3.953510926401371e-05,0.018896638200715292,0.7222222222222222,13.0,27.0,6.0,0.329,,,,,,,,,,
Jock Landale,HOU,Houston Rockets,2023-24,18,9,9,137.0,61.0,76.0,3.10320001986048e-06,0.03332242776702944,0.9393939393939394,11.0,41.0,6.0,0.5,,,,,,,,,,
Jonathan Isaac,ORL,Orlando Magic,2023-24,20,9,11,137.0,29.0,108.0,0.0003010104019264666,0.02403442726950872,0.7802197802197802,5.0,47.0,6.0,0.573,,,,,,,,,,
Kyle Lowry,PHI,Philadelphia 76ers,2023-24,21,10,11,135.0,96.0,39.0,2.32740001489536e-06,0.025705458269289515,0.6862745098039216,7.0,47.0,6.0,0.573,,,,,,,,,,
Gary Payton II,GSW,Golden State Warriors,2023-24,24,11,13,134.0,48.0,86.0,0.00027769207034865784,0.035234493879434586,0.9120879120879121,10.0,46.0,6.0,0.561,,,,,,,,,,
Christian Wood,LAL,Los Angeles Lakers,2023-24,22,11,11,134.0,43.0,91.0,1.582632010128845e-05,0.042221756499046866,0.8589743589743589,8.0,47.0,6.0,0.573,,,,,,,,,,
Max Christie,LAL,Los Angeles Lakers,2023-24,23,12,11,131.0,53.0,78.0,3.754872024031181e-05,0.03499851538036974,0.8589743589743589,8.0,47.0,6.0,0.573,,,,,,,,,,
Dean Wade,CLE,Cleveland Cavaliers,2023-24,20,11,9,130.0,43.0,87.0,8.999280057595392e-05,0.037416719278817345,0.9102564102564102,4.0,48.0,6.0,0.585,,,,,,,,,,
Jaxson Hayes,LAL,Los Angeles Lakers,2023-24,22,12,10,130.0,33.0,97.0,0.00018138204116084506,0.023653331746036413,0.8589743589743589,8.0,47.0,6.0,0.573,,,,,,,,,,
Torrey Craig,CHI,Chicago Bulls,2023-24,21,11,10,130.0,51.0,79.0,9.30960005958144e-06,0.03732781202002153,0.9318181818181818,9.0,39.0,6.0,0.476,,,,,,,,,,
OG Anunoby,NYK,New York Knicks,2023-24,19,11,8,128.0,35.0,93.0,8.030638337110372e-05,0.041168132976963236,0.5588235294117647,2.0,50.0,6.0,0.61,,,,,,,,,,
Ben Sheppard,IND,Indiana Pacers,2023-24,27,13,14,127.0,52.0,75.0,0.0003088127334049729,0.022459653245303912,0.7279411764705882,6.0,47.0,6.0,0.573,,,,,,,,,,
Garrison Mathews,ATL,Atlanta Hawks,2023-24,25,13,12,126.0,30.0,96.0,7.090812045381197e-05,0.022269258099929155,0.8296703296703297,10.0,36.0,6.0,0.439,,,,,,,,,,
Jae'Sean Tate,HOU,Houston Rockets,2023-24,21,11,10,125.0,62.0,63.0,4.189320026811648e-05,0.03463314344056795,0.9393939393939394,11.0,41.0,6.0,0.5,,,,,,,,,,
Maxi Kleber,DAL,Dallas Mavericks,2023-24,21,11,10,123.0,67.0,56.0,0.00017442200683058656,0.02594136060726979,0.7166666666666667,5.0,50.0,6.0,0.61,,,,,,,,,,
Justin Holiday,DEN,Denver Nuggets,2023-24,20,10,10,123.0,52.0,71.0,5.585760035748865e-05,0.04696702442070234,0.7878787878787878,2.0,57.0,6.0,0.695,,,,,,,,,,
Dwight Powell,DAL,Dallas Mavericks,2023-24,18,7,11,122.0,78.0,44.0,7.913160050644225e-06,0.028844833953749194,0.7166666666666667,5.0,50.0,6.0,0.61,,,,,,,,,,
Josh Okogie,PHX,Phoenix Suns,2023-24,24,11,13,121.0,59.0,62.0,1.684594296495689e-05,0.029416443720962474,0.6801470588235294,6.0,49.0,6.0,0.598,,,,,,,,,,
Nick Smith Jr.,CHA,Charlotte Hornets,2023-24,26,16,10,119.0,52.0,67.0,4.8742406026237116e-05,0.018954109071314538,0.6236842105263158,13.0,21.0,6.0,0.256,,,,,,,,,,
Bruno Fernando,ATL,Atlanta Hawks,2023-24,20,10,10,119.0,39.0,80.0,2.32740001489536e-06,0.03253964797453765,0.8296703296703297,10.0,36.0,6.0,0.439,,,,,,,,,,
Jake LaRavia,MEM,Memphis Grizzlies,2023-24,28,15,13,119.0,54.0,65.0,0.0001950693698198726,0.016798940180453567,0.7222222222222222,13.0,27.0,6.0,0.329,,,,,,,,,,
Cam Reddish,LAL,Los Angeles Lakers,2023-24,20,10,10,118.0,45.0,73.0,0.0001435230009185472,0.03853256303277347,0.8589743589743589,8.0,47.0,6.0,0.573,,,,,,,,,,
Bones Hyland,LAC,LA Clippers,2023-24,23,10,13,116.0,85.0,31.0,0.0001699002010873613,0.02540051581339082,0.5916666666666667,,,,0.622,,,,,,,,,,
Bojan Bogdanovic,NYK,New York Knicks,2023-24,16,9,7,116.0,26.0,90.0,0.00012319704078846106,0.031503570638516235,0.5588235294117647,2.0,50.0,6.0,0.61,,,,,,,,,,
Jordan Goodwin,PHX,Phoenix Suns,2023-24,22,11,11,115.0,77.0,38.0,5.208942890480092e-06,0.037031146264632796,0.6801470588235294,6.0,49.0,6.0,0.598,,,,,,,,,,
Derrick Rose,MEM,Memphis Grizzlies,2023-24,27,14,13,114.0,75.0,39.0,0.00016817383294444443,0.01846792395506011,0.7222222222222222,13.0,27.0,6.0,0.329,,,,,,,,,,
Xavier Tillman,MEM,Memphis Grizzlies,2023-24,23,12,11,114.0,53.0,61.0,4.418990929380443e-05,0.026616914910273806,0.7222222222222222,13.0,27.0,6.0,0.329,,,,,,,,,,
Marvin Bagley III,WAS,Washington Wizards,2023-24,17,10,7,113.0,27.0,86.0,2.5135920160869892e-05,0.05178698170317443,0.6323529411764706,14.0,15.0,5.0,0.183,,,,,,,,,,
Mason Plumlee,LAC,LA Clippers,2023-24,19,9,10,113.0,52.0,61.0,0.0,0.04275838017021223,0.5916666666666667,,,,0.622,,,,,,,,,,
Bryce McGowens,CHA,Charlotte Hornets,2023-24,29,17,12,110.0,47.0,63.0,0.00011189252643039787,0.016635086648208598,0.6236842105263158,13.0,21.0,6.0,0.256,,,,,,,,,,
Malachi Flynn,TOR,Toronto Raptors,2023-24,20,10,10,109.0,71.0,38.0,7.765758049700851e-05,0.033018215473893844,0.6333333333333333,12.0,25.0,6.0,0.305,,,,,,,,,,
Patrick Beverley,MIL,Milwaukee Bucks,2023-24,19,9,10,104.0,68.0,36.0,0.0,0.037297870558372366,0.8351648351648352,3.0,49.0,6.0,0.598,,,,,,,,,,
Mo Bamba,PHI,Philadelphia 76ers,2023-24,24,12,12,104.0,39.0,65.0,9.526824060971676e-05,0.020035450547132697,0.6862745098039216,7.0,47.0,6.0,0.573,,,,,,,,,,
KJ Martin,PHI,Philadelphia 76ers,2023-24,26,14,12,104.0,41.0,63.0,2.0880102990775515e-05,0.020243110914368607,0.6862745098039216,7.0,47.0,6.0,0.573,,,,,,,,,,
Spencer Dinwiddie,LAL,Los Angeles Lakers,2023-24,17,8,9,103.0,67.0,36.0,5.430600034755841e-06,0.04505647153316244,0.8589743589743589,8.0,47.0,6.0,0.573,,,,,,,,,,
Taylor Hendricks,UTA,Utah Jazz,2023-24,19,11,8,100.0,25.0,75.0,0.0001505052009632333,0.0340212599781405,0.8846153846153846,12.0,31.0,6.0,0.378,,,,,,,,,,
Delon Wright,WAS,Washington Wizards,2023-24,19,9,10,99.0,78.0,21.0,0.0003208708820535737,0.020294663731180513,0.6323529411764706,14.0,15.0,5.0,0.183,,,,,,,,,,
Jared Butler,WAS,Washington Wizards,2023-24,20,9,11,99.0,74.0,25.0,0.0,0.03064966845654321,0.6323529411764706,14.0,15.0,5.0,0.183,,,,,,,,,,
Davis Bertans,CHA,Charlotte Hornets,2023-24,19,10,9,98.0,22.0,76.0,1.16370000744768e-05,0.02776570216826573,0.6236842105263158,13.0,21.0,6.0,0.256,,,,,,,,,,
Dalen Terry,CHI,Chicago Bulls,2023-24,21,10,11,98.0,64.0,34.0,0.0002034147613018545,0.034286372648799815,0.9318181818181818,9.0,39.0,6.0,0.476,,,,,,,,,,
Precious Achiuwa,TOR,Toronto Raptors,2023-24,17,8,9,98.0,44.0,54.0,0.0,0.0337373534517788,0.6333333333333333,12.0,25.0,6.0,0.305,,,,,,,,,,
Vasilije Micic,OKC,Oklahoma City Thunder,2023-24,20,8,12,97.0,73.0,24.0,2.0170800129093124e-05,0.0368046717894588,0.6078431372549019,1.0,57.0,6.0,0.695,,,,,,,,,,
Kevin Knox II,DET,Detroit Pistons,2023-24,24,13,11,96.0,23.0,73.0,9.867437206008741e-05,0.01857060726259697,0.5144927536231884,15.0,14.0,5.0,0.171,,,,,,,,,,
Simone Fontecchio,DET,Detroit Pistons,2023-24,22,11,11,96.0,26.0,70.0,0.00011636261217329214,0.0225833589728749,0.5144927536231884,15.0,14.0,5.0,0.171,,,,,,,,,,
AJ Green,MIL,Milwaukee Bucks,2023-24,22,12,10,96.0,26.0,70.0,0.00014972940095826816,0.023942447625726487,0.8351648351648352,3.0,49.0,6.0,0.598,,,,,,,,,,
Chris Boucher,TOR,Toronto Raptors,2023-24,27,14,13,95.0,21.0,74.0,0.00015440267241674852,0.01825128649257657,0.6333333333333333,12.0,25.0,6.0,0.305,,,,,,,,,,
Marvin Bagley III,DET,Detroit Pistons,2023-24,20,10,10,95.0,26.0,69.0,5.585760035748865e-05,0.019002903990271706,0.5144927536231884,15.0,14.0,5.0,0.171,,,,,,,,,,
Trent Forrest,ATL,Atlanta Hawks,2023-24,20,8,12,93.0,82.0,11.0,0.0001770375611330404,0.015276452385434864,0.8296703296703297,10.0,36.0,6.0,0.439,,,,,,,,,,
Julian Strawther,DEN,Denver Nuggets,2023-24,17,9,8,93.0,35.0,58.0,8.378640053623297e-05,0.035863850890642375,0.7878787878787878,2.0,57.0,6.0,0.695,,,,,,,,,,
Oshae Brissett,BOS,Boston Celtics,2023-24,23,12,11,92.0,43.0,49.0,6.65636404260073e-05,0.022574184889198833,0.6958333333333333,1.0,64.0,6.0,0.78,,,,,,,,,,
Jontay Porter,TOR,Toronto Raptors,2023-24,26,12,14,91.0,59.0,32.0,5.0109291749270905e-05,0.020116652672813443,0.6333333333333333,12.0,25.0,6.0,0.305,,,,,,,,,,
Thaddeus Young,TOR,Toronto Raptors,2023-24,20,9,11,90.0,49.0,41.0,0.0,0.027410900239414098,0.6333333333333333,12.0,25.0,6.0,0.305,,,,,,,,,,
Evan Fournier,DET,Detroit Pistons,2023-24,23,11,12,90.0,38.0,52.0,1.3299428656544915e-06,0.02018189279573144,0.5144927536231884,15.0,14.0,5.0,0.171,,,,,,,,,,
Chris Duarte,SAC,Sacramento Kings,2023-24,17,9,8,90.0,36.0,54.0,0.00014429880092351233,0.03031529884373266,0.9454545454545454,9.0,46.0,6.0,0.561,,,,,,,,,,
Tristan Thompson,CLE,Cleveland Cavaliers,2023-24,19,9,10,89.0,49.0,40.0,0.00016446960105260543,0.03500513973803913,0.9102564102564102,4.0,48.0,6.0,0.585,,,,,,,,,,
Jordan Nwora,TOR,Toronto Raptors,2023-24,27,14,13,89.0,36.0,53.0,0.0006341721726301304,0.013142307389620656,0.6333333333333333,12.0,25.0,6.0,0.305,,,,,,,,,,
Rayan Rupert,POR,Portland Trail Blazers,2023-24,22,10,12,89.0,54.0,35.0,4.65480002979072e-05,0.0246972182548014,0.6911764705882353,15.0,21.0,6.0,0.256,,,,,,,,,,
Jalen Wilson,BKN,Brooklyn Nets,2023-24,25,13,12,89.0,39.0,50.0,0.0002346019215014523,0.023235021564830913,0.7208333333333333,11.0,32.0,6.0,0.39,,,,,,,,,,
Shake Milton,MIN,Minnesota Timberwolves,2023-24,18,10,8,88.0,46.0,42.0,0.00016757280107246593,0.04343034559085664,0.9318181818181818,3.0,56.0,6.0,0.683,,,,,,,,,,
Skylar Mays,POR,Portland Trail Blazers,2023-24,18,8,10,88.0,69.0,19.0,6.982200044686081e-06,0.030620480736560485,0.6911764705882353,15.0,21.0,6.0,0.256,,,,,,,,,,
Vít Krejčí,ATL,Atlanta Hawks,2023-24,17,9,8,88.0,48.0,40.0,9.30960005958144e-06,0.029815496621924717,0.8296703296703297,10.0,36.0,6.0,0.439,,,,,,,,,,
Jordan Goodwin,MEM,Memphis Grizzlies,2023-24,19,8,11,87.0,65.0,22.0,6.977937407296161e-06,0.022239234770954523,0.7222222222222222,13.0,27.0,6.0,0.329,,,,,,,,,,
Brice Sensabaugh,UTA,Utah Jazz,2023-24,19,9,10,86.0,46.0,40.0,0.00023274000148953603,0.03399074746099013,0.8846153846153846,12.0,31.0,6.0,0.378,,,,,,,,,,
Bismack Biyombo,MEM,Memphis Grizzlies,2023-24,18,9,9,85.0,45.0,40.0,4.65480002979072e-06,0.02657434110340584,0.7222222222222222,13.0,27.0,6.0,0.329,,,,,,,,,,
Marcus Morris Sr.,PHI,Philadelphia 76ers,2023-24,19,10,9,85.0,26.0,59.0,4.6548000297907195e-06,0.02355752388343488,0.6862745098039216,7.0,47.0,6.0,0.573,,,,,,,,,,
Monte Morris,MIN,Minnesota Timberwolves,2023-24,16,8,8,84.0,54.0,30.0,4.65480002979072e-06,0.048804088412163965,0.9318181818181818,3.0,56.0,6.0,0.683,,,,,,,,,,
Bol Bol,PHX,Phoenix Suns,2023-24,22,13,9,83.0,16.0,67.0,0.00022606812144683596,0.02254438253506304,0.6801470588235294,6.0,49.0,6.0,0.598,,,,,,,,,,
Ochai Agbaji,TOR,Toronto Raptors,2023-24,18,9,9,83.0,34.0,49.0,1.61366401032745e-05,0.024526619620746707,0.6333333333333333,12.0,25.0,6.0,0.305,,,,,,,,,,
Gordon Hayward,OKC,Oklahoma City Thunder,2023-24,23,11,12,82.0,42.0,40.0,2.32740001489536e-05,0.028846095746076,0.6078431372549019,1.0,57.0,6.0,0.695,,,,,,,,,,
Svi Mykhailiuk,BOS,Boston Celtics,2023-24,21,11,10,82.0,35.0,47.0,6.307254040366425e-05,0.01680814239204776,0.6958333333333333,1.0,64.0,6.0,0.78,,,,,,,,,,
Sasha Vezenkov,SAC,Sacramento Kings,2023-24,16,10,6,81.0,16.0,65.0,0.00017222760110225665,0.027730879245245196,0.9454545454545454,9.0,46.0,6.0,0.561,,,,,,,,,,
MarJon Beauchamp,MIL,Milwaukee Bucks,2023-24,17,10,7,81.0,31.0,50.0,2.7928800178744324e-05,0.03316758534577608,0.8351648351648352,3.0,49.0,6.0,0.598,,,,,,,,,,
JT Thor,CHA,Charlotte Hornets,2023-24,28,15,13,81.0,24.0,57.0,0.00020055538414069733,0.015185076285588042,0.6236842105263158,13.0,21.0,6.0,0.256,,,,,,,,,,
Caleb Houstan,ORL,Orlando Magic,2023-24,19,11,8,80.0,18.0,62.0,5.896080037734913e-05,0.03125415622548886,0.7802197802197802,5.0,47.0,6.0,0.573,,,,,,,,,,
Omer Yurtseven,UTA,Utah Jazz,2023-24,21,12,9,77.0,24.0,53.0,0.00024980760159876863,0.028634020221736858,0.8846153846153846,12.0,31.0,6.0,0.378,,,,,,,,,,
Keita Bates-Diop,PHX,Phoenix Suns,2023-24,23,12,11,77.0,31.0,46.0,6.827040043693056e-05,0.020852568214510626,0.6801470588235294,6.0,49.0,6.0,0.598,,,,,,,,,,
Andre Jackson Jr.,MIL,Milwaukee Bucks,2023-24,19,8,11,76.0,44.0,32.0,2.637720016881408e-05,0.027497935182584084,0.8351648351648352,3.0,49.0,6.0,0.598,,,,,,,,,,
Tari Eason,HOU,Houston Rockets,2023-24,18,9,9,76.0,26.0,50.0,0.00019860480127107072,0.025079817290460094,0.9393939393939394,11.0,41.0,6.0,0.5,,,,,,,,,,
Thomas Bryant,MIA,Miami Heat,2023-24,19,12,7,75.0,20.0,55.0,0.0001415059209056379,0.02218471856715411,0.8523809523809524,8.0,46.0,6.0,0.561,,,,,,,,,,
Jalen McDaniels,TOR,Toronto Raptors,2023-24,28,14,14,71.0,31.0,40.0,0.0006304261668918703,0.014409856124453889,0.6333333333333333,12.0,25.0,6.0,0.305,,,,,,,,,,
Jarred Vanderbilt,LAL,Los Angeles Lakers,2023-24,20,10,10,70.0,31.0,39.0,0.00018184752116382413,0.02353752479998527,0.8589743589743589,8.0,47.0,6.0,0.573,,,,,,,,,,
Chimezie Metu,PHX,Phoenix Suns,2023-24,20,10,10,68.0,17.0,51.0,0.0,0.02693294450721646,0.6801470588235294,6.0,49.0,6.0,0.598,,,,,,,,,,
Danilo Gallinari,WAS,Washington Wizards,2023-24,19,10,9,67.0,32.0,35.0,9.542340061070976e-05,0.023226683211175776,0.6323529411764706,14.0,15.0,5.0,0.183,,,,,,,,,,
Lester Quinones,GSW,Golden State Warriors,2023-24,20,12,8,66.0,32.0,34.0,0.0001894060297836272,0.026970163870981112,0.9120879120879121,10.0,46.0,6.0,0.561,,,,,,,,,,
Nassir Little,PHX,Phoenix Suns,2023-24,23,13,10,66.0,21.0,45.0,0.0002457956072873776,0.02064952959186995,0.6801470588235294,6.0,49.0,6.0,0.598,,,,,,,,,,
Dominick Barlow,SAS,San Antonio Spurs,2023-24,18,10,8,66.0,32.0,34.0,8.06832005163725e-05,0.02868362774081179,0.9102564102564102,14.0,22.0,6.0,0.268,,,,,,,,,,
DeAndre Jordan,DEN,Denver Nuggets,2023-24,16,7,9,66.0,25.0,41.0,0.0002932524018768154,0.02257354087203229,0.7878787878787878,2.0,57.0,6.0,0.695,,,,,,,,,,
Ousmane Dieng,OKC,Oklahoma City Thunder,2023-24,26,13,13,65.0,24.0,41.0,0.000504114843226335,0.013602717437632922,0.6078431372549019,1.0,57.0,6.0,0.695,,,,,,,,,,
Trey Jemison III,MEM,Memphis Grizzlies,2023-24,23,12,11,65.0,25.0,40.0,7.509744048062362e-05,0.015278431459652304,0.7222222222222222,13.0,27.0,6.0,0.329,,,,,,,,,,
Troy Brown Jr.,MIN,Minnesota Timberwolves,2023-24,19,10,9,64.0,29.0,35.0,0.00040031280256200193,0.0312652945288468,0.9318181818181818,3.0,56.0,6.0,0.683,,,,,,,,,,
Aleksej Pokusevski,CHA,Charlotte Hornets,2023-24,18,9,9,64.0,27.0,37.0,6.982200044686081e-06,0.02323143809432017,0.6236842105263158,13.0,21.0,6.0,0.256,,,,,,,,,,
Javon Freeman-Liberty,TOR,Toronto Raptors,2023-24,19,8,11,64.0,37.0,27.0,0.00014905334666822715,0.019907907919339857,0.6333333333333333,12.0,25.0,6.0,0.305,,,,,,,,,,
Jarace Walker,IND,Indiana Pacers,2023-24,21,9,12,63.0,36.0,27.0,0.00019607790982632714,0.019315971198528736,0.7279411764705882,6.0,47.0,6.0,0.573,,,,,,,,,,
Isaiah Livers,DET,Detroit Pistons,2023-24,21,10,11,61.0,25.0,36.0,7.689286334925717e-05,0.02128685974146579,0.5144927536231884,15.0,14.0,5.0,0.171,,,,,,,,,,
Danuel House Jr.,PHI,Philadelphia 76ers,2023-24,20,11,9,61.0,26.0,35.0,0.00012149028077753781,0.02198362395582076,0.6862745098039216,7.0,47.0,6.0,0.573,,,,,,,,,,
Lamar Stevens,MEM,Memphis Grizzlies,2023-24,23,13,10,61.0,16.0,45.0,0.00038942602666815077,0.011451571128013247,0.7222222222222222,13.0,27.0,6.0,0.329,,,,,,,,,,
Seth Curry,DAL,Dallas Mavericks,2023-24,22,11,11,57.0,26.0,31.0,0.00038501845960697525,0.014792904129058386,0.7166666666666667,5.0,50.0,6.0,0.61,,,,,,,,,,
Johnny Davis,WAS,Washington Wizards,2023-24,16,9,7,57.0,23.0,34.0,8.999280057595393e-05,0.023056754502972867,0.6323529411764706,14.0,15.0,5.0,0.183,,,,,,,,,,
Cory Joseph,GSW,Golden State Warriors,2023-24,17,8,9,57.0,40.0,17.0,0.0002142537956569386,0.030662518332674717,0.9120879120879121,10.0,46.0,6.0,0.561,,,,,,,,,,
Neemias Queta,BOS,Boston Celtics,2023-24,21,13,8,57.0,14.0,43.0,0.00010752588068816565,0.014709890237368647,0.6958333333333333,1.0,64.0,6.0,0.78,,,,,,,,,,
Patrick Baldwin Jr.,WAS,Washington Wizards,2023-24,15,7,8,56.0,20.0,36.0,0.00017486532111913805,0.024039244454223382,0.6323529411764706,14.0,15.0,5.0,0.183,,,,,,,,,,
Chimezie Metu,DET,Detroit Pistons,2023-24,15,7,8,56.0,20.0,36.0,2.258686300169878e-05,0.01922592443230662,0.5144927536231884,15.0,14.0,5.0,0.171,,,,,,,,,,
Delon Wright,MIA,Miami Heat,2023-24,21,11,10,55.0,35.0,20.0,0.00028425312181922,0.02043315652628894,0.8523809523809524,8.0,46.0,6.0,0.561,,,,,,,,,,
Wesley Matthews,ATL,Atlanta Hawks,2023-24,19,10,9,53.0,21.0,32.0,0.00012350736079044713,0.02064052056574156,0.8296703296703297,10.0,36.0,6.0,0.439,,,,,,,,,,
Mitchell Robinson,NYK,New York Knicks,2023-24,13,6,7,53.0,18.0,35.0,0.0,0.03856262460468323,0.5588235294117647,2.0,50.0,6.0,0.61,,,,,,,,,,
Matt Ryan,NOP,New Orleans Pelicans,2023-24,18,11,7,51.0,13.0,38.0,0.0004887540031280256,0.02993087642818394,0.9545454545454546,7.0,49.0,6.0,0.598,,,,,,,,,,
Mike Muscala,WAS,Washington Wizards,2023-24,17,9,8,50.0,22.0,28.0,6.20640003972096e-05,0.0242449407145015,0.6323529411764706,14.0,15.0,5.0,0.183,,,,,,,,,,
Devonte' Graham,SAS,San Antonio Spurs,2023-24,16,5,11,50.0,37.0,13.0,0.0003661776023435367,0.022451619421425206,0.9102564102564102,14.0,22.0,6.0,0.268,,,,,,,,,,
Robert Covington,PHI,Philadelphia 76ers,2023-24,18,10,8,49.0,17.0,32.0,0.00031501913344469387,0.019399936820595168,0.6862745098039216,7.0,47.0,6.0,0.573,,,,,,,,,,
Alec Burks,NYK,New York Knicks,2023-24,15,8,7,49.0,20.0,29.0,7.793465192735321e-05,0.02177564011089565,0.5588235294117647,2.0,50.0,6.0,0.61,,,,,,,,,,
Malachi Flynn,DET,Detroit Pistons,2023-24,18,8,10,49.0,32.0,17.0,4.0803385975427376e-05,0.014785053528313056,0.5144927536231884,15.0,14.0,5.0,0.171,,,,,,,,,,
Noah Clowney,BKN,Brooklyn Nets,2023-24,19,11,8,48.0,14.0,34.0,0.0006246741639979146,0.013621724340823345,0.7208333333333333,11.0,32.0,6.0,0.39,,,,,,,,,,
Xavier Tillman,BOS,Boston Celtics,2023-24,17,10,7,48.0,19.0,29.0,4.375512028003277e-05,0.02094449743310543,0.6958333333333333,1.0,64.0,6.0,0.78,,,,,,,,,,
Jaden Springer,PHI,Philadelphia 76ers,2023-24,20,9,11,48.0,27.0,21.0,0.0004507841343135899,0.016223630050460073,0.6862745098039216,7.0,47.0,6.0,0.573,,,,,,,,,,
Richaun Holmes,WAS,Washington Wizards,2023-24,13,8,5,46.0,10.0,36.0,0.00011652516074576102,0.030846295957527154,0.6323529411764706,14.0,15.0,5.0,0.183,,,,,,,,,,
Stanley Umude,DET,Detroit Pistons,2023-24,18,11,7,45.0,11.0,34.0,0.00018778793263041424,0.01729971731262088,0.5144927536231884,15.0,14.0,5.0,0.171,,,,,,,,,,
Troy Brown Jr.,DET,Detroit Pistons,2023-24,17,8,9,44.0,22.0,22.0,8.09491890895034e-05,0.014803247520927355,0.5144927536231884,15.0,14.0,5.0,0.171,,,,,,,,,,
Brandon Boston,LAC,LA Clippers,2023-24,14,9,5,44.0,9.0,35.0,8.688960055609345e-05,0.021042798810750947,0.5916666666666667,,,,0.622,,,,,,,,,,
Jericho Sims,NYK,New York Knicks,2023-24,17,9,8,44.0,23.0,21.0,0.00015154698954132932,0.019096765037642852,0.5588235294117647,2.0,50.0,6.0,0.61,,,,,,,,,,
Jordan Nwora,IND,Indiana Pacers,2023-24,17,9,8,41.0,15.0,26.0,0.00010444484638273273,0.021138809453126184,0.7279411764705882,6.0,47.0,6.0,0.573,,,,,,,,,,
Yuta Watanabe,PHX,Phoenix Suns,2023-24,16,8,8,41.0,11.0,30.0,0.00017315856110821477,0.021091148193127084,0.6801470588235294,6.0,49.0,6.0,0.598,,,,,,,,,,
Leaky Black,CHA,Charlotte Hornets,2023-24,20,12,8,39.0,20.0,19.0,0.00021126142420921595,0.013792227707436532,0.6236842105263158,13.0,21.0,6.0,0.256,,,,,,,,,,
Doug McDermott,IND,Indiana Pacers,2023-24,14,9,5,37.0,13.0,24.0,0.0002876888075554941,0.018181759871169063,0.7279411764705882,6.0,47.0,6.0,0.573,,,,,,,,,,
Patty Mills,MIA,Miami Heat,2023-24,15,6,9,36.0,20.0,16.0,0.0002380154415232988,0.017416529147968263,0.8523809523809524,8.0,46.0,6.0,0.561,,,,,,,,,,
Onuralp Bitim,CHI,Chicago Bulls,2023-24,14,7,7,36.0,13.0,23.0,0.0002837876418162409,0.025013967370780155,0.9318181818181818,9.0,39.0,6.0,0.476,,,,,,,,,,
Garrett Temple,TOR,Toronto Raptors,2023-24,16,9,7,34.0,21.0,13.0,7.491272619372717e-05,0.014218357508447575,0.6333333333333333,12.0,25.0,6.0,0.305,,,,,,,,,,
Justin Minaya,POR,Portland Trail Blazers,2023-24,14,6,8,31.0,19.0,12.0,0.00036772920235346684,0.016968315007127116,0.6911764705882353,15.0,21.0,6.0,0.256,,,,,,,,,,
Seth Curry,CHA,Charlotte Hornets,2023-24,13,7,6,31.0,14.0,17.0,7.292520046672129e-05,0.02386369150236591,0.6236842105263158,13.0,21.0,6.0,0.256,,,,,,,,,,
Patty Mills,ATL,Atlanta Hawks,2023-24,14,8,6,31.0,14.0,17.0,0.00015205680097316352,0.01812559645409811,0.8296703296703297,10.0,36.0,6.0,0.439,,,,,,,,,,
P.J. Tucker,LAC,LA Clippers,2023-24,16,8,8,30.0,16.0,14.0,0.0006113304039125146,0.01678159395895978,0.5916666666666667,,,,0.622,,,,,,,,,,
Richaun Holmes,DAL,Dallas Mavericks,2023-24,14,6,8,29.0,13.0,16.0,0.00023200853291342605,0.01611975887909544,0.7166666666666667,5.0,50.0,6.0,0.61,,,,,,,,,,
Dalano Banton,BOS,Boston Celtics,2023-24,11,3,8,28.0,19.0,9.0,7.486470047913408e-05,0.0158645184616706,0.6958333333333333,1.0,64.0,6.0,0.78,,,,,,,,,,
Tre Mann,OKC,Oklahoma City Thunder,2023-24,15,6,9,28.0,19.0,9.0,0.00017222760110225665,0.01755129521275388,0.6078431372549019,1.0,57.0,6.0,0.695,,,,,,,,,,
Mike Muscala,DET,Detroit Pistons,2023-24,16,9,7,23.0,10.0,13.0,0.0002739017331815425,0.009098852222599334,0.5144927536231884,15.0,14.0,5.0,0.171,,,,,,,,,,
Marcus Morris Sr.,CLE,Cleveland Cavaliers,2023-24,14,9,5,23.0,7.0,16.0,0.0003343698021399668,0.021428996090846034,0.9102564102564102,4.0,48.0,6.0,0.585,,,,,,,,,,
Danilo Gallinari,DET,Detroit Pistons,2023-24,12,4,8,22.0,12.0,10.0,6.629026328140054e-05,0.0135039728772368,0.5144927536231884,15.0,14.0,5.0,0.171,,,,,,,,,,
Lamar Stevens,BOS,Boston Celtics,2023-24,12,8,4,20.0,7.0,13.0,0.00020108736128695914,0.013411624356870287,0.6958333333333333,1.0,64.0,6.0,0.78,,,,,,,,,,
Quentin Grimes,DET,Detroit Pistons,2023-24,13,5,8,20.0,13.0,7.0,0.00012090288934520706,0.012427257975564935,0.5144927536231884,15.0,14.0,5.0,0.171,,,,,,,,,,
Danilo Gallinari,MIL,Milwaukee Bucks,2023-24,12,7,5,19.0,10.0,9.0,0.00042203520270102526,0.011736335439059453,0.8351648351648352,3.0,49.0,6.0,0.598,,,,,,,,,,
Ibou Badji,POR,Portland Trail Blazers,2023-24,14,5,9,18.0,13.0,5.0,0.0005554728035550259,0.011100550282180328,0.6911764705882353,15.0,21.0,6.0,0.256,,,,,,,,,,
Davis Bertans,OKC,Oklahoma City Thunder,2023-24,14,7,7,17.0,8.0,9.0,0.00020248380129589633,0.012524098101436808,0.6078431372549019,1.0,57.0,6.0,0.695,,,,,,,,,,
Thaddeus Young,PHX,Phoenix Suns,2023-24,11,5,6,16.0,10.0,6.0,0.0002384144243829952,0.012720713832546169,0.6801470588235294,6.0,49.0,6.0,0.598,,,,,,,,,,
Nathan Mensah,CHA,Charlotte Hornets,2023-24,10,5,5,16.0,9.0,7.0,0.0002604471445240046,0.013218644649449834,0.6236842105263158,13.0,21.0,6.0,0.256,,,,,,,,,,
Shake Milton,DET,Detroit Pistons,2023-24,9,5,4,15.0,6.0,9.0,7.592496048591976e-05,0.013781145294310465,0.5144927536231884,15.0,14.0,5.0,0.171,,,,,,,,,,
Skylar Mays,LAL,Los Angeles Lakers,2023-24,10,5,5,13.0,7.0,6.0,0.0001700553610883543,0.013503468494890515,0.8589743589743589,8.0,47.0,6.0,0.573,,,,,,,,,,
Monte Morris,DET,Detroit Pistons,2023-24,10,3,7,12.0,8.0,4.0,0.00019160043551195709,0.009340337063126718,0.5144927536231884,15.0,14.0,5.0,0.171,,,,,,,,,,
Robert Covington,LAC,LA Clippers,2023-24,7,2,5,11.0,8.0,3.0,8.688960055609345e-05,0.013780570535989255,0.5916666666666667,,,,0.622,,,,,,,,,,
Jaden Springer,BOS,Boston Celtics,2023-24,8,2,6,10.0,7.0,3.0,0.0001074483006876691,0.009934207421136338,0.6958333333333333,1.0,64.0,6.0,0.78,,,,,,,,,,
Yuta Watanabe,MEM,Memphis Grizzlies,2023-24,7,3,4,9.0,5.0,4.0,0.00025549395987691957,0.011334306944520613,0.7222222222222222,13.0,27.0,6.0,0.329,,,,,,,,,,
Malachi Flynn,NYK,New York Knicks,2023-24,8,3,5,9.0,6.0,3.0,0.00023994385867849783,0.01321436285875706,0.5588235294117647,2.0,50.0,6.0,0.61,,,,,,,,,,
Keita Bates-Diop,BKN,Brooklyn Nets,2023-24,7,4,3,9.0,4.0,5.0,2.7928800178744324e-05,0.009984016424462502,0.7208333333333333,11.0,32.0,6.0,0.39,,,,,,,,,,
Mike Muscala,OKC,Oklahoma City Thunder,2023-24,5,3,2,6.0,3.0,3.0,0.0001298689208311611,0.01191405979465819,0.6078431372549019,1.0,57.0,6.0,0.695,,,,,,,,,,
Shake Milton,NYK,New York Knicks,2023-24,4,2,2,6.0,3.0,3.0,9.775080062560512e-05,0.014474176805599148,0.5588235294117647,2.0,50.0,6.0,0.61,,,,,,,,,,
David Roddy,PHX,Phoenix Suns,2023-24,5,3,2,6.0,2.0,4.0,9.520174346643403e-05,0.010041707940733018,0.6801470588235294,6.0,49.0,6.0,0.598,,,,,,,,,,
Nicolas Batum,LAC,LA Clippers,2023-24,3,2,1,5.0,2.0,3.0,2.482560015888384e-05,0.009230518625736227,0.5916666666666667,,,,0.622,,,,,,,,,,
Bismack Biyombo,OKC,Oklahoma City Thunder,2023-24,4,2,2,5.0,2.0,3.0,0.0001155942007398029,0.010156074272509797,0.6078431372549019,1.0,57.0,6.0,0.695,,,,,,,,,,
Evan Fournier,NYK,New York Knicks,2023-24,5,2,3,5.0,3.0,2.0,0.00011953969790791121,0.015768501485506275,0.5588235294117647,2.0,50.0,6.0,0.61,,,,,,,,,,
Jacob Gilyard,BKN,Brooklyn Nets,2023-24,3,0,3,4.0,4.0,0.0,0.00013421340085896578,0.017715251988402205,0.7208333333333333,11.0,32.0,6.0,0.39,,,,,,,,,,
KJ Martin,LAC,LA Clippers,2023-24,3,2,1,3.0,1.0,2.0,8.844120056602368e-05,0.013913223004264837,0.5916666666666667,,,,0.622,,,,,,,,,,
P.J. Tucker,PHI,Philadelphia 76ers,2023-24,2,2,0,2.0,0.0,2.0,1.16370000744768e-05,0.018979493076898384,0.6862745098039216,7.0,47.0,6.0,0.573,,,,,,,,,,
Aleksej Pokusevski,OKC,Oklahoma City Thunder,2023-24,2,1,1,2.0,1.0,1.0,1.008540006454656e-05,0.0,0.6078431372549019,1.0,57.0,6.0,0.695,,,,,,,,,,
Daniel Theis,IND,Indiana Pacers,2023-24,1,1,0,1.0,0.0,1.0,0.0,0.0,0.7279411764705882,6.0,47.0,6.0,0.573,,,,,,,,,,
Josh Hart,DEN,Denver Nuggets,2023-24,0,0,0,0.0,0.0,0.0,0.0,0.0,0.7878787878787878,2.0,57.0,6.0,0.695,,,,,,,,,,
Kentavious Caldwell-Pope,POR,Portland Trail Blazers,2023-24,0,0,0,0.0,0.0,0.0,0.0,0.0,0.6911764705882353,15.0,21.0,6.0,0.256,,,,,,,,,,
Tobias Harris,DAL,Dallas Mavericks,2023-24,0,0,0,0.0,0.0,0.0,0.0,0.0,0.7166666666666667,5.0,50.0,6.0,0.61,70.0,33.8,17.2,3.1,6.5,1.0,0.7,0.487,0.353,19.8
Trey Jemison III,WAS,Washington Wizards,2023-24,0,0,0,0.0,0.0,0.0,0.0,0.0,0.6323529411764706,14.0,15.0,5.0,0.183,,,,,,,,,,
Zach LaVine,ORL,Orlando Magic,2023-24,0,0,0,0.0,0.0,0.0,0.0,0.0,0.7802197802197802,5.0,47.0,6.0,0.573,,,,,,,,,,
