TEAM_ABBREVIATION,SEASON,Degree_Entropy,Degree_Entropy_Norm,In_Degree_Entropy,Out_Degree_Entropy,Max_Entropy,Entropy_Ratio,Num_Players,Gini_Calc,W_PCT,WINS,LOSSES,Density,Gini_Coefficient,Star_Weighted_Degree,Star_Player_Name,Entropy_Quartile,Is_Champion,Category
ATL,2015-16,3.2449653343700082,0.8769134431407816,3.2114686078724652,3.270286216488215,3.700439718141092,0.8769134431407816,13,0.42966031429970836,0.547,48,34,0.9551282051282052,0.4296603142997083,8813,Jeff Teague,Low,False,Other Teams
ATL,2016-17,3.3760588583452527,0.9123399151172251,3.3230508484432684,3.41299641129806,3.700439718141092,0.9123399151172251,13,0.3683538832053683,0.532,42,47,1.0064102564102564,0.3683538832053683,9834,Dennis Schröder,Medium,False,Other Teams
ATL,2017-18,3.3483303949133076,0.9339931433703289,3.2942593705683514,3.382689293102229,3.584962500721156,0.9339931433703289,12,0.316254648055758,0.264,24,58,1.0,0.316254648055758,7150,Dennis Schröder,Very High,False,Other Teams
ATL,2018-19,3.285750258598043,0.9165368558072998,3.21115165404431,3.3336888648659926,3.584962500721156,0.9165368558072998,12,0.3279511304840882,0.358,29,53,1.0,0.3279511304840882,9860,Trae Young,High,False,Other Teams
ATL,2019-20,3.4090821466130325,0.9212640675918313,3.3336199737698777,3.461811655393632,3.9068905956085187,0.8725819326614775,15,0.4309058793843048,0.382,22,44,0.7142857142857143,0.4309058793843048,6009,Trae Young,High,False,Other Teams
ATL,2020-21,3.3698061132553994,0.9106501848240387,3.3098443110329017,3.405774748216839,3.700439718141092,0.9106501848240387,13,0.3683800370165925,0.54,44,30,0.9743589743589745,0.3683800370165925,8014,Trae Young,Medium,False,Other Teams
ATL,2021-22,3.2221311815801097,0.9314047903769052,3.1434723081492715,3.2721763341885497,3.4594316186372973,0.9314047903769052,11,0.29491080665102315,0.541,42,36,0.990909090909091,0.2949108066510231,8993,Trae Young,High,False,Other Teams
ATL,2022-23,3.2658352389634224,0.8577701070218248,3.1538394088788717,3.343157566618299,3.807354922057604,0.8577701070218248,14,0.460206556784283,0.5,41,53,0.8791208791208791,0.460206556784283,8430,Trae Young,Low,False,Other Teams
ATL,2023-24,3.291947134091958,0.8896097179893152,3.231185421172882,3.33490248082245,3.700439718141092,0.8896097179893152,13,0.4172183222508289,0.444,35,44,0.9743589743589745,0.4172183222508289,9313,Dejounte Murray,Low,False,Other Teams
BKN,2015-16,3.4818298421204514,0.9145009891115615,3.4504796414114542,3.4849580693423348,3.807354922057604,0.9145009891115615,14,0.37531644099681816,0.288,21,58,0.9505494505494504,0.3753164409968181,6253,Shane Larkin,Medium,False,Other Teams
BKN,2016-17,3.660861713270477,0.9370269332305884,3.646567800320716,3.6562738732303637,3.9068905956085187,0.9370269332305884,15,0.3060439206594539,0.13,28,59,0.9666666666666668,0.3060439206594539,4855,Trevor Booker,Very High,False,Other Teams
BKN,2017-18,3.3915609001657057,0.9165291582886396,3.3516725028372747,3.4192862633602665,3.700439718141092,0.9165291582886396,13,0.3442684256998909,0.333,34,52,0.9551282051282052,0.3442684256998909,8191,Spencer Dinwiddie,High,False,Other Teams
BKN,2018-19,3.4952829635203546,0.9445588172629934,3.4151845283041333,3.5444394160587516,3.700439718141092,0.9445588172629934,13,0.28594045071131813,0.475,42,39,0.9871794871794872,0.2859404507113181,9776,D'Angelo Russell,Very High,False,Other Teams
BKN,2019-20,3.3756185179882268,0.9122209183518226,3.3073339645672735,3.4232202593794914,3.700439718141092,0.9122209183518226,13,0.36640537288485453,0.469,33,37,0.9294871794871796,0.3664053728848545,6556,Spencer Dinwiddie,Medium,False,Other Teams
BKN,2020-21,3.512166763050316,0.9224689672882506,3.4664697238079243,3.5469513612771,3.807354922057604,0.9224689672882506,14,0.351698606271777,0.522,45,24,0.9615384615384616,0.351698606271777,5742,Kyrie Irving,High,False,Other Teams
BKN,2021-22,3.6681198513151885,0.9388847119083097,3.611238753062093,3.710776000426104,3.9068905956085187,0.9388847119083097,15,0.31525507677067854,0.375,44,37,0.9476190476190476,0.3152550767706785,4047,Kevin Durant,Very High,False,Other Teams
BKN,2022-23,3.6245546062209204,0.9519875820408429,3.6368337811197735,3.5933234848046065,3.807354922057604,0.9519875820408429,14,0.28105492354251355,0.45,42,41,0.978021978021978,0.2810549235425135,4463,Royce O'Neale,Very High,False,Other Teams
BKN,2023-24,3.434353057462144,0.9020312336959962,3.402012428866157,3.4502231300915,3.807354922057604,0.9020312336959962,14,0.37737690658251405,0.397,32,50,0.8956043956043956,0.377376906582514,4610,Mikal Bridges,Medium,False,Other Teams
BOS,2015-16,3.1488394377675926,0.9478951222977514,3.096004006053069,3.1836452671322633,3.321928094887362,0.9478951222977514,10,0.25727611940298506,0.58,48,34,1.022222222222222,0.257276119402985,10479,Isaiah Thomas,Very High,False,Other Teams
BOS,2016-17,3.3416717335405095,0.9321357567529072,3.2930558519674555,3.3738388626285567,3.584962500721156,0.9321357567529072,12,0.31775187825081874,0.618,51,29,1.0151515151515151,0.3177518782508187,10108,Isaiah Thomas,High,False,Other Teams
BOS,2017-18,3.4706262119577262,0.9378956222265358,3.4365962165073127,3.4947483702508673,3.700439718141092,0.9378956222265358,13,0.31468653804100993,0.412,54,30,1.0,0.3146865380410099,6835,Terry Rozier,Very High,False,Other Teams
BOS,2018-19,3.2583255465188428,0.9418673081916064,3.228218510395968,3.281902292738861,3.4594316186372973,0.9418673081916064,11,0.28330094550680146,0.552,48,33,0.9818181818181818,0.2833009455068014,7566,Kyrie Irving,Very High,False,Other Teams
BOS,2019-20,3.297372782001529,0.9197788767213674,3.251060545658157,3.332990942803155,3.584962500721156,0.9197788767213674,12,0.3366413593637021,0.667,48,23,0.9621212121212122,0.3366413593637021,5880,Kemba Walker,High,False,Other Teams
BOS,2020-21,3.155507337465984,0.8527384791586732,3.099135346149905,3.197992482350612,3.700439718141092,0.8527384791586732,13,0.45952994783859946,0.5,34,35,0.6730769230769231,0.4595299478385994,4201,Jayson Tatum,Low,False,Other Teams
BOS,2021-22,3.09496576357157,0.8633188667800521,3.0340899387031044,3.141633583982746,3.584962500721156,0.8633188667800521,12,0.4411800166600903,0.426,49,35,0.8181818181818182,0.4411800166600903,6208,Marcus Smart,Low,False,Other Teams
BOS,2022-23,3.379186752682805,0.913185191510249,3.3118322496428227,3.433183585559892,3.700439718141092,0.913185191510249,13,0.36315527613189197,0.687,57,31,0.9807692307692308,0.3631552761318919,7291,Jayson Tatum,Medium,False,Other Teams
BOS,2023-24,3.300849225593338,0.8669665143299706,3.2564746214177016,3.335476566434859,3.807354922057604,0.8669665143299706,14,0.4494336376236677,0.78,64,24,0.9395604395604396,0.4494336376236677,7189,Jayson Tatum,Low,True,Champions
CHA,2015-16,3.0954051010220938,0.8947727379104556,3.0684599101258265,3.0962874366332116,3.4594316186372973,0.8947727379104556,11,0.3915095353325224,0.58,49,34,1.0272727272727271,0.3915095353325224,10897,Kemba Walker,Low,False,Other Teams
CHA,2016-17,3.082773583514826,0.891121410496086,3.065251999514825,3.075730790375321,3.4594316186372973,0.891121410496086,11,0.39065627304329503,0.39,36,45,0.9727272727272728,0.390656273043295,10191,Kemba Walker,Low,False,Other Teams
CHA,2017-18,3.3913290974554937,0.8907310106047907,3.344389797535446,3.416656973232046,3.807354922057604,0.8907310106047907,14,0.410658922085975,0.417,36,46,0.9835164835164836,0.410658922085975,10386,Kemba Walker,Low,False,Other Teams
CHA,2018-19,3.580076181800678,0.9163492281623674,3.4891587241045396,3.6389221537912078,3.9068905956085187,0.9163492281623674,15,0.34347276100522856,0.467,39,43,0.9571428571428572,0.3434727610052285,10749,Kemba Walker,Medium,False,Other Teams
CHA,2019-20,3.1284197831818483,0.9043161212749053,3.046858127884955,3.1903980903577787,3.4594316186372973,0.9043161212749053,11,0.3729145486649901,0.333,23,42,0.9636363636363636,0.3729145486649901,8350,Devonte' Graham,Medium,False,Other Teams
CHA,2020-21,3.477978204819843,0.939882411208957,3.433691123801486,3.5118778696254385,3.700439718141092,0.939882411208957,13,0.3111360398860399,0.383,32,38,0.9871794871794872,0.3111360398860399,6776,Terry Rozier,Very High,False,Other Teams
CHA,2021-22,3.1443497722546683,0.9089209207994859,3.111404576139275,3.1667329711325,3.4594316186372973,0.9089209207994859,11,0.3636062541669355,0.513,41,39,1.0,0.3636062541669355,9455,LaMelo Ball,Medium,False,Other Teams
CHA,2022-23,3.525790484908698,0.9260472314998306,3.4855582531819733,3.547583362684201,3.807354922057604,0.9260472314998306,14,0.3509824685257089,0.265,24,49,0.989010989010989,0.3509824685257089,5690,Terry Rozier,High,False,Other Teams
CHA,2023-24,3.7163519634003905,0.9092075225480393,3.690672282669663,3.7298723408733108,4.087462841250339,0.9092075225480393,17,0.394146564635099,0.077,34,56,0.8014705882352942,0.394146564635099,4428,Miles Bridges,Medium,False,Other Teams
CHI,2015-16,3.5098290528974077,0.9218549688035375,3.4754487362912827,3.528793968149963,3.807354922057604,0.9218549688035375,14,0.3573815337727431,0.419,41,40,0.956043956043956,0.3573815337727431,7833,Derrick Rose,High,False,Other Teams
CHI,2016-17,3.536048343493453,0.9050799496326042,3.5089487198638465,3.5427452765364453,3.9068905956085187,0.9050799496326042,15,0.3952608583911591,0.46,41,41,0.961904761904762,0.3952608583911591,6657,Jimmy Butler III,Medium,False,Other Teams
CHI,2017-18,3.6232132510718715,0.9273905072091063,3.6252791844650902,3.5994966412869345,3.9068905956085187,0.9273905072091063,15,0.34899228431143325,0.338,26,51,0.9428571428571428,0.3489922843114332,6042,Lauri Markkanen,High,False,Other Teams
CHI,2018-19,3.4480448880843504,0.9317932869384691,3.4263562626771087,3.4495986956262086,3.700439718141092,0.9317932869384691,13,0.32833020637898686,0.227,27,59,0.9230769230769232,0.3283302063789868,4454,Kris Dunn,High,False,Other Teams
CHI,2019-20,3.4578296623620037,0.9081973530571962,3.403571054650463,3.4973622772310655,3.807354922057604,0.9081973530571962,14,0.38781738476553124,0.333,22,43,0.9285714285714286,0.3878173847655312,6360,Tomas Satoransky,Medium,False,Other Teams
CHI,2020-21,3.37134084840416,0.8854811062852502,3.3366652769663627,3.3949708539431214,3.807354922057604,0.8854811062852502,14,0.4188830811083641,0.431,30,44,0.989010989010989,0.4188830811083641,5842,Coby White,Low,False,Other Teams
CHI,2021-22,3.2671264863850533,0.9113418859270728,3.1818291181895724,3.324633556126852,3.584962500721156,0.9113418859270728,12,0.36359411243007234,0.585,43,37,0.9696969696969696,0.3635941124300723,6743,Nikola Vučević,Medium,False,Other Teams
CHI,2022-23,3.1781879681757084,0.918702353026312,3.1225297574841835,3.215382958590188,3.4594316186372973,0.918702353026312,11,0.33607593502933647,0.5,40,42,0.990909090909091,0.3360759350293364,7301,Nikola Vučević,High,False,Other Teams
CHI,2023-24,3.235453310128039,0.9025068768438137,3.176969161068652,3.279493533126959,3.584962500721156,0.9025068768438137,12,0.3783899331093556,0.468,37,42,0.9696969696969696,0.3783899331093556,8339,Coby White,Medium,False,Other Teams
CLE,2015-16,3.2174043694101604,0.9300384352379615,3.1623299674714977,3.2506637224428077,3.4594316186372973,0.9300384352379615,11,0.3218103204155554,0.688,57,35,1.0363636363636364,0.3218103204155554,8377,LeBron James,High,True,Champions
CLE,2016-17,3.17774727138912,0.8587485578566469,3.0967841324549976,3.234021224773173,3.700439718141092,0.8587485578566469,13,0.4609353955509812,0.296,51,39,0.8461538461538461,0.4609353955509812,8941,LeBron James,Low,False,Other Teams
CLE,2017-18,3.257490480368249,0.9086539900244334,3.188395777057163,3.306075389349688,3.584962500721156,0.9086539900244334,12,0.34734480456871614,0.418,50,41,0.9848484848484848,0.3473448045687161,7631,LeBron James,Medium,False,Other Teams
CLE,2018-19,3.3994212051713535,0.8928563989338321,3.3032131676971432,3.4684033648552037,3.807354922057604,0.8928563989338321,14,0.4150792059354321,0.148,33,63,0.8736263736263736,0.4150792059354321,6467,Collin Sexton,Low,False,Other Teams
CLE,2019-20,3.207878069251423,0.894814957926651,3.1556812778433065,3.242695338778276,3.584962500721156,0.894814957926651,12,0.3880782498767972,0.286,21,46,0.9545454545454546,0.3880782498767972,5532,Collin Sexton,Low,False,Other Teams
CLE,2020-21,3.4513319051964633,0.9064907201588824,3.3667535386881995,3.515467721131242,3.807354922057604,0.9064907201588824,14,0.38806221937694113,0.188,20,47,0.978021978021978,0.3880622193769411,6050,Collin Sexton,Medium,False,Other Teams
CLE,2021-22,3.3573712065948316,0.9365150140118503,3.310517729558994,3.391211915680227,3.584962500721156,0.9365150140118503,12,0.29709303450811897,0.397,40,36,1.0,0.2970930345081189,8073,Darius Garland,Very High,False,Other Teams
CLE,2022-23,3.1829142669939348,0.9200685597733291,3.1150204877176146,3.2256493786420046,3.4594316186372973,0.9200685597733291,11,0.3468510809722036,0.608,48,31,1.0,0.3468510809722036,7791,Darius Garland,High,False,Other Teams
CLE,2023-24,3.4567907533486983,0.9341567534263765,3.4186958419295888,3.482092717045518,3.700439718141092,0.9341567534263765,13,0.3109434529449821,0.531,48,34,0.9743589743589745,0.3109434529449821,6725,Darius Garland,Very High,False,Other Teams
DAL,2015-16,3.4186213247736164,0.8978993014200249,3.3622406480835436,3.465891886811476,3.807354922057604,0.8978993014200249,14,0.40271711446129166,0.507,40,40,0.9725274725274724,0.4027171144612916,9588,Deron Williams,Medium,False,Other Teams
DAL,2016-17,3.3068040311446185,0.9224096571385104,3.256960481711941,3.345983788642978,3.584962500721156,0.9224096571385104,12,0.3151692521306138,0.397,40,48,0.9015151515151516,0.3151692521306138,4418,Seth Curry,High,False,Other Teams
DAL,2017-18,3.3033371412917107,0.8926877325138902,3.242070700502981,3.3528183034918153,3.700439718141092,0.8926877325138902,13,0.405446502626486,0.312,30,58,1.0,0.405446502626486,8344,Dennis Smith Jr.,Low,False,Other Teams
DAL,2018-19,3.5584168794558892,0.9346165388575906,3.547094738725233,3.5561899219620003,3.807354922057604,0.9346165388575906,14,0.3256538802602351,0.176,36,51,0.945054945054945,0.3256538802602351,4935,Luka Dončić,Very High,False,Other Teams
DAL,2019-20,3.4831146502469963,0.8915311460633525,3.4565425746545975,3.4989437212147028,3.9068905956085187,0.8915311460633525,15,0.40493889167922315,0.625,42,38,0.9047619047619048,0.4049388916792231,7730,Luka Dončić,Low,False,Other Teams
DAL,2020-21,3.3010130805960842,0.8920596826407271,3.230756538275872,3.353975273272208,3.700439718141092,0.8920596826407271,13,0.4040827812028344,0.6,42,28,0.9743589743589745,0.4040827812028344,8108,Luka Dončić,Low,False,Other Teams
DAL,2021-22,3.4174656307224427,0.8975957589148389,3.3678676029938663,3.4524689280747873,3.807354922057604,0.8975957589148389,14,0.4053565057846185,0.571,52,30,0.9725274725274724,0.4053565057846185,7499,Luka Dončić,Medium,False,Other Teams
DAL,2022-23,3.400833582616375,0.8932273592130641,3.356230702689371,3.433911451146152,3.807354922057604,0.8932273592130641,14,0.4080882738926393,0.486,37,41,0.9615384615384616,0.4080882738926393,6016,Luka Dončić,Low,False,Other Teams
DAL,2023-24,3.3143003374920794,0.9245006989125745,3.223983697042176,3.384078260911041,3.584962500721156,0.9245006989125745,12,0.33035224571881283,0.603,49,44,0.9545454545454546,0.3303522457188128,7620,Luka Dončić,High,False,Other Teams
DEN,2015-16,3.480520898555711,0.9141571956928926,3.4431464699496193,3.5009787990158943,3.807354922057604,0.9141571956928926,14,0.3556668016343358,0.308,35,55,0.9285714285714286,0.3556668016343358,7534,Emmanuel Mudiay,Medium,False,Other Teams
DEN,2016-17,3.3959383650190653,0.9177121163116819,3.374341216517725,3.403380552859933,3.700439718141092,0.9177121163116819,13,0.3380949251071723,0.488,40,43,0.9230769230769232,0.3380949251071723,6852,Jameer Nelson,High,False,Other Teams
DEN,2017-18,3.1233367545450657,0.8712327545732406,3.100118013899614,3.1320549366372843,3.584962500721156,0.8712327545732406,12,0.4366067750419875,0.568,46,38,0.9621212121212122,0.4366067750419875,9103,Jamal Murray,Low,False,Other Teams
DEN,2018-19,3.2003323822813137,0.9251035242436603,3.1973448859818427,3.189228000330194,3.4594316186372973,0.9251035242436603,11,0.327327650510081,0.659,54,28,1.0,0.327327650510081,10286,Nikola Jokić,High,False,Other Teams
DEN,2019-20,3.187440849441562,0.8371798570643835,3.1880930425452285,3.1782630315973592,3.807354922057604,0.8371798570643835,14,0.4989298828466515,0.655,46,34,0.8626373626373627,0.4989298828466515,9857,Nikola Jokić,Low,False,Other Teams
DEN,2020-21,3.186375782513258,0.8888170467256721,3.1938592573524653,3.1743197526289104,3.584962500721156,0.8888170467256721,12,0.3992958272628787,0.457,47,25,0.9545454545454546,0.3992958272628787,9481,Nikola Jokić,Low,False,Other Teams
DEN,2021-22,3.375481556345621,0.9121839060902974,3.383005405489148,3.362816796474181,3.700439718141092,0.9121839060902974,13,0.3740690336138548,0.585,46,39,1.0,0.3740690336138548,9902,Nikola Jokić,Medium,False,Other Teams
DEN,2022-23,3.1674292941722952,0.8559602467361491,3.162769431068486,3.1645157655172658,3.700439718141092,0.8559602467361491,13,0.47414665317642046,0.662,53,32,0.967948717948718,0.4741466531764204,8973,Nikola Jokić,Low,True,Champions
DEN,2023-24,3.097457773656002,0.8953660933688637,3.0899329183061415,3.098543965097541,3.4594316186372973,0.8953660933688637,11,0.38263976222905904,0.695,57,25,0.9818181818181818,0.382639762229059,10678,Nikola Jokić,Medium,False,Other Teams
DET,2015-16,3.168272712710839,0.9158362014274621,3.114712785972556,3.1996485504534853,3.4594316186372973,0.9158362014274621,11,0.3450801407128395,0.531,43,39,1.018181818181818,0.3450801407128395,7351,Reggie Jackson,Medium,False,Other Teams
DET,2016-17,3.2424041009769886,0.9372649783013205,3.227924650227496,3.2437405589305337,3.4594316186372973,0.9372649783013205,11,0.2960369672176697,0.453,37,45,0.9818181818181818,0.2960369672176697,7727,Ish Smith,Very High,False,Other Teams
DET,2017-18,3.4268733473141815,0.9000666913034209,3.4524548519943257,3.376182472001565,3.807354922057604,0.9000666913034209,14,0.39228416310097514,0.476,39,47,0.8131868131868132,0.3922841631009751,6379,Ish Smith,Medium,False,Other Teams
DET,2018-19,3.250502279449615,0.8784097369602599,3.2125494995402795,3.2767123703898946,3.700439718141092,0.8784097369602599,13,0.42497420020639837,0.449,44,41,0.9102564102564102,0.4249742002063983,8032,Blake Griffin,Low,False,Other Teams
DET,2019-20,3.431678683309343,0.9273705139650915,3.4080320118861294,3.440564049041823,3.700439718141092,0.9273705139650915,13,0.33528008180888536,0.333,20,46,0.8589743589743589,0.3352800818088853,3275,Derrick Rose,High,False,Other Teams
DET,2020-21,3.7477528343383653,0.9592674129526356,3.7338836211525797,3.746702741334992,3.9068905956085187,0.9592674129526356,15,0.25832019026160974,0.185,25,51,0.961904761904762,0.2583201902616097,2906,Mason Plumlee,Very High,False,Other Teams
DET,2021-22,3.428682739958272,0.900541927440091,3.4064145455050125,3.442015059393885,3.807354922057604,0.900541927440091,14,0.39718105423987776,0.094,23,59,0.912087912087912,0.3971810542398777,6499,Cade Cunningham,Medium,False,Other Teams
DET,2022-23,3.4861048991390353,0.9156238308497501,3.4166222510325315,3.5301653217753906,3.807354922057604,0.9156238308497501,14,0.3684758713612027,0.125,16,60,0.956043956043956,0.3684758713612027,6289,Killian Hayes,Medium,False,Other Teams
DET,2023-24,3.5011278359991644,0.8752819589997911,3.436955628169915,3.5332729850012474,4.087462841250339,0.8565528231024072,17,0.49044454244246627,0.167,32,63,0.7205882352941176,0.4904445424424662,6010,Cade Cunningham,Low,False,Other Teams
GSW,2015-16,3.1923829336349465,0.9228056182513751,3.167359090089297,3.194622457134994,3.4594316186372973,0.9228056182513751,11,0.3355928896173584,0.875,73,9,0.990909090909091,0.3355928896173584,9698,Stephen Curry,High,False,Other Teams
GSW,2016-17,3.2337778014546488,0.9347714185281293,3.2144306089786663,3.2337856982728383,3.4594316186372973,0.9347714185281293,11,0.3104419927473247,0.823,66,36,1.0272727272727271,0.3104419927473247,8505,Stephen Curry,Very High,True,Champions
GSW,2017-18,3.6359584643099137,0.9549828000655471,3.609955355417237,3.6427810272490353,3.807354922057604,0.9549828000655471,14,0.2719423971357191,0.719,56,24,1.0164835164835164,0.2719423971357191,7885,Draymond Green,Very High,True,Champions
GSW,2018-19,3.5302069438373813,0.9272072123839602,3.472931485226956,3.5647097848651943,3.807354922057604,0.9272072123839602,14,0.34257359918630353,0.563,56,25,0.989010989010989,0.3425735991863035,7617,Stephen Curry,High,False,Other Teams
GSW,2019-20,2.743224876726754,0.9771564169435879,2.7462776303647614,2.7288068985956433,2.807354922057604,0.9771564169435879,7,0.14474389136055532,0.233,15,46,1.0,0.1447438913605553,2297,Ky Bowman,Very High,False,Other Teams
GSW,2020-21,3.4232596333160337,0.9250953654328683,3.404723885335002,3.419866205646648,3.700439718141092,0.9250953654328683,13,0.3389701922585565,0.491,38,33,0.9871794871794872,0.3389701922585565,7429,Stephen Curry,High,False,Other Teams
GSW,2021-22,3.684411383504105,0.9430546603085103,3.643346042175423,3.7061727927845967,3.9068905956085187,0.9430546603085103,15,0.3098382136649285,0.645,53,29,1.0,0.3098382136649285,7315,Stephen Curry,Very High,True,Champions
GSW,2022-23,3.4013826756008356,0.9191833767554286,3.3721055889707094,3.4050810443021717,3.700439718141092,0.9191833767554286,13,0.3491539245667686,0.537,44,38,0.9743589743589745,0.3491539245667686,7787,Draymond Green,High,False,Other Teams
GSW,2023-24,3.5873774153228135,0.9422230101374661,3.551177901988249,3.605782821766625,3.807354922057604,0.9422230101374661,14,0.30364777668253096,0.581,43,36,0.989010989010989,0.3036477766825309,7329,Stephen Curry,Very High,False,Other Teams
HOU,2015-16,3.004518076941184,0.9044500636739579,2.921502267805934,3.062874098621908,3.321928094887362,0.9044500636739579,10,0.36965218958370877,0.5,41,41,1.0,0.3696521895837087,8478,James Harden,Medium,False,Other Teams
HOU,2016-17,3.0494523570650736,0.8814894159596892,2.967097270892623,3.108265185163552,3.4594316186372973,0.8814894159596892,11,0.3929101872718839,0.667,54,47,0.990909090909091,0.3929101872718839,11477,James Harden,Low,False,Other Teams
HOU,2017-18,3.264418819190251,0.8821705169757837,3.1612755818575247,3.3281279544013076,3.700439718141092,0.8821705169757837,13,0.4202001891551072,0.393,65,20,0.8525641025641025,0.4202001891551072,8888,James Harden,Low,False,Other Teams
HOU,2018-19,3.1303339152631855,0.8731845631951473,3.003708573852685,3.209514082031757,3.584962500721156,0.8731845631951473,12,0.43922161435838375,0.647,53,31,0.9848484848484848,0.4392216143583837,8964,James Harden,Low,False,Other Teams
HOU,2019-20,3.1088429855528372,0.8671898199569613,2.9998765357083292,3.1792593019207076,3.584962500721156,0.8671898199569613,12,0.4466244418559503,0.632,44,43,0.946969696969697,0.4466244418559503,6881,James Harden,Low,False,Other Teams
HOU,2020-21,3.58815755310103,0.9424279129621796,3.551671123366035,3.6100521798757375,3.807354922057604,0.9424279129621796,14,0.30661909960490746,0.222,28,53,0.8956043956043956,0.3066190996049074,3205,John Wall,Very High,False,Other Teams
HOU,2021-22,3.3797071116509185,0.9427454571619792,3.3608363531067895,3.391385579632111,3.584962500721156,0.9427454571619792,12,0.28710874475637305,0.125,32,59,0.9924242424242424,0.287108744756373,6012,Kevin Porter Jr.,Very High,False,Other Teams
HOU,2022-23,3.239999202405665,0.9365698067134888,3.1934134895040414,3.267836218529058,3.4594316186372973,0.9365698067134888,11,0.31022819986649197,0.263,22,60,0.9818181818181818,0.3102281998664919,6606,Jalen Green,Very High,False,Other Teams
HOU,2023-24,3.2497792430909547,0.9065029947836901,3.206637855047572,3.2798605977667274,3.584962500721156,0.9065029947836901,12,0.37963876420197634,0.5,41,41,0.9848484848484848,0.3796387642019763,9121,Fred VanVleet,Medium,False,Other Teams
IND,2015-16,3.257123378572417,0.9085515895681502,3.207075167849131,3.292675282759457,3.584962500721156,0.9085515895681502,12,0.3700881215718011,0.533,44,37,1.0227272727272727,0.3700881215718011,8452,George Hill,Medium,False,Other Teams
IND,2016-17,3.3063217123759396,0.9222751177204324,3.2572366800388983,3.3381335924795774,3.584962500721156,0.9222751177204324,12,0.3398455850040157,0.436,42,40,1.0,0.3398455850040157,9977,Jeff Teague,High,False,Other Teams
IND,2017-18,3.2606023054006124,0.9095220116653117,3.2260098643665374,3.278946920838466,3.584962500721156,0.9095220116653117,12,0.34622874717946506,0.585,48,34,0.9772727272727272,0.346228747179465,7280,Darren Collison,Medium,False,Other Teams
IND,2018-19,3.258191577583405,0.941828582484552,3.273961026861288,3.2248529568372843,3.4594316186372973,0.941828582484552,11,0.29061914513528825,0.58,48,42,0.9636363636363636,0.2906191451352882,8010,Darren Collison,Very High,False,Other Teams
IND,2019-20,3.207154896671885,0.9270756731810219,3.2080226602325927,3.1915700067237704,3.4594316186372973,0.9270756731810219,11,0.3197687173661861,0.597,45,28,0.9818181818181818,0.3197687173661861,7043,Domantas Sabonis,High,False,Other Teams
IND,2020-21,3.3083892148626997,0.8940529955517453,3.3115638481139946,3.2889725910726617,3.700439718141092,0.8940529955517453,13,0.4024554932496381,0.468,34,38,0.9743589743589745,0.4024554932496381,7881,Domantas Sabonis,Low,False,Other Teams
IND,2021-22,3.6014277475042507,0.9459133233520387,3.5794689532208,3.6133619588071464,3.9068905956085187,0.9218143327464509,15,0.3395563568813856,0.25,29,55,0.8,0.3395563568813856,4394,Tyrese Haliburton,Very High,False,Other Teams
IND,2022-23,3.4206180230346774,0.9243815015457183,3.3968765898581803,3.4373969446195516,3.700439718141092,0.9243815015457183,13,0.3461228511489359,0.413,36,45,0.9807692307692308,0.3461228511489359,8167,Tyrese Haliburton,High,False,Other Teams
IND,2023-24,3.3889477244016764,0.915822978492974,3.3782240657941536,3.394300441903001,3.700439718141092,0.915822978492974,13,0.3550965619822718,0.344,47,42,0.9871794871794872,0.3550965619822718,7917,Tyrese Haliburton,Medium,False,Other Teams
LAC,2015-16,3.350253666693968,0.934529626466114,3.2963731378404653,3.367491374687977,3.584962500721156,0.934529626466114,12,0.3041997956381518,0.627,51,32,1.0227272727272727,0.3041997956381518,9837,Chris Paul,Very High,False,Other Teams
LAC,2016-17,3.373380519092447,0.9116161256606167,3.3357212393352,3.3873555775210256,3.700439718141092,0.9116161256606167,13,0.36080816140786154,0.622,51,31,0.9935897435897436,0.3608081614078615,8342,Chris Paul,Medium,False,Other Teams
LAC,2017-18,3.545999969585758,0.9313552432536018,3.510645163439382,3.5502578253520447,3.807354922057604,0.9313552432536018,14,0.336017316017316,0.493,42,41,0.9505494505494504,0.336017316017316,5966,Lou Williams,High,False,Other Teams
LAC,2018-19,3.235735209598498,0.9025855107124812,3.183159514442205,3.2721540511216864,3.700439718141092,0.8744191112573948,13,0.4174745473249986,0.585,51,38,0.7564102564102564,0.4174745473249986,5093,Shai Gilgeous-Alexander,Medium,False,Other Teams
LAC,2019-20,3.3367709997411055,0.9307687316310495,3.2790057440836042,3.3679736381371277,3.584962500721156,0.9307687316310495,12,0.3243477407964428,0.419,49,36,0.9924242424242424,0.3243477407964428,5296,Lou Williams,High,False,Other Teams
LAC,2020-21,3.4992361026017167,0.9456271062725352,3.4594825166883387,3.523298225708799,3.700439718141092,0.9456271062725352,13,0.28759610042405276,0.537,47,25,0.9615384615384616,0.2875961004240527,4841,Paul George,Very High,False,Other Teams
LAC,2021-22,3.3879897377901482,0.8898539293413658,3.3517965443329647,3.4029436215822186,3.807354922057604,0.8898539293413658,14,0.3957626506893814,0.333,41,40,0.8846153846153846,0.3957626506893814,6848,Reggie Jackson,Low,False,Other Teams
LAC,2022-23,3.659063711151504,0.9365667201596122,3.627696534109209,3.6611605463960153,3.9068905956085187,0.9365667201596122,15,0.3196925448203131,0.354,44,51,0.9095238095238096,0.3196925448203131,4523,Paul George,Very High,False,Other Teams
LAC,2023-24,3.33194425845399,0.9004184670593106,3.26838969293825,3.372302052501201,3.700439718141092,0.9004184670593106,13,0.394907908992416,0.419,48,28,0.967948717948718,0.394907908992416,8339,James Harden,Medium,False,Other Teams
LAL,2015-16,3.5349191654582337,0.9047909274530508,3.462987127178548,3.569675892404143,3.9068905956085187,0.9047909274530508,15,0.3995074476292208,0.21,17,64,1.0047619047619047,0.3995074476292208,7808,D'Angelo Russell,Medium,False,Other Teams
LAL,2016-17,3.48604091157062,0.9156070245446577,3.4194768600912915,3.529084643272566,3.807354922057604,0.9156070245446577,14,0.37165053814953214,0.317,47,56,0.956043956043956,0.3716505381495321,6505,D'Angelo Russell,Medium,False,Other Teams
LAL,2017-18,3.1873104781491457,0.9213393497873669,3.1898134800987865,3.1807230898080987,3.4594316186372973,0.9213393497873669,11,0.3262960130549718,0.407,35,47,0.9818181818181818,0.3262960130549718,5512,Lonzo Ball,High,False,Other Teams
LAL,2018-19,3.611239824017299,0.9028099560043248,3.563653746486077,3.6458944496498606,4.0,0.9028099560043248,16,0.4013094083414161,0.32,37,45,0.9125,0.4013094083414161,6581,LeBron James,Medium,False,Other Teams
LAL,2019-20,3.288949071515251,0.9174291421050127,3.226144368743276,3.32985705730667,3.584962500721156,0.9174291421050127,12,0.3381608319268253,0.75,52,36,0.9848484848484848,0.3381608319268253,8763,LeBron James,High,True,Champions
LAL,2020-21,3.47989469983744,0.9404003212854816,3.445016144736472,3.5086269351737744,3.700439718141092,0.9404003212854816,13,0.2980119511484825,0.377,41,33,0.967948717948718,0.2980119511484825,7691,Dennis Schröder,Very High,False,Other Teams
LAL,2021-22,3.482052827713658,0.8912593640650206,3.420224988756839,3.5330974768887433,3.9068905956085187,0.8912593640650206,15,0.42457239219465187,0.333,32,47,0.9809523809523808,0.4245723921946518,8492,Russell Westbrook,Low,False,Other Teams
LAL,2022-23,3.3152008068206245,0.8958937475911669,3.254281168315558,3.3535899629096475,3.700439718141092,0.8958937475911669,13,0.3989794762737671,0.463,45,36,0.9294871794871796,0.3989794762737671,4366,Dennis Schröder,Medium,False,Other Teams
LAL,2023-24,3.14517606955769,0.8499465763862416,3.1019856231079044,3.178922124145724,3.700439718141092,0.8499465763862416,13,0.4648371261173345,0.368,47,38,0.9807692307692308,0.4648371261173345,7747,LeBron James,Low,False,Other Teams
MEM,2015-16,3.1743665905818435,0.8578349689145807,3.143459922758833,3.194935343606271,3.700439718141092,0.8578349689145807,13,0.464639021168619,0.5,39,39,0.8589743589743589,0.464639021168619,5479,Mike Conley,Low,False,Other Teams
MEM,2016-17,3.4543002256530144,0.907270348146637,3.405254000816983,3.489200350348148,3.807354922057604,0.907270348146637,14,0.38864079957942316,0.493,40,37,0.9945054945054944,0.3886407995794231,9152,Mike Conley,Medium,False,Other Teams
MEM,2017-18,3.4470975819060907,0.9315372886651786,3.4159100017722897,3.463288370605859,3.700439718141092,0.9315372886651786,13,0.3307109557109557,0.288,22,60,0.9935897435897436,0.3307109557109557,7684,Marc Gasol,High,False,Other Teams
MEM,2018-19,3.724192873192191,0.9310482182980477,3.6818891237667972,3.750963085015983,4.0,0.9310482182980477,16,0.33014133140608687,0.229,45,57,0.8291666666666667,0.3301413314060868,4778,Mike Conley,High,False,Other Teams
MEM,2019-20,3.3385015956887094,0.9021905097715788,3.3048953999201465,3.3594771866332636,3.700439718141092,0.9021905097715788,13,0.3816162515522857,0.317,34,43,0.9615384615384616,0.3816162515522857,6641,Ja Morant,Medium,False,Other Teams
MEM,2020-21,3.4017011706164544,0.9488805447566504,3.3558197601174706,3.4297819294007317,3.584962500721156,0.9488805447566504,12,0.2740863031890702,0.5,36,34,1.0075757575757576,0.2740863031890702,6819,Ja Morant,Very High,False,Other Teams
MEM,2021-22,3.5270691620095445,0.9263830754458308,3.492874879361638,3.5393757733098217,3.807354922057604,0.9263830754458308,14,0.34410708455762323,0.667,53,25,0.9945054945054944,0.3441070845576232,6375,Ja Morant,High,False,Other Teams
MEM,2022-23,3.498019940211763,0.918753310847451,3.4239026663779426,3.548683791528877,3.807354922057604,0.918753310847451,14,0.361560240141902,0.629,51,30,0.9615384615384616,0.361560240141902,7064,Tyus Jones,High,False,Other Teams
MEM,2023-24,3.7021896711672873,0.9476051557032791,3.6778015647603444,3.7164945219403265,3.9068905956085187,0.9476051557032791,15,0.29519974735512394,0.333,30,44,0.9666666666666668,0.2951997473551239,3572,Jaren Jackson Jr.,Very High,False,Other Teams
MIA,2015-16,3.368720818646527,0.9103568968119272,3.3400973392172313,3.3826273371327287,3.700439718141092,0.9103568968119272,13,0.37181281764148505,0.383,46,50,0.967948717948718,0.371812817641485,9506,Goran Dragic,Medium,False,Other Teams
MIA,2016-17,3.306583178622931,0.9223480518855565,3.2560311919043845,3.3422308946711423,3.584962500721156,0.9223480518855565,12,0.3441344535094535,0.273,40,38,0.9848484848484848,0.3441344535094535,8650,Goran Dragic,High,False,Other Teams
MIA,2017-18,3.359203178928001,0.9077848674198885,3.3455461026300326,3.3600184515000553,3.700439718141092,0.9077848674198885,13,0.37186150475957613,0.3,44,37,0.9423076923076924,0.3718615047595761,8973,Goran Dragic,Medium,False,Other Teams
MIA,2018-19,3.214775712916118,0.9292785831050617,3.192217296383041,3.2256091500866058,3.4594316186372973,0.9292785831050617,11,0.29828665137430077,0.455,39,43,0.9636363636363636,0.2982866513743007,6103,Josh Richardson,High,False,Other Teams
MIA,2019-20,3.288938788935229,0.9174262738518524,3.2392144546118056,3.3270770265628804,3.584962500721156,0.9174262738518524,12,0.35236036036036034,0.627,44,36,0.9696969696969696,0.3523603603603603,6327,Bam Adebayo,High,False,Other Teams
MIA,2020-21,3.4066838388907343,0.894763926303373,3.3833432191228447,3.422526070206982,3.807354922057604,0.894763926303373,14,0.400974025974026,0.359,40,32,0.945054945054945,0.400974025974026,5427,Bam Adebayo,Low,False,Other Teams
MIA,2021-22,3.335374390924117,0.9303791574537162,3.293979636227359,3.3665349183181923,3.584962500721156,0.9303791574537162,12,0.3189083643629098,0.667,52,27,0.9696969696969696,0.3189083643629098,7884,Kyle Lowry,High,False,Other Teams
MIA,2022-23,3.328472957138288,0.9284540511842809,3.298629200116688,3.3521722564326537,3.584962500721156,0.9284540511842809,12,0.3146310135450724,0.452,42,38,0.9696969696969696,0.3146310135450724,6133,Bam Adebayo,High,False,Other Teams
MIA,2023-24,3.5663963311650377,0.9367123381388501,3.5440849675578243,3.581550884015419,3.807354922057604,0.9367123381388501,14,0.3094282459960173,0.563,44,39,0.9505494505494504,0.3094282459960173,5339,Bam Adebayo,Very High,False,Other Teams
MIL,2015-16,3.45016365192858,0.932365857769401,3.427546255148771,3.463132932246232,3.700439718141092,0.932365857769401,13,0.32921267203151044,0.37,33,48,1.0128205128205128,0.3292126720315104,7606,Giannis Antetokounmpo,High,False,Other Teams
MIL,2016-17,3.3472656349412953,0.8791577626633076,3.3352987792782858,3.3558550352278678,3.807354922057604,0.8791577626633076,14,0.4274709701014904,0.5,42,39,0.8571428571428571,0.4274709701014904,8881,Giannis Antetokounmpo,Low,False,Other Teams
MIL,2017-18,3.1907627992890215,0.8900407741077244,3.151327014891594,3.2252811997533857,3.584962500721156,0.8900407741077244,12,0.4051643545182885,0.541,44,39,0.946969696969697,0.4051643545182885,7852,Giannis Antetokounmpo,Low,False,Other Teams
MIL,2018-19,3.498208032651905,0.8745520081629763,3.439916147901344,3.5459910023543184,4.0,0.8745520081629763,16,0.45226055232289647,0.741,60,32,0.8791666666666667,0.4522605523228964,7595,Giannis Antetokounmpo,Low,False,Other Teams
MIL,2019-20,3.45196430740816,0.9328524635829621,3.423015228448499,3.473035660238784,3.700439718141092,0.9328524635829621,13,0.3280519983040452,0.362,53,37,0.9871794871794872,0.3280519983040452,6278,Giannis Antetokounmpo,Very High,False,Other Teams
MIL,2020-21,3.0348748884130945,0.8772755825156504,2.991822567534837,3.060335867298342,3.4594316186372973,0.8772755825156504,11,0.4011133023729245,0.667,46,28,0.8363636363636363,0.4011133023729245,5313,Khris Middleton,Low,True,Champions
MIL,2021-22,3.1428151371691935,0.8766661119989345,3.0914441259516487,3.182294306378449,3.584962500721156,0.8766661119989345,12,0.4279094691716051,0.667,47,28,0.9621212121212122,0.4279094691716051,6376,Jrue Holiday,Low,False,Other Teams
MIL,2022-23,3.2413587292898756,0.904154151860121,3.2059323840446985,3.2639577973551,3.584962500721156,0.904154151860121,12,0.3699130434782609,0.746,57,31,1.0075757575757576,0.3699130434782609,6787,Jrue Holiday,Medium,False,Other Teams
MIL,2023-24,3.2416002939008766,0.8760040808148302,3.182465810715561,3.2896779243233336,3.700439718141092,0.8760040808148302,13,0.43148502230720204,0.625,49,34,0.9935897435897436,0.431485022307202,8465,Damian Lillard,Low,False,Other Teams
MIN,2015-16,3.0765321749685626,0.926128467290885,3.0102395911285327,3.1070401146884605,3.321928094887362,0.926128467290885,10,0.32221508140531274,0.354,29,53,1.011111111111111,0.3222150814053127,9022,Ricky Rubio,High,False,Other Teams
MIN,2016-17,3.1354550670290395,0.9063497743782908,3.1154390307655255,3.1292744630509883,3.4594316186372973,0.9063497743782908,11,0.369310922696577,0.378,31,51,1.0,0.369310922696577,10059,Ricky Rubio,Medium,False,Other Teams
MIN,2017-18,3.0926626842381157,0.9309842344263565,3.075389285736269,3.085187596182298,3.321928094887362,0.9309842344263565,10,0.2848793397326635,0.573,47,35,0.9888888888888888,0.2848793397326635,8618,Jeff Teague,High,False,Other Teams
MIN,2018-19,3.537139264919077,0.9290279832927961,3.508676154112009,3.5449854356175825,3.807354922057604,0.9290279832927961,14,0.33659658430999895,0.333,39,43,0.9725274725274724,0.3365965843099989,6770,Karl-Anthony Towns,High,False,Other Teams
MIN,2019-20,3.5396787420807643,0.9296949757885509,3.5334365617233936,3.5380217909545633,3.807354922057604,0.9296949757885509,14,0.3277362909283726,0.135,30,44,0.7527472527472527,0.3277362909283726,1874,Jordan McLaughlin,High,False,Other Teams
MIN,2020-21,3.644973385408255,0.9329601882134432,3.5906918694132943,3.6771298861891597,3.9068905956085187,0.9329601882134432,15,0.33874500587544065,0.206,23,49,0.9761904761904762,0.3387450058754406,6861,Ricky Rubio,Very High,False,Other Teams
MIN,2021-22,3.353915458088137,0.9355510573439635,3.291855095768127,3.3919546089668495,3.584962500721156,0.9355510573439635,12,0.3044645195077245,0.469,46,35,0.9924242424242424,0.3044645195077245,7757,D'Angelo Russell,Very High,False,Other Teams
MIN,2022-23,3.4693243674518888,0.9375438141699269,3.4524462408763292,3.474134628495597,3.700439718141092,0.9375438141699269,13,0.2997004264288293,0.36,41,39,0.9743589743589745,0.2997004264288293,5631,Anthony Edwards,Very High,False,Other Teams
MIN,2023-24,3.155517548295175,0.9499054338809132,3.1278903473704482,3.1725187912402073,3.321928094887362,0.9499054338809132,10,0.2578771475641327,0.697,56,26,1.0,0.2578771475641327,8038,Mike Conley,Very High,False,Other Teams
NOP,2015-16,3.676760177646628,0.9410962727698171,3.6115078676428,3.716325212794897,3.9068905956085187,0.9410962727698171,15,0.3113164431197218,0.311,29,52,0.9333333333333332,0.3113164431197218,6550,Jrue Holiday,Very High,False,Other Teams
NOP,2016-17,2.9867627867536415,0.8633680662056721,2.900311565601018,3.056438710004125,3.4594316186372973,0.8633680662056721,11,0.44581342238087013,0.3,34,46,0.9272727272727272,0.4458134223808701,6686,Jrue Holiday,Low,False,Other Teams
NOP,2017-18,3.061080930099899,0.82722086110286,3.0219205273277385,3.0932255228744436,3.700439718141092,0.82722086110286,13,0.5047379718339354,0.585,48,34,0.9166666666666666,0.5047379718339354,8399,Jrue Holiday,Low,False,Other Teams
NOP,2018-19,3.5046215385670374,0.9204872175859662,3.468278585273978,3.531325641565763,3.807354922057604,0.9204872175859662,14,0.3538580921240978,0.318,31,42,0.9615384615384616,0.3538580921240978,7140,Jrue Holiday,High,False,Other Teams
NOP,2019-20,3.5458792701240447,0.9313235415961035,3.5191410967496872,3.5556998805790467,3.807354922057604,0.9313235415961035,14,0.3294772430070488,0.433,28,39,0.945054945054945,0.3294772430070488,8091,Lonzo Ball,High,False,Other Teams
NOP,2020-21,3.4674812639824544,0.9107323417351718,3.409778599945442,3.508152675418669,3.807354922057604,0.9107323417351718,14,0.37521366245437515,0.426,31,40,0.9395604395604396,0.3752136624543751,6377,Lonzo Ball,Medium,False,Other Teams
NOP,2021-22,3.488024437173283,0.9161279966219316,3.4656883040087076,3.4970142230423193,3.807354922057604,0.9161279966219316,14,0.3728286548082268,0.25,36,42,0.956043956043956,0.3728286548082268,5736,Devonte' Graham,Medium,False,Other Teams
NOP,2022-23,3.447292855210756,0.9315900589626402,3.3997657095828595,3.479682668176512,3.700439718141092,0.9315900589626402,13,0.3181504713693555,0.369,40,41,0.9743589743589745,0.3181504713693555,8369,CJ McCollum,High,False,Other Teams
NOP,2023-24,3.406094584551369,0.9501060565811202,3.375876013443553,3.4243314015704716,3.584962500721156,0.9501060565811202,12,0.2659564182656552,0.557,49,33,0.9848484848484848,0.2659564182656552,6593,CJ McCollum,Very High,False,Other Teams
NYK,2015-16,3.4392580241399573,0.9593567641078844,3.412338271211484,3.4561570552182417,3.584962500721156,0.9593567641078844,12,0.24873468788967945,0.39,32,50,1.0303030303030305,0.2487346878896794,8506,Jose Calderon,Very High,False,Other Teams
NYK,2016-17,3.427289202248185,0.9261843087042305,3.363065699229504,3.4728970613423136,3.700439718141092,0.9261843087042305,13,0.3353329050413643,0.269,31,51,1.0128205128205128,0.3353329050413643,7656,Derrick Rose,High,False,Other Teams
NYK,2017-18,3.555941938627157,0.9339664967996795,3.538788447744479,3.55556161573335,3.807354922057604,0.9339664967996795,14,0.3087794475627175,0.333,29,50,0.9285714285714286,0.3087794475627175,6194,Jarrett Jack,Very High,False,Other Teams
NYK,2018-19,3.5273757056950292,0.9532315006787893,3.4803926427017777,3.547779787654144,3.700439718141092,0.9532315006787893,13,0.2617737781028397,0.152,25,61,0.9743589743589745,0.2617737781028397,4680,Emmanuel Mudiay,Very High,False,Other Teams
NYK,2019-20,3.5279454341586205,0.9266132279183515,3.518615361846647,3.5213872429669815,3.9068905956085187,0.9030059449640474,15,0.38955151515151515,0.328,39,45,0.8333333333333334,0.3895515151515151,5062,Julius Randle,High,False,Other Teams
NYK,2020-21,3.294108741956436,0.9188683957764658,3.205026285603037,3.350692741789932,3.584962500721156,0.9188683957764658,12,0.35026960920562566,0.484,41,31,0.9696969696969696,0.3502696092056256,7730,Julius Randle,High,False,Other Teams
NYK,2021-22,3.424784188939694,0.8995179748277427,3.342861229059628,3.4806538964027407,3.807354922057604,0.8995179748277427,14,0.4023659358627824,0.444,37,44,0.9395604395604396,0.4023659358627824,7537,Julius Randle,Medium,False,Other Teams
NYK,2022-23,3.336669644151483,0.9016954465691585,3.2351053652959245,3.4060727221313107,3.9068905956085187,0.8540473715598834,15,0.4756758409785933,0.548,47,35,0.7285714285714285,0.4756758409785933,8680,Jalen Brunson,Medium,False,Other Teams
NYK,2023-24,3.182808877423859,0.860116396929913,3.0965357893898333,3.23835884020994,3.700439718141092,0.860116396929913,13,0.45886513530047685,0.667,50,48,0.8653846153846154,0.4588651353004768,9022,Jalen Brunson,Low,False,Other Teams
OKC,2015-16,3.192025991889086,0.8903931327725112,3.1229322931374432,3.2110552087343516,3.584962500721156,0.8903931327725112,12,0.40165639648180335,0.457,55,44,1.0303030303030305,0.4016563964818033,10111,Russell Westbrook,Low,False,Other Teams
OKC,2016-17,3.157454789257829,0.8807497396758462,3.0614013679189767,3.229831058128217,3.584962500721156,0.8807497396758462,12,0.40366478430459335,0.568,47,37,1.0075757575757576,0.4036647843045933,10035,Russell Westbrook,Low,False,Other Teams
OKC,2017-18,3.1145024739429057,0.8687684943193654,3.0266000726947633,3.180792673365112,3.584962500721156,0.8687684943193654,12,0.4421144328855671,0.585,48,40,0.9545454545454546,0.4421144328855671,10783,Russell Westbrook,Low,False,Other Teams
OKC,2018-19,3.1429864574073414,0.8493548596398197,3.061391130300036,3.180325201181823,3.700439718141092,0.8493548596398197,13,0.4801163528835105,0.595,48,34,0.9615384615384616,0.4801163528835105,9453,Russell Westbrook,Low,False,Other Teams
OKC,2019-20,3.2058251442304018,0.8942423089740865,3.1426544602814817,3.240088880124641,3.584962500721156,0.8942423089740865,12,0.39942018696012305,0.543,44,27,0.9772727272727272,0.399420186960123,7690,Chris Paul,Low,False,Other Teams
OKC,2020-21,3.3592557486581343,0.9370406937261915,3.340057933043555,3.3659544878786223,3.700439718141092,0.9077990737667385,13,0.35277654846571466,0.095,22,53,0.782051282051282,0.3527765484657146,4813,Theo Maledon,Very High,False,Other Teams
OKC,2021-22,3.851089435834974,0.9421711182227996,3.819099823733696,3.868246130668227,4.087462841250339,0.9421711182227996,17,0.31530499889892094,0.275,19,50,0.9191176470588236,0.3153049988989209,6723,Shai Gilgeous-Alexander,Very High,False,Other Teams
OKC,2022-23,3.4801143793290388,0.9140504236070234,3.4347037504865465,3.5097011399156703,3.807354922057604,0.9140504236070234,14,0.3709165071050759,0.372,37,42,0.978021978021978,0.3709165071050759,7665,Josh Giddey,Medium,False,Other Teams
OKC,2023-24,3.303542762817704,0.8676739706295556,3.2508911800186233,3.3357055895495185,3.807354922057604,0.8676739706295556,14,0.4483262801675516,0.695,57,36,0.9505494505494504,0.4483262801675516,7420,Shai Gilgeous-Alexander,Low,False,Other Teams
ORL,2015-16,3.4500204844649613,0.9323271684582587,3.408464110876649,3.4777892919976177,3.700439718141092,0.9323271684582587,13,0.33099225291493856,0.418,35,46,0.9935897435897436,0.3309922529149385,7077,Elfrid Payton,High,False,Other Teams
ORL,2016-17,3.215933508098105,0.9296132609682546,3.2193786644748412,3.1915742354992087,3.4594316186372973,0.9296132609682546,11,0.32326240274076184,0.308,39,53,1.018181818181818,0.3232624027407618,8154,Elfrid Payton,High,False,Other Teams
ORL,2017-18,3.5369810434776685,0.9289864265047773,3.4861746919065677,3.5732329268341556,3.807354922057604,0.9289864265047773,14,0.34208477373945,0.304,25,57,0.989010989010989,0.34208477373945,6477,D.J. Augustin,High,False,Other Teams
ORL,2018-19,3.2693194477116037,0.9119535970191998,3.2306828871975006,3.285123303418615,3.584962500721156,0.9119535970191998,12,0.36967958503635856,0.519,42,39,0.9393939393939394,0.3696795850363585,7803,D.J. Augustin,Medium,False,Other Teams
ORL,2019-20,3.385155831012027,0.91479826422157,3.3158703967363112,3.4258358679084298,3.700439718141092,0.91479826422157,13,0.36898648985492793,0.484,42,39,0.9615384615384616,0.3689864898549279,6746,Markelle Fultz,Medium,False,Other Teams
ORL,2020-21,3.5781865073166172,0.9398090224230691,3.562940758151395,3.570440995838615,3.807354922057604,0.9398090224230691,14,0.2929084073820916,0.333,21,51,0.8516483516483516,0.2929084073820916,2520,Cole Anthony,Very High,False,Other Teams
ORL,2021-22,3.4274408982943587,0.9262253027637825,3.405675433154654,3.436545578860259,3.700439718141092,0.9262253027637825,13,0.33370932046160845,0.214,21,58,1.0,0.3337093204616084,7621,Cole Anthony,High,False,Other Teams
ORL,2022-23,3.391057591196918,0.890659699612216,3.3521799191831647,3.422666508347287,3.807354922057604,0.890659699612216,14,0.41680995563930434,0.296,33,47,0.978021978021978,0.4168099556393043,5848,Markelle Fultz,Low,False,Other Teams
ORL,2023-24,3.451535603105315,0.9327366113233663,3.4092923679000866,3.4856602611518865,3.700439718141092,0.9327366113233663,13,0.3257606995592208,0.575,47,34,0.9807692307692308,0.3257606995592208,8247,Paolo Banchero,High,False,Other Teams
PHI,2015-16,3.39476780913853,0.9469465324827341,3.379072666434484,3.401434183855084,3.584962500721156,0.9469465324827341,12,0.27965688353549917,0.13,16,71,1.0151515151515151,0.2796568835354991,7392,Ish Smith,Very High,False,Other Teams
PHI,2016-17,3.2343911956420452,0.9349487292123735,3.23303995028311,3.233349310183519,3.4594316186372973,0.9349487292123735,11,0.3085976642133997,0.333,28,54,0.9727272727272728,0.3085976642133997,8636,T.J. McConnell,Very High,False,Other Teams
PHI,2017-18,3.305702498832497,0.893326942370273,3.300980373786038,3.302103224860075,3.700439718141092,0.893326942370273,13,0.40227638817129135,0.488,51,41,0.9615384615384616,0.4022763881712913,11838,Ben Simmons,Low,False,Other Teams
PHI,2018-19,3.216830769199813,0.8448991058236686,3.1827516610583118,3.2318849559507883,3.807354922057604,0.8448991058236686,14,0.4940055717994497,0.446,50,36,0.912087912087912,0.4940055717994497,7795,Ben Simmons,Low,False,Other Teams
PHI,2019-20,3.4086924979389783,0.9211587696532799,3.3973232590420146,3.411486047928214,3.700439718141092,0.9211587696532799,13,0.354658645124277,0.274,43,45,0.9807692307692308,0.354658645124277,7558,Ben Simmons,High,False,Other Teams
PHI,2020-21,3.3864363293565924,0.8894459273385694,3.3555416453830262,3.4020590027923014,3.807354922057604,0.8894459273385694,14,0.3972430457914409,0.667,46,27,0.7527472527472527,0.3972430457914409,7380,Ben Simmons,Low,False,Other Teams
PHI,2021-22,3.179091351452068,0.8867851060680711,3.1272875452191724,3.2158239383378038,3.584962500721156,0.8867851060680711,12,0.4074167085216809,0.542,48,30,0.9545454545454546,0.4074167085216809,7883,Tyrese Maxey,Low,False,Other Teams
PHI,2022-23,3.2566690356833963,0.88007622978368,3.1842213648960174,3.312946593255655,3.700439718141092,0.88007622978368,13,0.42235983157180806,0.388,52,49,0.935897435897436,0.422359831571808,8499,James Harden,Low,False,Other Teams
PHI,2023-24,3.4555593371055924,0.9076010531842166,3.384408435959677,3.512547227525926,3.807354922057604,0.9076010531842166,14,0.36911508549839306,0.526,47,38,0.9175824175824177,0.369115085498393,8239,Tyrese Maxey,Medium,False,Other Teams
PHX,2015-16,3.558564894100492,0.9346554148351741,3.531061725264033,3.5644817377565894,3.807354922057604,0.9346554148351741,14,0.29378804236238515,0.14,29,59,0.978021978021978,0.2937880423623851,6207,Brandon Knight,Very High,False,Other Teams
PHX,2016-17,3.4387584489043883,0.9292837367532746,3.3674434133397995,3.4799305617324734,3.700439718141092,0.9292837367532746,13,0.3321137120459021,0.219,24,58,0.967948717948718,0.3321137120459021,7672,Eric Bledsoe,High,False,Other Teams
PHX,2017-18,3.5443660852878267,0.9309261043024456,3.4912657358692947,3.561907056969675,3.807354922057604,0.9309261043024456,14,0.33063019250253295,0.095,21,61,0.967032967032967,0.3306301925025329,5980,Tyler Ulis,High,False,Other Teams
PHX,2018-19,3.575230445295834,0.9661636771891107,3.5329458513801213,3.598912819328622,3.700439718141092,0.9661636771891107,13,0.22747966786651116,0.132,26,63,0.967948717948718,0.2274796678665111,6294,Devin Booker,Very High,False,Other Teams
PHX,2019-20,3.4504983426151603,0.9324563039628465,3.3828411710587813,3.4945191487129916,3.700439718141092,0.9324563039628465,13,0.32174244389674406,0.393,34,39,1.0,0.321742443896744,7832,Ricky Rubio,High,False,Other Teams
PHX,2020-21,3.4239666456903373,0.8993032474734263,3.373991471300301,3.4508537380904767,3.807354922057604,0.8993032474734263,14,0.40118541793123147,0.7,51,21,0.989010989010989,0.4011854179312314,8633,Chris Paul,Medium,False,Other Teams
PHX,2021-22,3.4433085467471747,0.9305133467967729,3.388156917102343,3.4713716826222383,3.700439718141092,0.9305133467967729,13,0.33227047915904645,0.78,64,42,0.9743589743589745,0.3322704791590464,7242,Chris Paul,High,False,Other Teams
PHX,2022-23,3.6341113194539014,0.9085278298634754,3.586317170298561,3.6540137617717594,4.0,0.9085278298634754,16,0.39373730065882645,0.541,44,36,0.9458333333333332,0.3937373006588264,5661,Chris Paul,Medium,False,Other Teams
PHX,2023-24,3.142628135994213,0.8492580275224441,3.0674413441222135,3.1972571993238192,3.700439718141092,0.8492580275224441,13,0.46636243008965883,0.632,48,41,0.9423076923076924,0.4663624300896588,6706,Kevin Durant,Low,False,Other Teams
POR,2015-16,3.0813039194681164,0.9275649055168954,2.972456487541021,3.158590794744171,3.4594316186372973,0.8906965823136782,11,0.3735595844893219,0.531,44,38,0.8454545454545455,0.3735595844893219,10174,Damian Lillard,High,False,Other Teams
POR,2016-17,3.059715948685987,0.9210662787659568,2.9240877078082885,3.161310698797897,3.321928094887362,0.9210662787659568,10,0.3299247481490472,0.494,40,40,0.9888888888888888,0.3299247481490472,8099,Damian Lillard,High,False,Other Teams
POR,2017-18,3.127247586437138,0.9413953273853674,3.0415758225390324,3.1766911758465954,3.321928094887362,0.9413953273853674,10,0.2926819580975077,0.608,49,33,1.0444444444444445,0.2926819580975077,8690,Damian Lillard,Very High,False,Other Teams
POR,2018-19,3.280878468761578,0.915177904399723,3.2035267253493434,3.3280589322300638,3.584962500721156,0.915177904399723,12,0.35550524997591754,0.662,52,43,0.9772727272727272,0.3555052499759175,9766,Damian Lillard,Medium,False,Other Teams
POR,2019-20,3.033959222526177,0.8770108957150834,2.930190404578524,3.1078579420008503,3.4594316186372973,0.8770108957150834,11,0.42595432736277805,0.381,34,38,0.9545454545454546,0.425954327362778,6529,Damian Lillard,Low,False,Other Teams
POR,2020-21,3.042879582436324,0.9159980275068236,2.9557936548400976,3.0791864462887437,3.321928094887362,0.9159980275068236,10,0.3411200115465108,0.464,42,37,0.9777777777777776,0.3411200115465108,7266,Damian Lillard,Medium,False,Other Teams
POR,2021-22,3.9109534991224764,0.9206733134558738,3.874398407982853,3.9241537325782687,4.247927513443585,0.9206733134558738,19,0.3660664706667298,0.5,28,52,0.6345029239766082,0.3660664706667298,3447,Anfernee Simons,High,False,Other Teams
POR,2022-23,3.4287641120013266,0.9005632997693642,3.342427311319954,3.4906391409604813,3.807354922057604,0.9005632997693642,14,0.40201290980125703,0.19,38,51,0.934065934065934,0.402012909801257,6541,Damian Lillard,Medium,False,Other Teams
POR,2023-24,3.6456737669010675,0.9331394564769568,3.5860968598623564,3.6875739589824317,4.0,0.9114184417252669,16,0.3633215589776155,0.25,24,54,0.825,0.3633215589776155,6187,Scoot Henderson,Very High,False,Other Teams
SAC,2015-16,3.2448598569561926,0.9051307667244642,3.206751828204,3.2679583476123226,3.584962500721156,0.9051307667244642,12,0.3813978494623656,0.356,32,46,1.0378787878787878,0.3813978494623656,10620,Rajon Rondo,Medium,False,Other Teams
SAC,2016-17,3.5882005645836164,0.9424392099080822,3.5525802653417564,3.6113206226299583,3.807354922057604,0.9424392099080822,14,0.30287330296653436,0.273,31,51,0.956043956043956,0.3028733029665343,5564,Darren Collison,Very High,False,Other Teams
SAC,2017-18,3.4049473172512696,0.9497860344609813,3.3568143609627534,3.4385875613214942,3.584962500721156,0.9497860344609813,12,0.26226605968639355,0.273,27,53,1.0303030303030305,0.2622660596863935,7560,De'Aaron Fox,Very High,False,Other Teams
SAC,2018-19,3.3108636211700175,0.869596790671864,3.254104857897932,3.354631810356603,3.807354922057604,0.869596790671864,14,0.4554133430021755,0.481,39,45,0.967032967032967,0.4554133430021755,8929,De'Aaron Fox,Low,False,Other Teams
SAC,2019-20,3.193177083397083,0.8907142216284658,3.1482265580047097,3.220872820542673,3.584962500721156,0.8907142216284658,12,0.38700216580435565,0.431,32,41,0.9318181818181818,0.3870021658043556,5532,De'Aaron Fox,Low,False,Other Teams
SAC,2020-21,3.216070146297465,0.8691048608442271,3.15930854564386,3.2602523321028607,3.700439718141092,0.8691048608442271,13,0.4518356925060116,0.431,31,42,0.903846153846154,0.4518356925060116,7039,De'Aaron Fox,Low,False,Other Teams
SAC,2021-22,3.5490416711809054,0.9084056961231912,3.490490226488244,3.591196507626003,3.9068905956085187,0.9084056961231912,15,0.38966498795708343,0.339,28,56,0.8428571428571429,0.3896649879570834,5264,De'Aaron Fox,Medium,False,Other Teams
SAC,2022-23,3.147424314381133,0.9098096627852795,3.1339772501378644,3.146889975599586,3.4594316186372973,0.9098096627852795,11,0.35354715378079865,0.588,48,34,1.0,0.3535471537807986,9015,Domantas Sabonis,Medium,False,Other Teams
SAC,2023-24,3.120262386721263,0.9019581048838201,3.1045323860874894,3.125666289942085,3.4594316186372973,0.9019581048838201,11,0.37862289442082375,0.561,46,36,1.0,0.3786228944208237,10695,Domantas Sabonis,Medium,False,Other Teams
SAS,2015-16,3.5220803930242726,0.9250727775914411,3.5063411901418284,3.5301594235506095,3.807354922057604,0.9250727775914411,14,0.33608904302939874,0.436,66,31,1.0,0.3360890430293987,8046,Tony Parker,High,False,Other Teams
SAS,2016-17,3.443992719405541,0.9606774739520267,3.39804491086167,3.4740240726255385,3.584962500721156,0.9606774739520267,12,0.249065786043278,0.73,60,21,1.0378787878787878,0.249065786043278,6808,Patty Mills,Very High,False,Other Teams
SAS,2017-18,3.368853018804172,0.9738169127711201,3.35611351082493,3.368664758394436,3.4594316186372973,0.9738169127711201,11,0.1985365892688547,0.6,47,35,1.0,0.1985365892688547,6148,Dejounte Murray,Very High,False,Other Teams
SAS,2018-19,3.2217805632596592,0.9698525889883541,3.1489075547956062,3.266108367356549,3.321928094887362,0.9698525889883541,10,0.20479501318628626,0.585,48,34,1.0,0.2047950131862862,6497,DeMar DeRozan,Very High,False,Other Teams
SAS,2019-20,3.3685657602759775,0.939637655790919,3.3281934419567207,3.375773911631139,3.584962500721156,0.939637655790919,12,0.2924368536734767,0.429,32,38,0.9696969696969696,0.2924368536734767,5873,DeMar DeRozan,Very High,False,Other Teams
SAS,2020-21,3.2716674964139436,0.9126085686407628,3.216994955588563,3.295184940119939,3.700439718141092,0.8841293861307539,13,0.40801619433198383,0.464,32,37,0.7948717948717948,0.4080161943319838,6482,Dejounte Murray,Medium,False,Other Teams
SAS,2021-22,3.332656194253556,0.9006108592758562,3.2976172717256413,3.3473351347779605,3.700439718141092,0.9006108592758562,13,0.3860771173271173,0.44,38,43,0.9615384615384616,0.3860771173271173,7150,Dejounte Murray,Medium,False,Other Teams
SAS,2022-23,3.646428625801869,0.9333326686702162,3.6142188797783126,3.672353092398829,3.9068905956085187,0.9333326686702162,15,0.3326522736043951,0.097,31,51,0.9904761904761904,0.3326522736043951,5300,Tre Jones,Very High,False,Other Teams
SAS,2023-24,3.352878361663776,0.9352617666124279,3.3347725393386347,3.366953815608441,3.584962500721156,0.9352617666124279,12,0.3057541872630417,0.212,21,57,0.9924242424242424,0.3057541872630417,7202,Tre Jones,Very High,False,Other Teams
TOR,2015-16,3.186258902862867,0.8887844439717054,3.103776467045134,3.240931962500173,3.584962500721156,0.8887844439717054,12,0.41204420364637084,0.614,56,26,1.0,0.4120442036463708,10851,Kyle Lowry,Low,False,Other Teams
TOR,2016-17,3.357132040259297,0.9072251667284948,3.253351677585536,3.423837109089106,3.700439718141092,0.9072251667284948,13,0.3828262917487987,0.704,50,46,0.9615384615384616,0.3828262917487987,7081,Kyle Lowry,Medium,False,Other Teams
TOR,2017-18,3.2849081937827713,0.9163019677672987,3.2487135943147125,3.298090208361076,3.584962500721156,0.9163019677672987,12,0.33106600446267903,0.308,59,23,0.8484848484848485,0.331066004462679,8942,Kyle Lowry,Medium,False,Other Teams
TOR,2018-19,3.170528781157167,0.9164883514610611,3.1590171408833516,3.1724101183687967,3.4594316186372973,0.9164883514610611,11,0.3484152777363666,0.419,57,43,1.0,0.3484152777363666,7449,Kyle Lowry,Medium,True,Champions
TOR,2019-20,3.3527283569748985,0.935219923862651,3.317077039634891,3.378989020150448,3.584962500721156,0.935219923862651,12,0.3104574339318136,0.707,53,19,1.0,0.3104574339318136,7067,Kyle Lowry,Very High,False,Other Teams
TOR,2020-21,3.4621171100856265,0.909323449208302,3.411019864690286,3.502078380683887,3.807354922057604,0.909323449208302,14,0.38117168301992016,0.326,29,44,1.0,0.3811716830199201,5732,Fred VanVleet,Medium,False,Other Teams
TOR,2021-22,3.380149059506176,0.8877945788357041,3.3431810662777397,3.4072628734953105,3.807354922057604,0.8877945788357041,14,0.4244702510633883,0.6,48,34,1.0164835164835164,0.4244702510633883,8538,Fred VanVleet,Low,False,Other Teams
TOR,2022-23,3.3223763975448355,0.8726206160336971,3.2682523217332338,3.3643827075783954,3.807354922057604,0.8726206160336971,14,0.44744731307888497,0.493,39,46,0.9615384615384616,0.4474473130788849,8971,Fred VanVleet,Low,False,Other Teams
TOR,2023-24,3.5588006145478746,0.9347173267010779,3.535496686128858,3.5698460254616577,3.807354922057604,0.9347173267010779,14,0.3296114599686028,0.397,31,47,0.9615384615384616,0.3296114599686028,3746,Immanuel Quickley,Very High,False,Other Teams
UTA,2015-16,3.5561498308352175,0.9610073671519345,3.524601477070507,3.5688596466632543,3.700439718141092,0.9610073671519345,13,0.2457306615259187,0.494,40,42,1.0064102564102564,0.2457306615259187,8044,Gordon Hayward,Very High,False,Other Teams
UTA,2016-17,3.487139577869761,0.9727129857476287,3.480720783581178,3.4781954963233024,3.584962500721156,0.9727129857476287,12,0.20020668921458099,0.606,51,31,1.0075757575757576,0.2002066892145809,6525,Gordon Hayward,Very High,False,Other Teams
UTA,2017-18,3.294609019207811,0.9190079445866066,3.247665151432158,3.322019406247999,3.584962500721156,0.9190079445866066,12,0.35213162740191684,0.571,52,34,0.9696969696969696,0.3521316274019168,8443,Ricky Rubio,High,False,Other Teams
UTA,2018-19,3.2762533991699043,0.91388777386398,3.254557351388171,3.2706158917897548,3.584962500721156,0.91388777386398,12,0.35738401300236405,0.61,50,32,1.0,0.357384013002364,7542,Ricky Rubio,Medium,False,Other Teams
UTA,2019-20,3.208584150532267,0.9274888201999375,3.1620046085577385,3.2157661775289688,3.4594316186372973,0.9274888201999375,11,0.31870864416066086,0.621,44,37,0.9454545454545454,0.3187086441606608,6677,Donovan Mitchell,High,False,Other Teams
UTA,2020-21,3.126991641895284,0.9413182804010428,3.0976035310935037,3.1233054519192245,3.321928094887362,0.9413182804010428,10,0.27338997272917975,0.721,52,20,0.9555555555555556,0.2733899727291797,6061,Joe Ingles,Very High,False,Other Teams
UTA,2021-22,3.2126337387856387,0.868176212420371,3.1392766550349345,3.2407317896945353,3.700439718141092,0.868176212420371,13,0.45165875935106703,0.429,47,36,0.9743589743589745,0.451658759351067,6759,Mike Conley,Low,False,Other Teams
UTA,2022-23,3.358259065382881,0.9367626759575112,3.3284007323555893,3.369465540597282,3.700439718141092,0.9075297319178856,13,0.3625888931111232,0.492,34,40,0.8269230769230769,0.3625888931111232,3539,Kelly Olynyk,Very High,False,Other Teams
UTA,2023-24,3.241226584991065,0.936924599847363,3.1774942970720237,3.276707099493515,3.4594316186372973,0.936924599847363,11,0.2965996299329633,0.4,29,49,0.990909090909091,0.2965996299329633,5534,Keyonte George,Very High,False,Other Teams
WAS,2015-16,3.3062272178614545,0.868379041498625,3.272200699134192,3.3220999061154712,3.807354922057604,0.868379041498625,14,0.44425228759857,0.5,41,42,0.945054945054945,0.44425228759857,11325,John Wall,Low,False,Other Teams
WAS,2016-17,3.3081316057293155,0.893983379734976,3.237439029914283,3.3440797021237434,3.700439718141092,0.893983379734976,13,0.40207392105576034,0.284,49,58,0.9807692307692308,0.4020739210557603,10449,John Wall,Low,False,Other Teams
WAS,2017-18,3.4102571945330897,0.9512671872710182,3.3786910731799145,3.4246229449083128,3.584962500721156,0.9512671872710182,12,0.26801899162812143,0.524,43,39,0.9696969696969696,0.2680189916281214,8242,Bradley Beal,Very High,False,Other Teams
WAS,2018-19,3.3821134420452466,0.8883105229962263,3.341731323717401,3.411900263302495,3.807354922057604,0.8883105229962263,14,0.42069657895182744,0.28,32,50,0.912087912087912,0.4206965789518274,6958,Bradley Beal,Low,False,Other Teams
WAS,2019-20,3.6148910536473755,0.925260373994255,3.533387883950529,3.6735963681903447,3.9068905956085187,0.925260373994255,15,0.34801072160613866,0.333,36,45,0.9285714285714286,0.3480107216061386,6104,Ish Smith,High,False,Other Teams
WAS,2020-21,3.243483653922444,0.8765130365511807,3.1512731473664437,3.3130051704012082,3.700439718141092,0.8765130365511807,13,0.4288888675586954,0.469,34,37,0.9615384615384616,0.4288888675586954,8485,Russell Westbrook,Low,False,Other Teams
WAS,2021-22,3.5602903152532863,0.9351085958986989,3.5378853184142884,3.5737096714143806,3.807354922057604,0.9351085958986989,14,0.30855797414828695,0.296,35,47,0.8736263736263736,0.3085579741482869,3895,Raul Neto,Very High,False,Other Teams
WAS,2022-23,3.351030671969812,0.9347463666065444,3.3317914638568693,3.3590138566282417,3.584962500721156,0.9347463666065444,12,0.29130607240732725,0.355,33,46,1.0,0.2913060724073272,5269,Monté Morris,Very High,False,Other Teams
WAS,2023-24,3.1445332145971787,0.8771453575775535,3.1034278901947485,3.170821351146167,3.584962500721156,0.8771453575775535,12,0.4274425287356322,0.13,15,65,0.9848484848484848,0.4274425287356322,6264,Tyus Jones,Low,False,Other Teams
