TEAM_ID,TEAM_ABBREVIATION,SEASON,Num_Players,Num_Edges,Total_Passes,Density,Gini_Coefficient,Degree_Centralization,Top2_Concentration,Star_Player_ID,Star_Player_Name,Star_Weighted_Degree,W_PCT,WINS,LOSSES,Clustering_Coefficient,Pass_Entropy,Is_Playoff_Team,Is_Elite_Team,Is_Championship_Caliber,Playoff_Score,Mean_Weighted_Degree,Std_Weighted_Degree,Max_Weighted_Degree,Min_Weighted_Degree,Mean_Betweenness,Std_Betweenness,Max_Betweenness,Num_Stars,Degree_Spread
1610612741,CHI,2015-16,14,174,23343,0.956043956043956,0.3573815337727431,0.0473372781065088,0.3200959602450413,201565,Derrick Rose,7833,0.419,41,40,0.0994829918065601,6.6050050985432325,False,False,False,41.9,3334.714285714286,2283.072236081205,7833,835,0.08478327228327225,0.1301393695927035,0.3621794871794871,1,6998
1610612753,ORL,2015-16,13,155,19660,0.9935897435897436,0.3309922529149385,0.0069444444444444,0.3201932858596134,203901,Elfrid Payton,7077,0.418,35,46,0.0936735443474566,6.469751784080391,False,False,False,41.8,3024.6153846153848,1898.1002580853283,7077,879,0.12208624708624709,0.20680773971720984,0.7083333333333334,0,6198
1610612737,ATL,2015-16,13,149,24029,0.9551282051282052,0.4296603142997083,0.1388888888888889,0.3335344791710017,201952,Jeff Teague,8813,0.547,48,34,0.0863991033371588,6.068998898258858,True,False,False,54.7,3696.769230769231,2936.9080440106327,8813,214,0.10168997668997666,0.17406286143143204,0.6439393939393939,1,8599
1610612766,CHA,2015-16,11,113,21151,1.0272727272727271,0.3915095353325224,0.08,0.4078766961372985,202689,Kemba Walker,10897,0.58,49,34,0.0623670122619054,5.741778352135162,True,False,False,57.99999999999999,3845.6363636363635,3004.527426159638,10897,678,0.12424242424242425,0.20951550116895543,0.6555555555555556,1,10219
1610612757,POR,2015-16,11,93,21135,0.8454545454545455,0.3735595844893219,0.17,0.4363614856872486,203081,Damian Lillard,10174,0.531,44,38,0.1487491169438381,5.7911924155484265,True,False,False,53.1,3842.7272727272725,2931.092086267816,10174,0,0.09696969696969697,0.19864298324473512,0.6333333333333333,2,10174
1610612762,UTA,2015-16,13,157,28211,1.0064102564102564,0.2457306615259187,0.0833333333333333,0.2590301655382652,202330,Gordon Hayward,8044,0.494,40,42,0.1971552411632999,6.72172799651597,True,False,False,49.4,4340.153846153846,1959.1588690963717,8044,1424,0.13228438228438227,0.21150287276538499,0.5378787878787878,1,6620
1610612756,PHX,2015-16,14,178,21569,0.978021978021978,0.2937880423623851,0.1065088757396449,0.2484120728823775,202688,Brandon Knight,6207,0.14,29,59,0.183055603751074,6.765065737838164,False,False,False,14.000000000000002,3081.285714285714,1698.8766618233096,6207,310,0.125,0.21264503471145854,0.6538461538461539,0,5897
1610612740,NOP,2015-16,15,196,20130,0.9333333333333332,0.3113164431197218,0.1479591836734693,0.2799552906110283,201950,Jrue Holiday,6550,0.311,29,52,0.1034802547083531,6.844124179509028,False,False,False,31.1,2684.0,1583.7927353575747,6550,388,0.10470085470085469,0.1561677216857586,0.5668498168498168,0,6162
1610612748,MIA,2015-16,13,151,21432,0.967948717948718,0.371812817641485,0.125,0.3603023516237402,201609,Goran Dragic,9506,0.383,46,50,0.0810943783316768,6.360539382354564,False,False,False,38.3,3297.230769230769,2434.9638995902365,9506,393,0.11596736596736595,0.25183715497618314,0.7803030303030303,1,9113
1610612738,BOS,2015-16,10,92,22512,1.022222222222222,0.257276119402985,0.0987654320987654,0.3654495380241649,202738,Isaiah Thomas,10479,0.58,48,34,0.1501242855754516,5.878524032322312,True,False,False,57.99999999999999,4502.4,2449.255451492691,10479,1372,0.10555555555555554,0.23057228854941259,0.7083333333333333,1,9107
1610612765,DET,2015-16,11,112,16074,1.018181818181818,0.3450801407128395,0.09,0.3724959562025631,202704,Reggie Jackson,7351,0.531,43,39,0.0963562798782513,5.777744186986412,True,False,False,53.1,2922.5454545454545,1956.1913180277825,7351,489,0.11464646464646465,0.1563920510292652,0.4666666666666667,1,6862
1610612744,GSW,2015-16,11,109,23295,0.990909090909091,0.3355928896173584,0.12,0.403026400515132,201939,Stephen Curry,9698,0.875,73,9,0.1061328263556893,5.97431963407461,True,True,True,112.5,4235.454545454545,2821.7883111118153,9698,1385,0.14444444444444443,0.19342590376398291,0.5,3,8313
1610612759,SAS,2015-16,14,182,24797,1.0,0.3360890430293987,0.0828402366863905,0.2824938500625075,2225,Tony Parker,8046,0.436,66,31,0.1110423761548548,6.596335935647858,False,False,False,43.6,3542.4285714285716,2197.8752926855977,8046,559,0.0865384615384615,0.15974386588450876,0.5587606837606837,2,7487
1610612760,OKC,2015-16,12,136,18987,1.0303030303030305,0.4016563964818033,0.0661157024793388,0.4239479643966924,201566,Russell Westbrook,10111,0.457,55,44,0.0505502094081224,5.82606682436527,False,False,False,45.7,3164.5,2667.7108845668345,10111,1034,0.11704545454545451,0.19650520034871125,0.6681818181818181,2,9077
1610612751,BKN,2015-16,14,173,18453,0.9505494505494504,0.3753164409968181,0.136094674556213,0.3095702595783883,203499,Shane Larkin,6253,0.288,21,58,0.1181168125349651,6.39886386816419,False,False,False,28.799999999999997,2636.1428571428573,1829.375885887898,6253,548,0.12751831501831498,0.1886284237900679,0.5769230769230769,1,5705
1610612750,MIN,2015-16,10,91,18672,1.011111111111111,0.3222150814053127,0.1111111111111111,0.3855773350471294,201937,Ricky Rubio,9022,0.354,29,53,0.1120210767572547,5.64767335024,False,False,False,35.4,3734.4,2392.470791648017,9022,1421,0.12847222222222215,0.21579363721262507,0.6458333333333333,3,7601
1610612747,LAL,2015-16,15,211,22468,1.0047619047619047,0.3995074476292208,0.0714285714285714,0.3201887128360334,1626156,D'Angelo Russell,7808,0.21,17,64,0.1145710805906566,6.652485734915886,False,False,False,21.0,2995.733333333333,2251.979905602644,7808,519,0.10866910866910866,0.17726232795858993,0.6483516483516484,1,7289
1610612752,NYK,2015-16,12,136,27266,1.0303030303030305,0.2487346878896794,0.0661157024793388,0.2774701092936257,101181,Jose Calderon,8506,0.39,32,50,0.1603398062217272,6.46312435484535,False,False,False,39.0,4544.333333333333,2089.688769055132,8506,1368,0.09015151515151514,0.232080012023799,0.8090909090909091,2,7138
1610612746,LAC,2015-16,12,135,20878,1.0227272727272727,0.3041997956381518,0.0743801652892562,0.3502490660024906,101108,Chris Paul,9837,0.627,51,32,0.0580935505385514,6.094717932410221,True,False,False,62.7,3479.6666666666665,2285.4136420244618,9837,1289,0.11818181818181815,0.15004382029599142,0.4272727272727272,1,8548
1610612743,DEN,2015-16,14,169,19405,0.9285714285714286,0.3556668016343358,0.1597633136094674,0.3077557330584901,1626144,Emmanuel Mudiay,7534,0.308,35,55,0.0854164530176526,6.491712513926298,False,False,False,30.8,2772.1428571428573,1908.49847774643,7534,388,0.1372100122100122,0.21494760633865656,0.6431623931623932,1,7146
1610612758,SAC,2015-16,12,137,22475,1.0378787878787878,0.3813978494623656,0.0578512396694214,0.3908787541713014,200765,Rajon Rondo,10620,0.356,32,46,0.0811378066911407,6.113481106201166,False,False,False,35.6,3745.8333333333335,2856.125978674717,10620,1061,0.08446969696969696,0.10484968908049026,0.2590909090909091,2,9559
1610612763,MEM,2015-16,13,134,11065,0.8589743589743589,0.464639021168619,0.1527777777777778,0.3903750564844103,201144,Mike Conley,5479,0.5,39,39,0.0491583427384133,5.803362586049467,True,False,False,50.0,1702.3076923076924,1562.3844162377468,5479,300,0.10547785547785546,0.12214412595133166,0.3863636363636363,0,5179
1610612761,TOR,2015-16,12,132,23256,1.0,0.4120442036463708,0.0991735537190082,0.3900713794289646,200768,Kyle Lowry,10851,0.614,56,26,0.1189267282330707,5.968873974517241,True,False,False,61.4,3876.0,3106.7588489379964,10851,495,0.09280303030303029,0.26481255390414205,0.9136363636363636,3,10356
1610612764,WAS,2015-16,14,172,22138,0.945054945054945,0.44425228759857,0.1420118343195266,0.3679645857801066,202322,John Wall,11325,0.5,41,42,0.0821212163596979,6.222421229720806,True,False,False,50.0,3162.5714285714284,2887.0585700351126,11325,231,0.10767704517704514,0.1637929837304997,0.4166666666666666,1,11094
1610612754,IND,2015-16,12,135,22242,1.0227272727272727,0.3700881215718011,0.0743801652892562,0.3732802805503102,201588,George Hill,8452,0.533,44,37,0.1451472267515774,6.177349562370093,True,False,False,53.300000000000004,3707.0,2656.609869740004,8452,720,0.13409090909090907,0.2415553471257028,0.7363636363636363,3,7732
1610612755,PHI,2015-16,12,134,23578,1.0151515151515151,0.2796568835354991,0.0826446280991735,0.3102680464840105,202397,Ish Smith,7392,0.13,16,71,0.2188964952524599,6.452898841724267,False,False,False,13.0,3929.6666666666665,2058.9282442939857,7392,1288,0.08421717171717173,0.18030645450522287,0.5893939393939395,2,6104
1610612742,DAL,2015-16,14,177,26362,0.9725274725274724,0.4027171144612916,0.1124260355029585,0.3141453607465291,101114,Deron Williams,9588,0.507,40,40,0.1229205183920642,6.509371373088999,True,False,False,50.7,3766.0,2805.8733454611297,9588,571,0.11309523809523807,0.17096577776177221,0.4743589743589743,1,9017
1610612739,CLE,2015-16,11,114,21509,1.0363636363636364,0.3218103204155554,0.07,0.3382072620763401,2544,LeBron James,8377,0.688,57,35,0.1449842034942803,6.0661177957490535,True,True,False,78.8,3910.7272727272725,2383.935657307432,8377,1051,0.12171717171717168,0.21327045580112744,0.6444444444444445,1,7326
1610612745,HOU,2015-16,10,90,16647,1.0,0.3696521895837087,0.1234567901234567,0.4283354358142608,201935,James Harden,8478,0.5,41,41,0.1382726965501901,5.672719275473929,True,False,False,50.0,3329.4,2429.3943095164914,8478,917,0.14583333333333331,0.21855088429485497,0.5694444444444444,1,7561
1610612749,MIL,2015-16,13,158,23123,1.0128205128205128,0.3292126720315104,0.0763888888888889,0.3046533754270639,203507,Giannis Antetokounmpo,7606,0.37,33,48,0.1471451519852856,6.576915839809755,False,False,False,37.0,3557.3846153846152,2197.2018014761998,7606,1234,0.09761072261072258,0.10681497870844298,0.3901515151515151,1,6372
1610612754,IND,2016-17,12,132,21997,1.0,0.3398455850040157,0.0991735537190082,0.3612765377096877,201952,Jeff Teague,9977,0.436,42,40,0.0827383533449398,6.127751951647201,False,False,False,43.6,3666.1666666666665,2521.9830881609214,9977,867,0.10871212121212119,0.2006793339918437,0.6818181818181818,2,9110
1610612753,ORL,2016-17,11,112,19477,1.018181818181818,0.3232624027407618,0.09,0.3670996560045181,203901,Elfrid Payton,8154,0.308,39,53,0.1129897528794878,5.976254733151999,False,False,False,30.8,3541.2727272727275,2189.6400658970915,8154,1112,0.10101010101010101,0.18819838137445308,0.5888888888888889,1,7042
1610612738,BOS,2016-17,12,134,25955,1.0151515151515151,0.3177518782508187,0.0826446280991735,0.3294933538817183,202738,Isaiah Thomas,10108,0.618,51,29,0.1194169955470403,6.317825451895241,True,False,False,61.8,4325.833333333333,2618.067567477736,10108,895,0.09772727272727272,0.22007187542509368,0.5818181818181818,2,9213
1610612757,POR,2016-17,10,89,16478,0.9888888888888888,0.3299247481490472,0.0123456790123456,0.4377655055225148,203081,Damian Lillard,8099,0.494,40,40,0.1988992050365958,5.756354022025095,True,False,False,49.4,3295.6,2234.5976122982156,8099,1235,0.17222222222222222,0.23950895696485405,0.625,2,6864
1610612746,LAC,2016-17,13,155,24679,0.9935897435897436,0.3608081614078615,0.0972222222222222,0.3065359212285749,101108,Chris Paul,8342,0.622,51,31,0.0743447805665915,6.185009368454959,True,False,False,62.2,3796.769230769231,2511.525603885885,8342,426,0.10547785547785546,0.18380402217925512,0.6287878787878788,2,7916
1610612756,PHX,2016-17,13,151,20351,0.967948717948718,0.3321137120459021,0.0347222222222222,0.3316544641540956,202339,Eric Bledsoe,7672,0.219,24,58,0.1118265108926842,6.359251226040164,False,False,False,21.9,3130.923076923077,1987.7853867029364,7672,621,0.11188811188811187,0.17906570409407885,0.4772727272727273,2,7051
1610612762,UTA,2016-17,12,133,23949,1.0075757575757576,0.2002066892145809,0.0909090909090909,0.260365777276713,202330,Gordon Hayward,6525,0.606,51,31,0.2478955935675674,6.6475022511911055,True,False,False,60.6,3991.5,1504.527923545214,6525,1294,0.10454545454545451,0.2205280187694052,0.7636363636363636,1,5231
1610612760,OKC,2016-17,12,133,17177,1.0075757575757576,0.4036647843045933,0.0909090909090909,0.405629621004832,201566,Russell Westbrook,10035,0.568,47,37,0.0757159836427066,5.795573130294789,True,False,False,56.8,2862.8333333333335,2542.4206015432446,10035,427,0.11931818181818181,0.21871598694460817,0.5727272727272728,1,9608
1610612740,NOP,2016-17,11,102,14211,0.9272727272727272,0.4458134223808701,0.19,0.4322004081345437,201950,Jrue Holiday,6686,0.3,34,46,0.0724592675070754,5.539314624359786,False,False,False,30.0,2583.818181818182,2204.0283490999755,6686,250,0.12929292929292927,0.22577836435142126,0.7555555555555555,3,6436
1610612765,DET,2016-17,11,108,21267,0.9818181818181818,0.2960369672176697,0.13,0.3201203742888042,202397,Ish Smith,7727,0.453,37,45,0.1462088433619769,6.023054563495441,False,False,False,45.300000000000004,3866.7272727272725,2123.4325085064083,7727,674,0.10707070707070705,0.24021712027024955,0.8,1,7053
1610612744,GSW,2016-17,11,113,22487,1.0272727272727271,0.3104419927473247,0.08,0.3672566371681416,201939,Stephen Curry,8505,0.823,66,36,0.1523001657246135,6.124170709047084,True,True,True,107.3,4088.5454545454545,2425.6777347222514,8505,1040,0.09494949494949494,0.15661257035807777,0.4444444444444445,4,7465
1610612739,CLE,2016-17,13,132,19133,0.8461538461538461,0.4609353955509812,0.1666666666666666,0.4502430355929546,2544,LeBron James,8941,0.296,51,39,0.0698740151330545,5.900880511475262,False,False,False,29.599999999999998,2943.5384615384614,2765.3639487833725,8941,326,0.12024087024087023,0.17786318320085873,0.5277777777777777,2,8615
1610612763,MEM,2016-17,14,181,23641,0.9945054945054944,0.3886407995794231,0.0887573964497041,0.3624423670741508,201144,Mike Conley,9152,0.493,40,37,0.0593686671967378,6.512776148385756,True,False,False,49.3,3377.285714285714,2573.7129248966794,9152,739,0.1323260073260073,0.224304123231015,0.6346153846153846,2,8413
1610612750,MIN,2016-17,11,110,21916,1.0,0.369310922696577,0.11,0.3910841394415039,201937,Ricky Rubio,10059,0.378,31,51,0.0892785927316329,5.765311250181606,False,False,False,37.8,3984.7272727272725,2812.5646691555057,10059,469,0.11414141414141414,0.25454345036889375,0.6666666666666667,3,9590
1610612751,BKN,2016-17,15,203,20704,0.9666666666666668,0.3060439206594539,0.1122448979591836,0.2260432766615147,202344,Trevor Booker,4855,0.13,28,59,0.122642148122153,6.916832596412048,False,False,False,13.0,2760.5333333333333,1536.5616470672744,4855,416,0.11978021978021977,0.16445141095612303,0.478021978021978,1,4439
1610612741,CHI,2016-17,15,202,19455,0.961904761904762,0.3952608583911591,0.0408163265306122,0.3302492932408121,202710,Jimmy Butler III,6657,0.46,41,41,0.1121972916736278,6.662730854592096,False,False,False,46.0,2594.0,1946.5243384042233,6657,168,0.10805860805860805,0.2033022277807368,0.7225274725274726,1,6489
1610612758,SAC,2016-17,14,174,16089,0.956043956043956,0.3028733029665343,0.1301775147928994,0.3223009509602834,201954,Darren Collison,5564,0.273,31,51,0.127771487814404,6.72911461400377,False,False,False,27.3,2298.4285714285716,1390.4999496188807,5564,673,0.11355311355311351,0.1478518395582489,0.4326923076923076,0,4891
1610612764,WAS,2016-17,13,153,20704,0.9807692307692308,0.4020739210557603,0.1111111111111111,0.3915185471406491,202322,John Wall,10449,0.284,49,58,0.0477040937093326,6.019485041511672,False,False,False,28.4,3185.230769230769,2676.858424653987,10449,899,0.09761072261072258,0.11484160772442724,0.3295454545454545,2,9550
1610612747,LAL,2016-17,14,174,17892,0.956043956043956,0.3716505381495321,0.0473372781065088,0.3185222445785826,1626156,D'Angelo Russell,6505,0.317,47,56,0.0943221299861793,6.51579164337965,False,False,False,31.7,2556.0,1826.2314285898244,6505,685,0.1442307692307692,0.2041589836583377,0.6955128205128205,0,5820
1610612766,CHA,2016-17,11,107,20712,0.9727272727272728,0.390656273043295,0.14,0.4060206643491695,202689,Kemba Walker,10191,0.39,36,45,0.0643022959039309,5.667279646343356,False,False,False,39.0,3765.818181818182,2874.41235100957,10191,140,0.1505050505050505,0.26719224301058603,0.8444444444444444,1,10051
1610612752,NYK,2016-17,13,158,19517,1.0128205128205128,0.3353329050413643,0.0763888888888889,0.3298662704309064,201565,Derrick Rose,7656,0.269,31,51,0.1118048081635849,6.459048147077176,False,False,False,26.900000000000002,3002.6153846153848,1963.2811625126249,7656,520,0.10256410256410255,0.2156900223161266,0.7575757575757576,2,7136
1610612745,HOU,2016-17,11,109,19403,0.990909090909091,0.3929101872718839,0.12,0.4194196773694789,201935,James Harden,11477,0.667,54,47,0.0898549719026717,5.638300217416383,True,True,False,76.7,3527.818181818182,2993.6639363222394,11477,187,0.1202020202020202,0.279597072602444,0.9333333333333332,1,11290
1610612761,TOR,2016-17,13,150,19434,0.9615384615384616,0.3828262917487987,0.1319444444444444,0.3428012761140269,200768,Kyle Lowry,7081,0.704,50,46,0.0844756790124812,6.264217790135799,True,True,False,80.39999999999999,2989.846153846154,2210.8597817046143,7081,735,0.11451048951048949,0.1469006418244486,0.5189393939393939,2,6346
1610612743,DEN,2016-17,13,144,21066,0.9230769230769232,0.3380949251071723,0.1736111111111111,0.3150574385265356,2749,Jameer Nelson,6852,0.488,40,43,0.11615022760173,6.471543471701877,True,False,False,48.8,3240.923076923077,2034.612799426403,6852,13,0.15559440559440557,0.21635421475202285,0.5909090909090909,1,6839
1610612759,SAS,2016-17,12,137,23014,1.0378787878787878,0.249065786043278,0.0578512396694214,0.2826540366733293,201988,Patty Mills,6808,0.73,60,21,0.200262691264474,6.487632810373436,True,True,True,98.0,3835.6666666666665,1749.3459210559674,6808,1354,0.10189393939393938,0.1558098295365712,0.5409090909090909,2,5454
1610612755,PHI,2016-17,11,107,21048,0.9727272727272728,0.3085976642133997,0.14,0.3535727860129228,204456,T.J. McConnell,8636,0.333,28,54,0.1167797739198896,6.046218578171068,False,False,False,33.300000000000004,3826.909090909091,2301.22325968366,8636,981,0.1191919191919192,0.23302047327479108,0.7444444444444445,1,7655
1610612742,DAL,2016-17,12,119,13924,0.9015151515151516,0.3151692521306138,0.1074380165289256,0.2874174087905774,203552,Seth Curry,4418,0.397,40,48,0.2086952209235178,6.300960770578219,False,False,False,39.7,2320.6666666666665,1343.8608107939895,4418,36,0.13939393939393938,0.18720665340577222,0.5,1,4382
1610612737,ATL,2016-17,13,157,22422,1.0064102564102564,0.3683538832053683,0.0833333333333333,0.3497680849165998,203471,Dennis Schröder,9834,0.532,42,47,0.0716581660757832,6.300797131773598,True,False,False,53.2,3449.5384615384614,2508.157744088431,9834,770,0.09498834498834498,0.17462259209273592,0.5265151515151515,1,9064
1610612748,MIA,2016-17,12,130,20592,0.9848484848484848,0.3441344535094535,0.1157024793388429,0.3513986013986014,201609,Goran Dragic,8650,0.273,40,38,0.1455117422996446,6.29505041087276,False,False,False,27.3,3432.0,2300.483427456064,8650,877,0.13030303030303028,0.20812148006227224,0.6045454545454545,1,7773
1610612749,MIL,2016-17,14,156,21874,0.8571428571428571,0.4274709701014904,0.1538461538461538,0.3516503611593672,203507,Giannis Antetokounmpo,8881,0.5,42,39,0.0879280452139652,6.370350924108148,True,False,False,50.0,3124.8571428571427,2571.0532668731116,8881,9,0.09935897435897433,0.1422530413745396,0.4326923076923076,1,8872
1610612753,ORL,2017-18,14,180,18348,0.989010989010989,0.34208477373945,0.0946745562130177,0.3020765206017005,201571,D.J. Augustin,6477,0.304,25,57,0.1104576697325052,6.690214209728849,False,False,False,30.4,2621.1428571428573,1690.8805560846263,6477,818,0.07852564102564101,0.13557905048666377,0.391025641025641,0,5659
1610612738,BOS,2017-18,13,156,22865,1.0,0.3146865380410099,0.0,0.294664334135141,1626179,Terry Rozier,6835,0.412,54,30,0.1364814143571832,6.6053305467195,False,False,False,41.199999999999996,3517.6923076923076,2053.3922496126333,6835,756,0.07721445221445221,0.16988216511665596,0.6098484848484849,1,6079
1610612754,IND,2017-18,12,129,23193,0.9772727272727272,0.346228747179465,0.024793388429752,0.3019876686931402,201954,Darren Collison,7280,0.585,48,34,0.1565536322620465,6.132493901528688,True,False,False,58.5,3865.5,2482.1622721841827,7280,507,0.11780303030303028,0.18467919470984726,0.5242424242424242,2,6773
1610612757,POR,2017-18,10,94,20142,1.0444444444444445,0.2926819580975077,0.074074074074074,0.3808211696951643,203081,Damian Lillard,8690,0.608,49,33,0.123062845264682,5.872963018599822,True,False,False,60.8,4028.4,2281.3959274483195,8690,1592,0.1333333333333333,0.22521137761901258,0.6388888888888888,2,7098
1610612762,UTA,2017-18,12,128,21181,0.9696969696969696,0.3521316274019168,0.0330578512396694,0.3520608092158066,201937,Ricky Rubio,8443,0.571,52,34,0.1217499777650055,6.180111506684676,True,False,False,57.099999999999994,3530.1666666666665,2413.254830884604,8443,1321,0.11136363636363633,0.17289574211319234,0.4499999999999999,2,7122
1610612760,OKC,2017-18,12,126,19802,0.9545454545454546,0.4421144328855671,0.0495867768595041,0.4167760832239168,201566,Russell Westbrook,10783,0.585,48,40,0.0550773186533406,5.669914176159293,True,False,False,58.5,3300.3333333333335,2944.6001529250216,10783,504,0.12045454545454544,0.20979489823114544,0.5636363636363636,2,10279
1610612747,LAL,2017-18,11,108,15097,0.9818181818181818,0.3262960130549718,0.02,0.3310260316619196,1628366,Lonzo Ball,5512,0.407,35,47,0.1546628783816888,6.026417318640815,False,False,False,40.699999999999996,2744.909090909091,1672.9306294371836,5512,310,0.11969696969696968,0.21591555900288573,0.7166666666666667,0,5202
1610612756,PHX,2017-18,14,176,17625,0.967032967032967,0.3306301925025329,0.0355029585798816,0.2991205673758865,1627755,Tyler Ulis,5980,0.095,21,61,0.1096611321960235,6.702826270736125,False,False,False,9.5,2517.8571428571427,1562.1899252771293,5980,399,0.10225885225885224,0.17009696525596574,0.6047008547008547,0,5581
1610612751,BKN,2017-18,13,149,22215,0.9551282051282052,0.3442684256998909,0.0486111111111111,0.2995723610173306,203915,Spencer Dinwiddie,8191,0.333,34,52,0.1248890525309722,6.429296622784784,False,False,False,33.300000000000004,3417.6923076923076,2227.7987784887346,8191,598,0.1042152292152292,0.18020837877122337,0.571969696969697,1,7593
1610612755,PHI,2017-18,13,150,25310,0.9615384615384616,0.4022763881712913,0.0416666666666666,0.3566179375740814,1627732,Ben Simmons,11838,0.488,51,41,0.074881202036605,6.235215478863605,True,False,False,48.8,3893.846153846154,3152.774144732272,11838,876,0.12907925407925408,0.18839675323555938,0.5189393939393939,1,10962
1610612765,DET,2017-18,14,148,16393,0.8131868131868132,0.3922841631009751,0.2011834319526627,0.330049411334106,202397,Ish Smith,6379,0.476,39,47,0.0975914962589753,6.288673251438685,False,False,False,47.599999999999994,2341.8571428571427,1739.1107744230342,6379,61,0.13682844932844931,0.18148487555163867,0.6207264957264956,0,6318
1610612744,GSW,2017-18,14,185,25217,1.0164835164835164,0.2719423971357191,0.0650887573964497,0.2786215648173851,203110,Draymond Green,7885,0.719,56,24,0.1598795197812978,6.93580385217669,True,True,False,81.89999999999999,3602.4285714285716,1901.6998353410727,7885,1730,0.07119963369963368,0.10642970054929181,0.3653846153846153,2,6155
1610612763,MEM,2017-18,13,155,20592,0.9935897435897436,0.3307109557109557,0.0069444444444444,0.3125,201188,Marc Gasol,7684,0.288,22,60,0.1349993520941593,6.5620224365314765,False,False,False,28.799999999999997,3168.0,2001.183441533201,7684,919,0.09265734265734264,0.15948585675200272,0.5530303030303031,1,6765
1610612750,MIN,2017-18,10,89,22294,0.9888888888888888,0.2848793397326635,0.0123456790123456,0.356643042971203,201952,Jeff Teague,8618,0.573,47,35,0.1193942062253591,5.703574171659803,True,False,False,57.3,4458.8,2415.7787702243486,8618,185,0.10694444444444443,0.3011786687914325,0.9583333333333331,2,8433
1610612740,NOP,2017-18,13,143,19101,0.9166666666666666,0.5047379718339354,0.1805555555555555,0.4011831841264855,201950,Jrue Holiday,8399,0.585,48,34,0.0841238453212897,5.775439088681037,True,False,False,58.5,2938.6153846153848,2794.5722552375682,8399,63,0.11567599067599067,0.2307790105196998,0.8030303030303031,3,8336
1610612746,LAC,2017-18,14,173,18150,0.9505494505494504,0.336017316017316,0.0532544378698224,0.315068870523416,101150,Lou Williams,5966,0.493,42,41,0.0824620536342553,6.670791770260627,True,False,False,49.3,2592.8571428571427,1669.8509770977428,5966,594,0.1538461538461538,0.21461659820704618,0.673076923076923,1,5372
1610612748,MIA,2017-18,13,147,23281,0.9423076923076924,0.3718615047595761,0.0625,0.3338774107641424,201609,Goran Dragic,8973,0.3,44,37,0.1161055731728038,6.428838079210866,False,False,False,30.0,3581.6923076923076,2485.902230063744,8973,215,0.10635198135198135,0.24466521404429298,0.8257575757575758,1,8758
1610612741,CHI,2017-18,15,198,21385,0.9428571428571428,0.3489922843114332,0.0612244897959183,0.2732990413841478,1628374,Lauri Markkanen,6042,0.338,26,51,0.1050861874669581,6.7244371500991225,False,False,False,33.800000000000004,2851.3333333333335,1836.8865221450387,6042,409,0.11568986568986568,0.17261164464880982,0.4771062271062271,0,5633
1610612758,SAC,2017-18,12,136,20429,1.0303030303030305,0.2622660596863935,0.0661157024793388,0.3112731900729355,1628368,De'Aaron Fox,7560,0.273,27,53,0.1456334348382838,6.478937811314594,False,False,False,27.3,3404.8333333333335,1766.0870375614065,7560,500,0.08106060606060607,0.28080217637859073,0.9727272727272728,1,7060
1610612764,WAS,2017-18,12,128,23133,0.9696969696969696,0.2680189916281214,0.0330578512396694,0.300609518869148,203078,Bradley Beal,8242,0.524,43,39,0.1431943952251022,6.349965901314789,True,False,False,52.400000000000006,3855.5,1967.2531149249246,8242,795,0.11287878787878784,0.19839545439239842,0.6636363636363636,1,7447
1610612745,HOU,2017-18,13,133,19520,0.8525641025641025,0.4202001891551072,0.1597222222222222,0.3905225409836065,201935,James Harden,8888,0.393,65,20,0.0726529362234716,6.158909208695832,False,False,False,39.300000000000004,3003.076923076923,2459.8590224353125,8888,21,0.10168997668997667,0.19825149987171467,0.625,1,8867
1610612759,SAS,2017-18,11,110,22724,1.0,0.1985365892688547,0.0,0.2692527723992255,1627749,Dejounte Murray,6148,0.6,47,35,0.2675544034943192,6.421977340344979,True,False,False,60.0,4131.636363636364,1525.2906131440839,6148,2210,0.0919191919191919,0.13072361845511218,0.4555555555555555,1,3938
1610612761,TOR,2017-18,12,112,23155,0.8484848484848485,0.331066004462679,0.1652892561983471,0.3498596415461023,200768,Kyle Lowry,8942,0.308,59,23,0.0867138398540027,5.989480434039164,False,False,False,30.8,3859.1666666666665,2457.405351301665,8942,6,0.1348484848484848,0.14435708570880781,0.4363636363636363,2,8936
1610612739,CLE,2017-18,12,130,13483,0.9848484848484848,0.3473448045687161,0.0165289256198347,0.3888971297189053,2544,LeBron James,7631,0.418,50,41,0.0784021453591601,6.045333404912774,False,False,False,41.8,2247.1666666666665,1831.7055059714323,7631,736,0.0727272727272727,0.12635442025967483,0.4318181818181818,1,6895
1610612766,CHA,2017-18,14,179,22578,0.9835164835164836,0.410658922085975,0.1005917159763313,0.340663477721676,202689,Kemba Walker,10386,0.417,36,46,0.049540233467161,6.170153297779176,False,False,False,41.699999999999996,3225.4285714285716,2649.944229145666,10386,393,0.13347069597069594,0.1934859007008103,0.5448717948717948,1,9993
1610612752,NYK,2017-18,14,169,21303,0.9285714285714286,0.3087794475627175,0.0769230769230769,0.2651504482936676,101127,Jarrett Jack,6194,0.333,29,50,0.0958383422172502,6.579338402515145,False,False,False,33.300000000000004,3043.285714285714,1732.6261272136285,6194,439,0.09523809523809522,0.15242413032005647,0.516025641025641,0,5755
1610612737,ATL,2017-18,12,132,17839,1.0,0.316254648055758,0.0,0.3296709456808117,203471,Dennis Schröder,7150,0.264,24,58,0.1329073824045162,6.281289424349428,False,False,False,26.400000000000002,2973.1666666666665,1806.2317798179286,7150,844,0.0977272727272727,0.1657745973603237,0.4499999999999999,1,6306
1610612742,DAL,2017-18,13,156,21702,1.0,0.405446502626486,0.0,0.3368813934199613,1628372,Dennis Smith Jr.,8344,0.312,30,58,0.0921807532417788,6.209582172896626,False,False,False,31.2,3338.769230769231,2531.9998075910325,8344,661,0.14219114219114218,0.19112601527958908,0.5189393939393939,1,7683
1610612743,DEN,2017-18,12,127,21038,0.9621212121212122,0.4366067750419875,0.0413223140495867,0.415510029470482,1627750,Jamal Murray,9103,0.568,46,38,0.0612919229436933,5.887643585429844,True,False,False,56.8,3506.3333333333335,2942.596637274122,9103,325,0.11553030303030302,0.21935341714416584,0.7272727272727273,2,8778
1610612749,MIL,2017-18,12,125,19967,0.946969696969697,0.4051643545182885,0.0578512396694214,0.3881404317123253,203507,Giannis Antetokounmpo,7852,0.541,44,39,0.0944727067031561,6.045645022065245,True,False,False,54.1,3327.8333333333335,2637.6828961431393,7852,420,0.1231060606060606,0.23635933191672842,0.8045454545454545,3,7432
1610612753,ORL,2018-19,12,124,20307,0.9393939393939394,0.3696795850363585,0.0661157024793388,0.3659575515831979,201571,D.J. Augustin,7803,0.519,42,39,0.0696955716372162,5.989777789298187,True,False,False,51.9,3384.5,2356.4013587749355,7803,726,0.10454545454545454,0.12448239943299229,0.3363636363636363,2,7077
1610612754,IND,2018-19,11,106,22951,0.9636363636363636,0.2906191451352882,0.04,0.3156943052590301,201954,Darren Collison,8010,0.58,48,42,0.1305866212303973,6.030427470310716,True,False,False,57.99999999999999,4172.909090909091,2236.8916582859106,8010,1216,0.12525252525252525,0.22651906463743834,0.6333333333333333,1,6794
1610612760,OKC,2018-19,13,150,19146,0.9615384615384616,0.4801163528835105,0.0416666666666666,0.411391413350047,201566,Russell Westbrook,9453,0.595,48,34,0.0406513803574954,5.774180718442079,True,False,False,59.5,2945.5384615384614,2813.8333762379693,9453,499,0.09236596736596735,0.10828427669343288,0.303030303030303,2,8954
1610612738,BOS,2018-19,11,108,22268,0.9818181818181818,0.2833009455068014,0.02,0.3056852883060894,202681,Kyrie Irving,7566,0.552,48,33,0.200837049450682,6.208053154361616,True,False,False,55.2,4048.7272727272725,2120.2441883381775,7566,730,0.09494949494949494,0.28005130201815714,0.9333333333333332,1,6836
1610612757,POR,2018-19,12,129,20762,0.9772727272727272,0.3555052499759175,0.024793388429752,0.3641990174356998,203081,Damian Lillard,9766,0.662,52,43,0.0666693471797508,6.023139172104262,True,True,False,76.2,3460.3333333333335,2507.81213350795,9766,1055,0.10227272727272724,0.12005039012137575,0.3363636363636363,1,8711
1610612758,SAC,2018-19,14,176,19700,0.967032967032967,0.4554133430021755,0.1183431952662721,0.3692131979695431,1628368,De'Aaron Fox,8929,0.481,39,45,0.055979001894845,6.143621566527854,False,False,False,48.1,2814.285714285714,2478.6712764510135,8929,257,0.07516788766788764,0.12307182017907538,0.4177350427350426,2,8672
1610612747,LAL,2018-19,16,219,20620,0.9125,0.4013094083414161,0.0933333333333333,0.2782492725509214,2544,LeBron James,6581,0.32,37,45,0.0972777598401567,6.845002703425469,False,False,False,32.0,2577.5,1912.7401635698805,6581,454,0.10535714285714284,0.10966500369009952,0.330952380952381,1,6127
1610612737,ATL,2018-19,12,132,18812,1.0,0.3279511304840882,0.0,0.3786678715713374,1629027,Trae Young,9860,0.358,29,53,0.0697896302175835,6.154193803434837,False,False,False,35.8,3135.3333333333335,2347.0252093519007,9860,568,0.08825757575757574,0.25107176973671846,0.8681818181818182,1,9292
1610612744,GSW,2018-19,14,180,25141,0.989010989010989,0.3425735991863035,0.0118343195266272,0.2988544608408575,201939,Stephen Curry,7617,0.563,56,25,0.1150987823194194,6.706792583312288,True,False,False,56.3,3591.5714285714284,2295.6686210301386,7617,679,0.11446886446886446,0.2296929639268402,0.6634615384615384,4,6938
1610612751,BKN,2018-19,13,154,24440,0.9871794871794872,0.2859404507113181,0.0138888888888888,0.3295008183306055,1626156,D'Angelo Russell,9776,0.475,42,39,0.1789203197422708,6.632854719883506,False,False,False,47.5,3760.0,2253.260082635824,9776,1258,0.07954545454545453,0.18555451768348774,0.6704545454545455,1,8518
1610612752,NYK,2018-19,13,152,14514,0.9743589743589745,0.2617737781028397,0.0277777777777777,0.2667080060631114,1626144,Emmanuel Mudiay,4680,0.152,25,61,0.1013584158184606,6.5640065563969605,False,False,False,15.2,2232.923076923077,1110.1368130053806,4680,382,0.10489510489510488,0.23150718877290402,0.7840909090909091,0,4298
1610612755,PHI,2018-19,14,166,16563,0.912087912087912,0.4940055717994497,0.0946745562130177,0.4027651995411459,1627732,Ben Simmons,7795,0.446,50,36,0.0575289988474666,5.978611901291092,False,False,False,44.6,2366.1428571428573,2292.0225484574453,7795,92,0.1347680097680097,0.18389101055153054,0.5267094017094016,3,7703
1610612765,DET,2018-19,13,142,19380,0.9102564102564102,0.4249742002063983,0.1875,0.4111455108359133,201933,Blake Griffin,8032,0.449,44,41,0.0432828681008791,5.994854416933577,False,False,False,44.9,2981.5384615384614,2528.6678843277878,8032,40,0.1284965034965035,0.18499676229166287,0.5858585858585859,2,7992
1610612750,MIN,2018-19,14,177,21648,0.9725274725274724,0.3365965843099989,0.029585798816568,0.2938608647450111,1626157,Karl-Anthony Towns,6770,0.333,39,43,0.1031267900042394,6.619282463711602,False,False,False,33.300000000000004,3092.5714285714284,1909.4290614367796,6770,536,0.09981684981684978,0.11242124655508055,0.3525641025641025,1,6234
1610612739,CLE,2018-19,14,159,14961,0.8736263736263736,0.4150792059354321,0.136094674556213,0.3522157609785442,1629012,Collin Sexton,6467,0.148,33,63,0.0808288527028366,6.344826802193824,False,False,False,14.799999999999999,2137.285714285714,1755.7241516546092,6467,331,0.12484737484737482,0.1559282150969234,0.4604700854700854,0,6136
1610612740,NOP,2018-19,14,175,18962,0.9615384615384616,0.3538580921240978,0.0414201183431952,0.3186109060225714,201950,Jrue Holiday,7140,0.318,31,42,0.0910567734241758,6.658524867931446,False,False,False,31.8,2708.8571428571427,1873.4137847232812,7140,372,0.10874542124542122,0.1757071686064922,0.4743589743589743,2,6768
1610612741,CHI,2018-19,13,144,14678,0.9230769230769232,0.3283302063789868,0.0833333333333333,0.2900599536721624,1627739,Kris Dunn,4454,0.227,27,59,0.1233920044305541,6.405507084505416,False,False,False,22.7,2258.153846153846,1389.5713275535638,4454,647,0.14219114219114218,0.18010434489820454,0.5530303030303031,0,3807
1610612745,HOU,2018-19,12,130,17365,0.9848484848484848,0.4392216143583837,0.1157024793388429,0.4244457241577886,201935,James Harden,8964,0.647,53,31,0.0615759332133603,5.863626672700761,True,True,False,74.7,2894.1666666666665,2530.487119233382,8964,513,0.1034090909090909,0.18405774622221877,0.5499999999999999,1,8451
1610612763,MEM,2018-19,16,199,12453,0.8291666666666667,0.3301413314060868,0.1822222222222222,0.3215289488476672,201144,Mike Conley,4778,0.229,45,57,0.0695408387881217,6.790185689999721,False,False,False,22.900000000000002,1556.625,1092.2099233511233,4778,405,0.11249999999999999,0.15799605375589465,0.5206349206349207,0,4373
1610612748,MIA,2018-19,11,106,18072,0.9636363636363636,0.2982866513743007,0.04,0.3210491367861885,1626196,Josh Richardson,6103,0.455,39,43,0.2406881608437199,6.146194536900619,False,False,False,45.5,3285.818181818182,1822.144605577824,6103,68,0.12676767676767675,0.28066079634287355,0.9444444444444444,0,6035
1610612766,CHA,2018-19,15,201,23716,0.9571428571428572,0.3434727610052285,0.0459183673469387,0.3242747512228032,202689,Kemba Walker,10749,0.467,39,43,0.0761760791529592,6.723424722563323,False,False,False,46.7,3162.133333333333,2418.26596276478,10749,163,0.08186813186813185,0.22261515415027314,0.8598901098901099,1,10586
1610612764,WAS,2018-19,14,166,16862,0.912087912087912,0.4206965789518274,0.0946745562130177,0.3881805242557229,203078,Bradley Beal,6958,0.28,32,50,0.087679870807304,6.320324519874204,False,False,False,28.000000000000004,2408.8571428571427,2003.9649489159026,6958,188,0.12225274725274723,0.21010232552336128,0.766025641025641,1,6770
1610612749,MIL,2018-19,16,211,21654,0.8791666666666667,0.4522605523228964,0.1288888888888889,0.324905329269419,203507,Giannis Antetokounmpo,7595,0.741,60,32,0.0696715638786637,6.659620769173239,True,True,True,99.1,2706.75,2323.152556333742,7595,84,0.10868055555555554,0.17913326518093023,0.6555555555555557,1,7511
1610612759,SAS,2018-19,10,90,20855,1.0,0.2047950131862862,0.0,0.2955646128026852,201942,DeMar DeRozan,6497,0.585,48,34,0.2678501505931144,6.116062796771925,True,False,False,58.5,4171.0,1578.1795419617713,6497,1499,0.09861111111111111,0.21501128467530004,0.6944444444444444,2,4998
1610612742,DAL,2018-19,14,172,16271,0.945054945054945,0.3256538802602351,0.059171597633136,0.2898408210927417,1629029,Luka Dončić,4935,0.176,36,51,0.1313169669679222,6.676926413294022,False,False,False,17.599999999999998,2324.4285714285716,1387.9718858982542,4935,421,0.08859890109890108,0.1564867082841971,0.5427350427350427,1,4514
1610612746,LAC,2018-19,13,118,15179,0.7564102564102564,0.4174745473249986,0.1736111111111111,0.3259107978127676,1628983,Shai Gilgeous-Alexander,5093,0.585,51,38,0.0988740618764864,5.933775296632442,True,False,False,58.5,2335.230769230769,1863.304061510366,5093,0,0.08449883449883447,0.11949726635350408,0.3295454545454545,0,5093
1610612761,TOR,2018-19,11,110,18294,1.0,0.3484152777363666,0.0,0.3623592434678036,200768,Kyle Lowry,7449,0.419,57,43,0.1260670205350826,5.996130900037656,False,False,False,41.9,3326.181818181818,2165.2234442746008,7449,536,0.09292929292929292,0.22056452415421657,0.7444444444444445,2,6913
1610612762,UTA,2018-19,12,132,22560,1.0,0.357384013002364,0.0,0.3151374113475177,201937,Ricky Rubio,7542,0.61,50,32,0.1535274886777736,6.185844214821872,True,False,False,61.0,3760.0,2486.1031208042696,7542,630,0.09772727272727272,0.18767929068831282,0.6545454545454545,3,6912
1610612756,PHX,2018-19,13,151,19853,0.967948717948718,0.2274796678665111,0.0347222222222222,0.2602881176648365,1626164,Devin Booker,6294,0.132,26,63,0.2155066519559499,6.802239481372975,False,False,False,13.200000000000001,3054.3076923076924,1348.1632804557578,6294,1293,0.10926573426573426,0.18382498195426986,0.5568181818181819,1,5001
1610612743,DEN,2018-19,11,110,24497,1.0,0.327327650510081,0.0,0.3978038127117606,203999,Nikola Jokić,10286,0.659,54,28,0.0808868901803153,6.004128980868958,True,True,False,75.9,4454.0,2971.217225313558,10286,1812,0.07474747474747472,0.10257077160395085,0.3111111111111111,3,8474
1610612753,ORL,2019-20,13,150,18516,0.9615384615384616,0.3689864898549279,0.0416666666666666,0.3328202635558436,1628365,Markelle Fultz,6746,0.484,42,39,0.0978189767293684,6.315035174624814,False,False,False,48.4,2848.6153846153848,1973.1399062771982,6746,618,0.10402097902097902,0.16323527602493637,0.4810606060606061,1,6128
1610612754,IND,2019-20,11,108,18647,0.9818181818181818,0.3197687173661861,0.02,0.3536225666327023,1627734,Domantas Sabonis,7043,0.597,45,28,0.1058082043555174,5.991008367592883,True,False,False,59.699999999999996,3390.3636363636365,2029.0153411311248,7043,627,0.08333333333333331,0.1791095946999497,0.5333333333333333,2,6416
1610612760,OKC,2019-20,12,129,19719,0.9772727272727272,0.399420186960123,0.024793388429752,0.3767178863025508,101108,Chris Paul,7690,0.543,44,27,0.1314497400390255,6.058319812218737,True,False,False,54.300000000000004,3286.5,2526.3660391234607,7690,869,0.13636363636363633,0.17926932422632988,0.5454545454545454,3,6821
1610612764,WAS,2019-20,15,195,19027,0.9285714285714286,0.3480107216061386,0.0765306122448979,0.3203079833920219,202397,Ish Smith,6104,0.333,36,45,0.0834273382067216,6.78350172948835,False,False,False,33.300000000000004,2536.9333333333334,1714.7344845138423,6104,554,0.09450549450549449,0.14542953274736845,0.4807692307692308,2,5550
1610612755,PHI,2019-20,13,153,19844,0.9807692307692308,0.354658645124277,0.0208333333333333,0.3315107841161056,1627732,Ben Simmons,7558,0.274,43,45,0.1056154438902027,6.417496803248334,False,False,False,27.400000000000002,3052.923076923077,2065.5838747409275,7558,701,0.08741258741258741,0.2514281480706765,0.912878787878788,1,6857
1610612747,LAL,2019-20,12,130,18367,0.9848484848484848,0.3381608319268253,0.0165289256198347,0.3745304077965917,2544,LeBron James,8763,0.75,52,36,0.1033879736209148,6.193887757079564,True,True,True,100.0,3061.1666666666665,2159.618309429757,8763,302,0.10075757575757575,0.26888361273065975,0.9454545454545454,2,8461
1610612758,SAC,2019-20,12,123,16622,0.9318181818181818,0.3870021658043556,0.0743801652892562,0.3145530020454818,1628368,De'Aaron Fox,5532,0.431,32,41,0.1000877709558177,6.032516241518283,False,False,False,43.1,2770.3333333333335,2001.151320130641,5532,246,0.10530303030303029,0.22067134549997275,0.7681818181818182,0,5286
1610612739,CLE,2019-20,12,126,15557,0.9545454545454546,0.3880782498767972,0.0495867768595041,0.3433824002056951,1629012,Collin Sexton,5532,0.286,21,46,0.11356987757831,6.049222831054069,False,False,False,28.599999999999998,2592.8333333333335,1848.766410995246,5532,301,0.1231060606060606,0.24250956229323495,0.7136363636363636,0,5231
1610612750,MIN,2019-20,14,137,6466,0.7527472527472527,0.3277362909283726,0.2662721893491124,0.2887411073306526,1629162,Jordan McLaughlin,1874,0.135,30,44,0.1529797139743393,6.380307731298744,False,False,False,13.5,923.7142857142857,563.5106208229085,1874,183,0.1163003663003663,0.19077888605408877,0.6826923076923077,0,1691
1610612752,NYK,2019-20,15,175,16500,0.8333333333333334,0.3895515151515151,0.1020408163265306,0.3026666666666666,203944,Julius Randle,5062,0.328,39,45,0.0753492863326425,6.583211465667849,False,False,False,32.800000000000004,2200.0,1588.4166419964972,5062,0,0.08443223443223442,0.18929424882349213,0.7087912087912088,0,5062
1610612748,MIA,2019-20,12,128,18500,0.9696969696969696,0.3523603603603603,0.0330578512396694,0.3252432432432432,1628389,Bam Adebayo,6327,0.627,44,36,0.1252337445119969,6.226926339788589,True,False,False,62.7,3083.3333333333335,1997.8390295213446,6327,401,0.10606060606060604,0.23188164204579942,0.8090909090909091,1,5926
1610612744,GSW,2019-20,7,42,6133,1.0,0.1447438913605553,0.0,0.3603456709603783,1629065,Ky Bowman,2297,0.233,15,46,0.3743476271627194,5.146038642295112,False,False,False,23.3,1752.2857142857142,522.9014292980129,2297,718,0.11190476190476191,0.2960721705238946,0.7833333333333333,0,1579
1610612757,POR,2019-20,11,105,12922,0.9545454545454546,0.425954327362778,0.05,0.4557344064386318,203081,Damian Lillard,6529,0.381,34,38,0.0708310523261325,5.670947208029583,False,False,False,38.1,2349.4545454545455,1982.8811040320277,6529,429,0.12121212121212123,0.17815616297587092,0.4777777777777778,2,6100
1610612763,MEM,2019-20,13,150,16415,0.9615384615384616,0.3816162515522857,0.0416666666666666,0.3373438927809929,1629630,Ja Morant,6641,0.317,34,43,0.0884421647675752,6.258253905596029,False,False,False,31.7,2525.3846153846152,1836.1602843280295,6641,357,0.10547785547785547,0.17299486234802844,0.4924242424242424,1,6284
1610612756,PHX,2019-20,13,156,18976,1.0,0.321742443896744,0.0,0.3559496205733558,201937,Ricky Rubio,7832,0.393,34,39,0.095282520563189,6.499754742887115,False,False,False,39.300000000000004,2919.3846153846152,1928.5793795114898,7832,996,0.11451048951048949,0.1637073260115787,0.4659090909090909,2,6836
1610612745,HOU,2019-20,12,125,13736,0.946969696969697,0.4466244418559503,0.0578512396694214,0.4330227140361095,201935,James Harden,6881,0.632,44,43,0.0993878550578365,5.860980190534722,True,False,False,63.2,2289.3333333333335,2003.9800095779096,6881,191,0.10795454545454543,0.2438124209696532,0.8227272727272726,2,6690
1610612766,CHA,2019-20,11,106,16990,0.9636363636363636,0.3729145486649901,0.04,0.4314008240141259,1628984,Devonte' Graham,8350,0.333,23,42,0.152763369254838,5.898076196371936,False,False,False,33.300000000000004,3089.090909090909,2332.4508335459273,8350,894,0.08484848484848483,0.18721630239719303,0.6166666666666667,2,7456
1610612762,UTA,2019-20,11,104,19413,0.9454545454545454,0.3187086441606608,0.06,0.3220007211662288,1628378,Donovan Mitchell,6677,0.621,44,37,0.1901297346822176,6.051113243837808,True,False,False,62.1,3529.6363636363635,2069.518411260324,6677,586,0.12474747474747475,0.24197443539547875,0.8055555555555556,1,6091
1610612738,BOS,2019-20,12,127,18440,0.9621212121212122,0.3366413593637021,0.0413223140495867,0.3057212581344902,202689,Kemba Walker,5880,0.667,48,23,0.150294753286306,6.302539119926421,True,True,False,76.7,3073.3333333333335,1901.6870181897743,5880,337,0.0893939393939394,0.26005932783595814,0.8999999999999999,2,5543
1610612737,ATL,2019-20,15,150,13210,0.7142857142857143,0.4309058793843048,0.1530612244897959,0.3490158970476911,1629027,Trae Young,6009,0.382,22,44,0.0595391173281906,6.377862627156839,False,False,False,38.2,1761.3333333333333,1524.8649432779596,6009,0,0.08058608058608059,0.16311460309053138,0.5796703296703297,1,6009
1610612740,NOP,2019-20,14,172,22395,0.945054945054945,0.3294772430070488,0.059171597633136,0.3380218798839026,1628366,Lonzo Ball,8091,0.433,28,39,0.1342081705716455,6.752574608572198,False,False,False,43.3,3199.285714285714,2147.1829282742838,8091,1229,0.09569597069597068,0.18202652632114874,0.6153846153846154,2,6862
1610612765,DET,2019-20,13,134,10155,0.8589743589743589,0.3352800818088853,0.1527777777777778,0.3137370753323485,201565,Derrick Rose,3275,0.333,20,46,0.1349892602701846,6.476681277754249,False,False,False,33.300000000000004,1562.3076923076924,963.8439867370813,3275,179,0.08770396270396266,0.1428299654500047,0.4797979797979798,0,3096
1610612749,MIL,2019-20,13,154,18687,0.9871794871794872,0.3280519983040452,0.0138888888888888,0.3016267993792476,203507,Giannis Antetokounmpo,6278,0.362,53,37,0.1504280961342664,6.608415172818019,False,False,False,36.199999999999996,2874.923076923077,1749.8231082759223,6278,527,0.06905594405594405,0.23883746660108915,0.8636363636363636,1,5751
1610612759,SAS,2019-20,12,128,18502,0.9696969696969696,0.2924368536734767,0.0330578512396694,0.303129391417144,201942,DeMar DeRozan,5873,0.429,32,38,0.1489991562938098,6.328700381208818,False,False,False,42.9,3083.6666666666665,1684.7762912372523,5873,346,0.10151515151515149,0.222270009053444,0.7409090909090909,1,5527
1610612751,BKN,2019-20,13,145,15279,0.9294871794871796,0.3664053728848545,0.0763888888888889,0.3369984946658813,203915,Spencer Dinwiddie,6556,0.469,33,37,0.1049758334768685,6.3038296142853545,False,False,False,46.9,2350.6153846153848,1691.100555775318,6556,498,0.09469696969696967,0.16552929177048195,0.4469696969696969,1,6058
1610612741,CHI,2019-20,14,169,17858,0.9285714285714286,0.3878173847655312,0.0769230769230769,0.3322600515175271,203107,Tomas Satoransky,6360,0.333,22,43,0.1111512434231313,6.561157789626664,False,False,False,33.300000000000004,2551.1428571428573,1873.4283200404732,6360,658,0.08218864468864469,0.12313448342014263,0.3461538461538461,2,5702
1610612761,TOR,2019-20,12,132,19828,1.0,0.3104574339318136,0.0,0.3420919911236635,200768,Kyle Lowry,7067,0.707,53,19,0.1674445773487461,6.385231724999157,True,True,False,80.7,3304.6666666666665,1983.3428316553816,7067,642,0.09545454545454544,0.20290897242213426,0.7045454545454545,2,6425
1610612742,DAL,2019-20,15,190,19910,0.9047619047619048,0.4049388916792231,0.1020408163265306,0.3097940733299849,1629029,Luka Dončić,7730,0.625,42,38,0.104663259405477,6.627367216812816,True,False,False,62.5,2654.6666666666665,2045.280968007877,7730,206,0.08333333333333331,0.1464264974135514,0.5192307692307693,1,7524
1610612743,DEN,2019-20,14,157,20425,0.8626373626373627,0.4989298828466515,0.1479289940828402,0.4121664626682986,203999,Nikola Jokić,9857,0.655,46,34,0.03802629910179,5.875548405440543,True,True,False,75.5,2917.8571428571427,2845.9907523808583,9857,97,0.13163919413919412,0.180376356114573,0.641025641025641,2,9760
1610612746,LAC,2019-20,12,131,15293,0.9924242424242424,0.3243477407964428,0.0082644628099173,0.3188059896684758,101150,Lou Williams,5296,0.419,49,36,0.1206618392620263,6.245888234363831,False,False,False,41.9,2548.8333333333335,1526.2812699995748,5296,686,0.1231060606060606,0.24451502416994428,0.6909090909090909,1,4610
1610612743,DEN,2020-21,12,126,17846,0.9545454545454546,0.3992958272628787,0.0495867768595041,0.3969797153423736,203999,Nikola Jokić,9481,0.457,47,25,0.0753538381080642,6.021054259251171,False,False,False,45.7,2974.3333333333335,2452.060667102573,9481,271,0.09583333333333331,0.22287866614975332,0.7227272727272727,1,9210
1610612754,IND,2020-21,13,152,20563,0.9743589743589745,0.4024554932496381,0.0277777777777777,0.3654865535184555,1627734,Domantas Sabonis,7881,0.468,34,38,0.0552105364831424,6.22844640415162,False,False,False,46.800000000000004,3163.5384615384614,2519.639842496827,7881,419,0.08129370629370627,0.24240754847338006,0.8825757575757576,3,7462
1610612738,BOS,2020-21,13,105,10264,0.6730769230769231,0.4595299478385994,0.1736111111111111,0.3740257209664848,1628369,Jayson Tatum,4201,0.5,34,35,0.1082125070403957,5.963660083091504,True,False,False,50.0,1579.076923076923,1362.6774784432341,4201,3,0.05740093240093239,0.09223888198000038,0.2348484848484848,1,4198
1610612756,PHX,2020-21,14,180,20005,0.989010989010989,0.4011854179312314,0.0118343195266272,0.3464883779055236,101108,Chris Paul,8633,0.7,51,21,0.1013965036489149,6.396923217347118,True,True,False,80.0,2857.8571428571427,2239.008532540957,8633,469,0.09119352869352867,0.1312746230163726,0.3536324786324786,2,8164
1610612741,CHI,2020-21,14,180,16699,0.989010989010989,0.4188830811083641,0.0118343195266272,0.3171746811186298,1629632,Coby White,5842,0.431,30,44,0.1101852218383637,6.414229218594732,False,False,False,43.1,2385.5714285714284,1845.778748066297,5842,162,0.09184218559218559,0.1871393090336373,0.5822649572649572,3,5680
1610612752,NYK,2020-21,12,128,17989,0.9696969696969696,0.3502696092056256,0.0330578512396694,0.3558285618989382,203944,Julius Randle,7730,0.484,41,31,0.1012806517096695,6.081843833393695,False,False,False,48.4,2998.1666666666665,2033.7370811271342,7730,568,0.1708333333333333,0.1998163914272181,0.5590909090909091,1,7162
1610612760,OKC,2020-21,13,122,12341,0.782051282051282,0.3527765484657146,0.1458333333333333,0.3125354509359047,1630177,Theo Maledon,4813,0.095,22,53,0.1450141694381004,6.315580614366375,False,False,False,9.5,1898.6153846153845,1274.4038827664706,4813,0,0.09935897435897435,0.16984426275677308,0.5530303030303031,0,4813
1610612747,LAL,2020-21,13,151,20867,0.967948717948718,0.2980119511484825,0.0347222222222222,0.3206737911534959,203471,Dennis Schröder,7691,0.377,41,33,0.1842969445630712,6.68096052444565,False,False,False,37.7,3210.3076923076924,1874.370755952309,7691,602,0.0839160839160839,0.23706718206973562,0.8636363636363636,1,7089
1610612764,WAS,2020-21,13,150,16028,0.9615384615384616,0.4288888675586954,0.0416666666666666,0.4194534564512104,201566,Russell Westbrook,8485,0.469,34,37,0.0615427349494578,6.098936861980215,False,False,False,46.9,2465.846153846154,2213.525839249599,8485,367,0.10334110334110334,0.2357568407988079,0.6856060606060607,2,8118
1610612748,MIA,2020-21,14,172,16808,0.945054945054945,0.400974025974026,0.059171597633136,0.3122322703474536,1628389,Bam Adebayo,5427,0.359,40,32,0.1119187969200844,6.519968211467288,False,False,False,35.9,2401.1428571428573,1778.8456437183706,5427,306,0.11469780219780217,0.19430197543759795,0.611111111111111,0,5121
1610612744,GSW,2020-21,13,154,19569,0.9871794871794872,0.3389701922585565,0.0138888888888888,0.3681332720118555,201939,Stephen Curry,7429,0.491,38,33,0.1031374306035464,6.479347205145375,True,False,False,49.1,3010.6153846153848,2068.8693183500636,7429,917,0.07925407925407923,0.13036084079251187,0.3939393939393939,2,6512
1610612757,POR,2020-21,10,88,13857,0.9777777777777776,0.3411200115465108,0.0246913580246913,0.4149166486252436,203081,Damian Lillard,7266,0.464,42,37,0.1502071008323551,5.632015813983443,False,False,False,46.400000000000006,2771.4,1923.0775797605718,7266,688,0.1534722222222222,0.2578593571024086,0.798611111111111,1,6578
1610612750,MIN,2020-21,15,205,21275,0.9761904761904762,0.3387450058754406,0.0255102040816326,0.2837837837837837,201937,Ricky Rubio,6861,0.206,23,49,0.0817877136808064,6.902130369657183,False,False,False,20.599999999999998,2836.6666666666665,1798.3897427050306,6861,811,0.0836996336996337,0.11821793561896991,0.3653846153846154,1,6050
1610612745,HOU,2020-21,14,163,10992,0.8956043956043956,0.3066190996049074,0.1124260355029585,0.2687863901018922,202322,John Wall,3205,0.222,28,53,0.1122362368507485,6.65765010094214,False,False,False,22.2,1570.2857142857142,892.1280029381286,3205,504,0.11378205128205125,0.16178633615272006,0.548076923076923,0,2701
1610612761,TOR,2020-21,14,182,16394,1.0,0.3811716830199201,0.0,0.3272843723313407,1627832,Fred VanVleet,5732,0.326,29,44,0.0723563700032808,6.550979189899967,False,False,False,32.6,2342.0,1714.9479920349233,5732,412,0.10225885225885224,0.21834574572079843,0.6549145299145298,1,5320
1610612755,PHI,2020-21,14,137,20219,0.7527472527472527,0.3972430457914409,0.2662721893491124,0.3144072407141797,1627732,Ben Simmons,7380,0.667,46,27,0.1167248246439622,6.344104150973553,True,True,False,76.7,2888.4285714285716,2119.7937749582265,7380,4,0.09752747252747251,0.15228038217165196,0.4679487179487179,1,7376
1610612766,CHA,2020-21,13,154,21600,0.9871794871794872,0.3111360398860399,0.0138888888888888,0.3022916666666667,1626179,Terry Rozier,6776,0.383,32,38,0.211568651791782,6.680468658076959,False,False,False,38.3,3323.076923076923,1957.2931760273107,6776,1313,0.09032634032634032,0.14110247735052198,0.4356060606060606,3,5463
1610612751,BKN,2020-21,14,175,16400,0.9615384615384616,0.351698606271777,0.0414201183431952,0.32625,202681,Kyrie Irving,5742,0.522,45,24,0.1596199030266668,6.723898194151765,True,False,False,52.2,2342.8571428571427,1563.2355921240778,5742,266,0.1117216117216117,0.24671915749506845,0.8782051282051282,1,5476
1610612749,MIL,2020-21,11,92,14290,0.8363636363636363,0.4011133023729245,0.18,0.3700489853044086,203114,Khris Middleton,5313,0.667,46,28,0.1685860731811704,5.7622950311268655,True,True,False,76.7,2598.181818181818,1945.0119700496355,5313,10,0.10656565656565657,0.25474288879954904,0.7944444444444445,1,5303
1610612737,ATL,2020-21,13,152,16583,0.9743589743589745,0.3683800370165925,0.0277777777777777,0.3670023518060664,1629027,Trae Young,8014,0.54,44,30,0.0681248617804438,6.340452977414395,True,False,False,54.0,2551.230769230769,1971.570784672556,8014,650,0.1081002331002331,0.14780507683562902,0.3446969696969697,1,7364
1610612762,UTA,2020-21,10,86,19068,0.9555555555555556,0.2733899727291797,0.0493827160493827,0.3126179987413467,204060,Joe Ingles,6061,0.721,52,20,0.2707615878313822,5.862607961582279,True,True,True,97.1,3813.6,1948.4839234645997,6061,693,0.13333333333333333,0.24288574314884293,0.6527777777777778,3,5368
1610612763,MEM,2020-21,12,133,18323,1.0075757575757576,0.2740863031890702,0.0909090909090909,0.3013152867980134,1629630,Ja Morant,6819,0.5,36,34,0.1752683179321945,6.432673950155997,True,False,False,50.0,3053.8333333333335,1629.4536079944285,6819,904,0.11893939393939394,0.2183008743123116,0.7090909090909091,1,5915
1610612740,NOP,2020-21,14,171,19139,0.9395604395604396,0.3752136624543751,0.0650887573964497,0.3003552954699827,1628366,Lonzo Ball,6377,0.426,31,40,0.1202261296175597,6.533953746720913,False,False,False,42.6,2734.1428571428573,1905.9084188645847,6377,290,0.10256410256410255,0.1790512771396951,0.6442307692307692,2,6087
1610612739,CLE,2020-21,14,178,16513,0.978021978021978,0.3880622193769411,0.0236686390532544,0.3613516623266517,1629012,Collin Sexton,6050,0.188,20,47,0.1283506765736896,6.609963448975379,False,False,False,18.8,2359.0,1787.5106024430047,6050,587,0.10668498168498167,0.14591352657482717,0.4262820512820512,2,5463
1610612758,SAC,2020-21,13,141,15515,0.903846153846154,0.4518356925060116,0.1041666666666666,0.3898485336770867,1628368,De'Aaron Fox,7039,0.431,31,42,0.0772524447352473,5.985270591700939,False,False,False,43.1,2386.923076923077,2092.2505610601256,7039,392,0.1213092463092463,0.18607820163871192,0.5593434343434344,1,6647
1610612753,ORL,2020-21,14,155,8360,0.8516483516483516,0.2929084073820916,0.1597633136094674,0.260645933014354,1630175,Cole Anthony,2520,0.333,21,51,0.1646317828316943,6.66030563389134,False,False,False,33.300000000000004,1194.2857142857142,653.0607733024344,2520,135,0.13232600732600727,0.17480421577543528,0.6581196581196581,0,2385
1610612765,DET,2020-21,15,202,13315,0.961904761904762,0.2583201902616097,0.0408163265306122,0.2141945174615095,203486,Mason Plumlee,2906,0.185,25,51,0.1201206653995839,7.057322273165286,False,False,False,18.5,1775.3333333333333,837.0624372228893,2906,578,0.11117216117216118,0.18041216072352437,0.5192307692307693,0,2328
1610612759,SAS,2020-21,13,124,16150,0.7948717948717948,0.4080161943319838,0.1319444444444444,0.3598452012383901,1627749,Dejounte Murray,6482,0.464,32,37,0.1227226027506773,6.230587966836302,False,False,False,46.400000000000006,2484.6153846153848,1897.2773272271652,6482,0,0.0708041958041958,0.14801339016902254,0.4242424242424242,1,6482
1610612746,LAC,2020-21,13,150,16199,0.9615384615384616,0.2875961004240527,0.0416666666666666,0.2877646768319032,202331,Paul George,4841,0.537,47,25,0.1913676968049842,6.6575451180142124,True,False,False,53.7,2492.153846153846,1337.2556378739412,4841,477,0.09498834498834499,0.18949152497597316,0.5795454545454546,0,4364
1610612742,DAL,2020-21,13,152,18042,0.9743589743589745,0.4040827812028344,0.0277777777777777,0.3708846025939474,1629029,Luka Dončić,8108,0.6,42,28,0.1187408544529221,6.271763688410692,True,False,False,60.0,2775.6923076923076,2181.07635448706,8108,297,0.09498834498834499,0.1858150592169044,0.6136363636363636,1,7811
1610612743,DEN,2021-22,13,156,23683,1.0,0.3740690336138548,0.0,0.3615251446185027,203999,Nikola Jokić,9902,0.585,46,39,0.0627027665032397,6.260820812166653,True,False,False,58.5,3643.5384615384614,2652.2554431836757,9902,832,0.08799533799533797,0.15753624885731327,0.5454545454545454,2,9070
1610612756,PHX,2021-22,13,152,19348,0.9743589743589745,0.3322704791590464,0.0277777777777777,0.3174488319206119,101108,Chris Paul,7242,0.78,64,42,0.1469555778628219,6.447121901286264,True,True,True,103.0,2976.6153846153848,1871.5243136038216,7242,832,0.08158508158508158,0.12475695096585526,0.3560606060606061,2,6410
1610612738,BOS,2021-22,12,108,15206,0.8181818181818182,0.4411800166600903,0.1983471074380165,0.3997435222938313,203935,Marcus Smart,6208,0.426,49,35,0.0927958795041773,5.839489731632508,False,False,False,42.6,2534.3333333333335,2097.1256663838867,6208,8,0.11818181818181817,0.2169039714538597,0.7,2,6200
1610612760,OKC,2021-22,17,250,22705,0.9191176470588236,0.3153049988989209,0.0859375,0.2814578286720987,1628983,Shai Gilgeous-Alexander,6723,0.275,19,50,0.0913598604244336,7.275736802940025,False,False,False,27.500000000000004,2671.176470588235,1656.521401736713,6723,740,0.10596405228758167,0.12770865875309947,0.4229166666666666,1,5983
1610612753,ORL,2021-22,13,156,19777,1.0,0.3337093204616084,0.0,0.3117257420235627,1630175,Cole Anthony,7621,0.214,21,58,0.1151799784905817,6.50145488486767,False,False,False,21.4,3042.6153846153848,1947.255142436037,7621,638,0.08760683760683759,0.12633051464205794,0.3345959595959596,1,6983
1610612752,NYK,2021-22,14,171,21405,0.9395604395604396,0.4023659358627824,0.0650887573964497,0.3252978276103714,203944,Julius Randle,7537,0.444,37,44,0.1177820684554175,6.42054798222013,False,False,False,44.4,3057.8571428571427,2277.3888508601203,7537,251,0.094017094017094,0.21792051615247252,0.8066239316239315,2,7286
1610612741,CHI,2021-22,12,128,19544,0.9696969696969696,0.3635941124300723,0.0330578512396694,0.3312525583299222,202696,Nikola Vučević,6743,0.585,43,37,0.1382218009317588,6.207676909392358,True,False,False,58.5,3257.3333333333335,2167.373917202497,6743,493,0.10681818181818181,0.19911053150593014,0.5136363636363636,3,6250
1610612758,SAC,2021-22,15,177,13701,0.8428571428571429,0.3896649879570834,0.1683673469387755,0.3442084519378147,1628368,De'Aaron Fox,5264,0.339,28,56,0.0827181185694252,6.563576474574961,False,False,False,33.900000000000006,1826.8,1416.0650307908077,5264,348,0.14725274725274726,0.18680138684888584,0.6181318681318683,0,4916
1610612745,HOU,2021-22,12,131,17561,0.9924242424242424,0.287108744756373,0.0082644628099173,0.2950572290871818,1629645,Kevin Porter Jr.,6012,0.125,32,59,0.1256711857178552,6.405171314880357,False,False,False,12.5,2926.8333333333335,1562.5155029533937,6012,619,0.07083333333333332,0.15890140228261965,0.4454545454545454,0,5393
1610612746,LAC,2021-22,14,161,15832,0.8846153846153846,0.3957626506893814,0.1242603550295858,0.3410497726124305,202704,Reggie Jackson,6848,0.333,41,40,0.0704163522498117,6.338916048110408,False,False,False,33.300000000000004,2261.714285714286,1769.171619651474,6848,121,0.0923382173382173,0.12209635043953969,0.3397435897435897,1,6727
1610612751,BKN,2021-22,15,199,13460,0.9476190476190476,0.3152550767706785,0.0561224489795918,0.2793833580980683,201142,Kevin Durant,4047,0.375,44,37,0.1572646094247482,6.9959629260806535,False,False,False,37.5,1794.6666666666667,1088.3507619110585,4047,438,0.11336996336996337,0.18505750708888954,0.5,1,3609
1610612744,GSW,2021-22,15,210,24930,1.0,0.3098382136649285,0.0,0.2933413557962294,201939,Stephen Curry,7315,0.645,53,29,0.1868134878092543,7.06975301432743,True,True,False,74.5,3324.0,1974.3079438483899,7315,825,0.07582417582417582,0.13377093931604214,0.4450549450549451,2,6490
1610612757,POR,2021-22,19,217,12227,0.6345029239766082,0.3660664706667298,0.2685185185185185,0.2561135192606527,1629014,Anfernee Simons,3447,0.5,28,52,0.0545099228532819,6.890739946560294,True,False,False,50.0,1287.0526315789473,880.0077318905412,3447,2,0.11953904368765048,0.16021060428427156,0.4836601307189542,0,3445
1610612747,LAL,2021-22,15,206,20755,0.9809523809523808,0.4245723921946518,0.0204081632653061,0.3680077089857865,201566,Russell Westbrook,8492,0.333,32,47,0.0822396126230582,6.691539386600194,False,False,False,33.300000000000004,2767.3333333333335,2328.597667103121,8492,422,0.08247863247863246,0.1644580642943576,0.5448717948717948,2,8070
1610612750,MIN,2021-22,12,131,21641,0.9924242424242424,0.3044645195077245,0.0082644628099173,0.3212882953652788,1626156,D'Angelo Russell,7757,0.469,46,35,0.178104414957247,6.366301627579201,False,False,False,46.9,3606.8333333333335,2110.037476329544,7757,423,0.08939393939393937,0.26520857316032603,0.9272727272727272,3,7334
1610612764,WAS,2021-22,14,159,14865,0.8736263736263736,0.3085579741482869,0.136094674556213,0.2566094853683148,203526,Raul Neto,3895,0.296,35,47,0.1580810091685038,6.677603849855887,False,False,False,29.599999999999998,2123.5714285714284,1186.6144934408799,3895,90,0.14835164835164832,0.22616359526468613,0.6634615384615384,0,3805
1610612761,TOR,2021-22,14,185,22032,1.0164835164835164,0.4244702510633883,0.0650887573964497,0.3574119462599854,1627832,Fred VanVleet,8538,0.6,48,34,0.0806544384594225,6.4648293752953645,True,False,False,60.0,3147.4285714285716,2598.1811008794275,8538,350,0.1062271062271062,0.23094331432082849,0.7884615384615384,3,8188
1610612748,MIA,2021-22,12,128,22022,0.9696969696969696,0.3189083643629098,0.0330578512396694,0.3084415584415584,200768,Kyle Lowry,7884,0.667,52,27,0.1937044606739897,6.3798226406454654,True,True,False,76.7,3670.3333333333335,2161.3805072151677,7884,417,0.1125,0.2630666757360098,0.9227272727272728,1,7467
1610612749,MIL,2021-22,12,127,15862,0.9621212121212122,0.4279094691716051,0.0413223140495867,0.3753625015760938,201950,Jrue Holiday,6376,0.667,47,28,0.1087621711353407,5.956377245767608,True,True,False,76.7,2643.6666666666665,2132.648815369509,6376,229,0.11363636363636363,0.2505141219957645,0.8090909090909091,2,6147
1610612737,ATL,2021-22,11,109,18015,0.990909090909091,0.2949108066510231,0.01,0.3597002497918401,1629027,Trae Young,8993,0.541,42,36,0.0935900882631846,5.999008710802698,True,False,False,54.1,3275.4545454545455,2138.60624536806,8993,910,0.0904040404040404,0.19556961611527174,0.638888888888889,1,8083
1610612762,UTA,2021-22,13,152,17316,0.9743589743589745,0.451658759351067,0.1180555555555555,0.3808038808038808,201144,Mike Conley,6759,0.429,47,36,0.0941809541860508,5.9775374199836895,False,False,False,42.9,2664.0,2287.1633449901797,6759,226,0.10207847707847706,0.1833062339635167,0.6527777777777777,2,6533
1610612763,MEM,2021-22,14,181,21441,0.9945054945054944,0.3441070845576232,0.0059171597633136,0.2919639942166877,1629630,Ja Morant,6375,0.667,53,25,0.1300496470930132,6.73617987859719,True,True,False,76.7,3063.0,1931.7695355454641,6375,440,0.0998168498168498,0.18063199089262483,0.6602564102564102,1,5935
1610612739,CLE,2021-22,12,132,17223,1.0,0.2970930345081189,0.0,0.3570225860767578,1629636,Darius Garland,8073,0.397,40,36,0.1029439472350878,6.347000630113084,False,False,False,39.7,2870.5,1867.3046447657214,8073,1266,0.08409090909090906,0.10840867941776124,0.3,1,6807
1610612740,NOP,2021-22,14,174,16448,0.956043956043956,0.3728286548082268,0.0473372781065088,0.3237475680933852,1628984,Devonte' Graham,5736,0.25,36,42,0.0636771525494887,6.547603700813648,False,False,False,25.0,2349.714285714286,1649.727922955849,5736,561,0.09027777777777775,0.17372657112470716,0.6517094017094016,0,5175
1610612754,IND,2021-22,15,168,12202,0.8,0.3395563568813856,0.1377551020408163,0.3175708900180298,1630169,Tyrese Haliburton,4394,0.25,29,55,0.0553956179354592,6.554004612663995,False,False,False,25.0,1626.9333333333334,1097.5336289456768,4394,0,0.08595848595848592,0.11388225762179434,0.38003663003663,0,4394
1610612765,DET,2021-22,14,166,18700,0.912087912087912,0.3971810542398777,0.0946745562130177,0.3078342245989305,1630595,Cade Cunningham,6499,0.094,23,59,0.140053974493463,6.513641664409862,False,False,False,9.4,2671.4285714285716,1954.1949636727538,6499,163,0.11195054945054943,0.17255777336259512,0.5673076923076923,1,6336
1610612766,CHA,2021-22,11,110,21135,1.0,0.3636062541669355,0.11,0.3938490655311095,1630163,LaMelo Ball,9455,0.513,41,39,0.1392920994272452,6.002109956585171,True,False,False,51.300000000000004,3842.7272727272725,2706.352715035832,9455,711,0.11111111111111112,0.20202676757007923,0.5111111111111112,3,8744
1610612755,PHI,2021-22,12,126,17919,0.9545454545454546,0.4074167085216809,0.0495867768595041,0.3833640270104358,1630178,Tyrese Maxey,7883,0.542,48,30,0.095202983695945,5.982593690405516,True,False,False,54.2,2986.5,2325.209296542415,7883,284,0.10126262626262623,0.22255604569967194,0.7196969696969697,2,7599
1610612742,DAL,2021-22,14,177,19621,0.9725274725274724,0.4053565057846185,0.029585798816568,0.3791346006829417,1629029,Luka Dončić,7499,0.571,52,30,0.0977860525247039,6.466598165356554,True,False,False,57.099999999999994,2803.0,2255.919495290284,7499,577,0.10210622710622709,0.20752520071570474,0.6185897435897436,2,6922
1610612759,SAS,2021-22,13,150,15840,0.9615384615384616,0.3860771173271173,0.0868055555555555,0.3559027777777778,1627749,Dejounte Murray,7150,0.44,38,43,0.057366790794698,6.226827214092001,False,False,False,44.0,2436.923076923077,1872.8455382802956,7150,125,0.12237762237762237,0.23879856908830135,0.8446969696969697,1,7025
1610612737,ATL,2022-23,14,160,18964,0.8791208791208791,0.460206556784283,0.1301775147928994,0.4250949166842438,1629027,Trae Young,8430,0.5,41,53,0.0747549653025829,6.118553282104212,True,False,False,50.0,2709.1428571428573,2525.0811976934633,8430,89,0.11111111111111108,0.17503318103446683,0.5608974358974359,2,8341
1610612743,DEN,2022-23,13,151,18779,0.967948717948718,0.4741466531764204,0.0347222222222222,0.4176473720645401,203999,Nikola Jokić,8973,0.662,53,32,0.0635289081593519,5.949013738447606,True,True,False,76.2,2889.076923076923,2688.101698892686,8973,300,0.10955710955710957,0.2598793195294287,0.9090909090909092,2,8673
1610612754,IND,2022-23,13,153,23577,0.9807692307692308,0.3461228511489359,0.0208333333333333,0.3073334181617678,1630169,Tyrese Haliburton,8167,0.413,36,45,0.0997555965441562,6.446817407508659,False,False,False,41.3,3627.230769230769,2332.161913827531,8167,543,0.10664335664335664,0.21953280043623943,0.7727272727272727,3,7624
1610612760,OKC,2022-23,14,178,19473,0.978021978021978,0.3709165071050759,0.0236686390532544,0.3552868073743132,1630581,Josh Giddey,7665,0.372,37,42,0.099285819571087,6.691865675637558,False,False,False,37.2,2781.8571428571427,2059.104019382548,7665,687,0.08569902319902316,0.1358051547705247,0.3974358974358974,2,6978
1610612753,ORL,2022-23,14,178,18195,0.978021978021978,0.4168099556393043,0.0236686390532544,0.3152789227809838,1628365,Markelle Fultz,5848,0.296,33,47,0.071200121595489,6.382592788934679,False,False,False,29.599999999999998,2599.285714285714,2019.186105209851,5848,464,0.10920329670329668,0.16952704161549,0.5448717948717948,0,5384
1610612738,BOS,2022-23,13,153,22109,0.9807692307692308,0.3631552761318919,0.1111111111111111,0.2965986702247953,1628369,Jayson Tatum,7291,0.687,57,31,0.1277456578301607,6.444829218315645,True,True,False,78.7,3401.3846153846152,2290.9966004071075,7291,496,0.09236596736596736,0.2385839411593227,0.8181818181818182,2,6795
1610612765,DET,2022-23,14,174,16116,0.956043956043956,0.3684758713612027,0.0473372781065088,0.3566021345246959,1630165,Killian Hayes,6289,0.125,16,60,0.0989952422524438,6.586411483599104,False,False,False,12.5,2302.285714285714,1686.4883145651604,6289,623,0.08623321123321119,0.137214550274826,0.5117521367521368,1,5666
1610612741,CHI,2022-23,11,109,20065,0.990909090909091,0.3360759350293364,0.01,0.3360578121106404,202696,Nikola Vučević,7301,0.5,40,42,0.1788466972373621,6.057914241627423,True,False,False,50.0,3648.181818181818,2274.063535532014,7301,709,0.14343434343434344,0.2316049502367907,0.6555555555555556,3,6592
1610612745,HOU,2022-23,11,108,18385,0.9818181818181818,0.3102281998664919,0.02,0.3505303236333968,1630224,Jalen Green,6606,0.263,22,60,0.1479197447804642,6.08421522994042,False,False,False,26.3,3342.7272727272725,1949.957337528649,6606,1160,0.059090909090909076,0.11529009913463353,0.3944444444444445,2,5446
1610612746,LAC,2022-23,15,191,16436,0.9095238095238096,0.3196925448203131,0.096938775510204,0.2555062058895108,202331,Paul George,4523,0.354,44,51,0.1487583094524597,6.927560487551838,False,False,False,35.4,2191.4666666666667,1278.3321648967155,4523,309,0.10067155067155067,0.14944044357092687,0.5238095238095238,0,4214
1610612744,GSW,2022-23,13,152,24525,0.9743589743589745,0.3491539245667686,0.1180555555555555,0.3172273190621814,203110,Draymond Green,7787,0.537,44,38,0.186015641544498,6.492092441960732,True,False,False,53.7,3773.076923076923,2432.6707018397997,7787,197,0.09965034965034963,0.2366256510765064,0.8636363636363636,4,7590
1610612757,POR,2022-23,14,170,16820,0.934065934065934,0.402012909801257,0.0710059171597633,0.3631985731272295,203081,Damian Lillard,6541,0.19,38,51,0.0939128008690301,6.455290237196502,False,False,False,19.0,2402.8571428571427,1869.9016369499577,6541,354,0.0966117216117216,0.16996181764309912,0.4711538461538461,1,6187
1610612747,LAL,2022-23,13,145,12226,0.9294871794871796,0.3989794762737671,0.0763888888888889,0.3411581874693277,203471,Dennis Schröder,4366,0.463,45,36,0.1135734795203248,6.271948482446916,False,False,False,46.300000000000004,1880.923076923077,1416.2654801471404,4366,153,0.1037296037296037,0.20299955046065146,0.7386363636363636,1,4213
1610612750,MIN,2022-23,13,152,15766,0.9743589743589745,0.2997004264288293,0.0277777777777777,0.3155524546492452,1630162,Anthony Edwards,5631,0.36,41,39,0.1811855942593965,6.627042491640449,False,False,False,36.0,2425.5384615384614,1407.2757734588138,5631,252,0.09178321678321678,0.21324643972078292,0.7689393939393939,1,5379
1610612764,WAS,2022-23,12,132,18488,1.0,0.2913060724073272,0.0,0.2759898312418866,1628420,Monté Morris,5269,0.355,33,46,0.1685544920527302,6.366139574599623,False,False,False,35.5,3081.3333333333335,1671.8070426573718,5269,556,0.08522727272727271,0.18186079046193,0.5954545454545455,1,4713
1610612748,MIA,2022-23,12,128,21410,0.9696969696969696,0.3146310135450724,0.0330578512396694,0.2817375058383933,1628389,Bam Adebayo,6133,0.452,42,38,0.2109088729718047,6.39719928814038,False,False,False,45.2,3568.3333333333335,2077.166397384726,6133,642,0.11666666666666665,0.1919034839640116,0.5454545454545454,1,5491
1610612751,BKN,2022-23,14,178,14303,0.978021978021978,0.2810549235425135,0.0236686390532544,0.2925260434873802,1626220,Royce O'Neale,4463,0.45,42,41,0.0965356308819246,6.661850933231189,False,False,False,45.0,2043.2857142857142,1103.9632399517818,4463,847,0.11095848595848594,0.17859482253828482,0.5475427350427351,1,3616
1610612756,PHX,2022-23,16,227,16241,0.9458333333333332,0.3937373006588264,0.1288888888888889,0.3038298134351333,101108,Chris Paul,5661,0.541,44,36,0.0785861024167209,6.772653473250616,True,False,False,54.1,2030.125,1505.8546576612232,5661,180,0.09553571428571427,0.17445108214668179,0.6817460317460318,0,5481
1610612759,SAS,2022-23,15,208,14683,0.9904761904761904,0.3326522736043951,0.086734693877551,0.3016073009602942,1630200,Tre Jones,5300,0.097,31,51,0.0909229579618564,6.9736488010091,False,False,False,9.700000000000001,1957.7333333333333,1270.0194299226102,5300,453,0.076007326007326,0.20436961426675462,0.7747252747252747,0,4847
1610612749,MIL,2022-23,12,133,17250,1.0075757575757576,0.3699130434782609,0.0909090909090909,0.360927536231884,201950,Jrue Holiday,6787,0.746,57,31,0.1153758027002777,6.19108895427417,True,True,True,99.6,2875.0,1990.5773488659468,6787,159,0.10303030303030303,0.27074578619305834,0.9363636363636364,2,6628
1610612763,MEM,2022-23,14,175,20940,0.9615384615384616,0.361560240141902,0.0414201183431952,0.3292502387774594,1626145,Tyus Jones,7064,0.629,51,30,0.1484101295115591,6.671927236087087,True,False,False,62.9,2991.4285714285716,2064.337469216985,7064,541,0.10386141636141634,0.20586361202968484,0.7158119658119657,2,6523
1610612740,NOP,2022-23,13,152,20970,0.9743589743589745,0.3181504713693555,0.0277777777777777,0.3157606103958035,203468,CJ McCollum,8369,0.369,40,41,0.0991277632345233,6.594368939462956,False,False,False,36.9,3226.153846153846,2030.9451349127185,8369,792,0.09236596736596736,0.16012126108813474,0.4507575757575757,1,7577
1610612766,CHA,2022-23,14,180,16998,0.989010989010989,0.3509824685257089,0.0118343195266272,0.3060948346864337,1626179,Terry Rozier,5690,0.265,24,49,0.080951874651823,6.589221438119526,False,False,False,26.5,2428.285714285714,1594.7898549083768,5690,754,0.09012515262515261,0.11952053641024517,0.3632478632478632,0,4936
1610612739,CLE,2022-23,11,110,18956,1.0,0.3468510809722036,0.0,0.3655834564254062,1629636,Darius Garland,7791,0.608,48,31,0.0994567847330485,6.052884838011484,True,False,False,60.8,3446.5454545454545,2273.6884291228807,7791,1146,0.11767676767676766,0.16670033330001008,0.4555555555555555,2,6645
1610612758,SAC,2022-23,11,110,22256,1.0,0.3535471537807986,0.0,0.3909058231488138,1627734,Domantas Sabonis,9015,0.588,48,34,0.1028055374219979,5.935256618790653,True,False,False,58.8,4046.5454545454545,2739.4122495030338,9015,441,0.10303030303030303,0.28184098962773924,0.9333333333333332,2,8574
1610612761,TOR,2022-23,14,175,22349,0.9615384615384616,0.4474473130788849,0.0414201183431952,0.3745805181439886,1627832,Fred VanVleet,8971,0.493,39,46,0.0636149657563432,6.339722176914655,True,False,False,49.3,3192.714285714286,2868.6605673291933,8971,541,0.10393772893772892,0.14861947896752273,0.4871794871794871,3,8430
1610612742,DAL,2022-23,14,175,13607,0.9615384615384616,0.4080882738926393,0.0414201183431952,0.3440876019695745,1629029,Luka Dončić,6016,0.486,37,41,0.0832431632442199,6.4609190041081614,False,False,False,48.6,1943.857142857143,1553.73900675078,6016,182,0.10393772893772892,0.22819596655462934,0.7371794871794871,2,5834
1610612762,UTA,2022-23,13,129,11336,0.8269230769230769,0.3625888931111232,0.0972222222222222,0.3106474947071277,203482,Kelly Olynyk,3539,0.492,34,40,0.1158988608247556,6.244604935439518,True,False,False,49.2,1744.0,1152.4833332128205,3539,0,0.08741258741258741,0.18437453170877907,0.6515151515151515,1,3539
1610612755,PHI,2022-23,13,146,21776,0.935897435897436,0.422359831571808,0.0694444444444444,0.3354610580455547,201935,James Harden,8499,0.388,52,49,0.0939682861771821,6.140523259486089,False,False,False,38.800000000000004,3350.153846153846,2625.528005505237,8499,108,0.12179487179487179,0.20391812560907904,0.7007575757575758,2,8391
1610612752,NYK,2022-23,15,153,21800,0.7285714285714285,0.4756758409785933,0.1377551020408163,0.3638761467889908,1628973,Jalen Brunson,8680,0.548,47,35,0.0598970589421615,6.256446819182442,True,False,False,54.800000000000004,2906.6666666666665,2666.481380467704,8680,0,0.0934065934065934,0.13538609349026953,0.4065934065934066,3,8680
1610612749,MIL,2023-24,13,155,18828,0.9935897435897436,0.431485022307202,0.0069444444444444,0.4130815806246016,203081,Damian Lillard,8465,0.625,49,34,0.0732056041081759,6.163528739836515,True,False,False,62.5,2896.6153846153848,2481.7985594611805,8465,328,0.09391996891996891,0.21579925291918683,0.7525252525252525,2,8137
1610612743,DEN,2023-24,11,108,20891,0.9818181818181818,0.382639762229059,0.02,0.3962950552869657,203999,Nikola Jokić,10678,0.695,57,25,0.116509372765295,5.811007576721948,True,True,False,79.5,3798.3636363636365,2890.3836517918267,10678,602,0.11919191919191917,0.20544086344399703,0.4722222222222222,1,10076
1610612745,HOU,2023-24,12,130,20273,0.9848484848484848,0.3796387642019763,0.0165289256198347,0.3861046712376066,1627832,Fred VanVleet,9121,0.5,41,41,0.0908845914711644,6.167766298383572,True,False,False,50.0,3378.8333333333335,2510.811235558352,9121,760,0.1068181818181818,0.2597136202395658,0.8272727272727273,2,8361
1610612754,IND,2023-24,13,154,19083,0.9871794871794872,0.3550965619822718,0.0138888888888888,0.338337787559608,1630169,Tyrese Haliburton,7917,0.344,47,42,0.1013851319587937,6.323049593136325,False,False,False,34.4,2935.846153846154,2029.0988494959138,7917,431,0.10081585081585077,0.1970053374106903,0.7247474747474747,2,7486
1610612760,OKC,2023-24,14,173,19883,0.9505494505494504,0.4483262801675516,0.0532544378698224,0.3393602575064125,1628983,Shai Gilgeous-Alexander,7420,0.695,57,36,0.0855801887106588,6.304162857270159,True,True,False,79.5,2840.4285714285716,2396.0902998999695,7420,82,0.10210622710622709,0.2212531634866804,0.7777777777777778,1,7338
1610612738,BOS,2023-24,14,171,20923,0.9395604395604396,0.4494336376236677,0.0650887573964497,0.3316923959279262,1628369,Jayson Tatum,7189,0.78,64,24,0.0955471664292569,6.231946299694401,True,True,True,103.0,2989.0,2469.563275000414,7189,115,0.12385531135531133,0.19317753105706947,0.6185897435897436,3,7074
1610612752,NYK,2023-24,13,135,18358,0.8653846153846154,0.4588651353004768,0.2361111111111111,0.3954679158949776,1628973,Jalen Brunson,9022,0.667,50,48,0.0796821639277273,5.9425958284572,True,True,False,76.7,2824.3076923076924,2551.1399865098015,9022,66,0.14015151515151514,0.2057112308526899,0.7083333333333334,1,8956
1610612766,CHA,2023-24,17,218,13629,0.8014705882352942,0.394146564635099,0.2109375,0.3172279697703427,1628970,Miles Bridges,4428,0.077,34,56,0.0901630735573731,6.910614230230985,False,False,False,7.7,1603.4117647058824,1230.9113015782011,4428,163,0.09283088235294115,0.15129319041686778,0.5055555555555555,0,4265
1610612741,CHI,2023-24,12,128,22026,0.9696969696969696,0.3783899331093556,0.0330578512396694,0.3542177426677563,1629632,Coby White,8339,0.468,37,42,0.1283953176762979,6.200159008207069,False,False,False,46.800000000000004,3671.0,2659.3835922839507,8339,400,0.09696969696969693,0.21836539568016144,0.7727272727272727,3,7939
1610612746,LAC,2023-24,13,151,19170,0.967948717948718,0.394907908992416,0.0347222222222222,0.3607720396452791,201935,James Harden,8339,0.419,48,28,0.09454551487024,6.284371867877697,False,False,False,41.9,2949.230769230769,2248.042228022943,8339,441,0.09994172494172493,0.219384020738715,0.6553030303030303,3,7898
1610612744,GSW,2023-24,14,180,23623,0.989010989010989,0.3036477766825309,0.0118343195266272,0.270477924057063,201939,Stephen Curry,7329,0.581,43,36,0.18171943500104,6.869543192525931,True,False,False,58.099999999999994,3374.714285714286,1887.028939836435,7329,828,0.08012820512820511,0.17524574360565523,0.5192307692307692,1,6501
1610612757,POR,2023-24,16,198,18897,0.825,0.3633215589776155,0.1155555555555555,0.292189236386728,1630703,Scoot Henderson,6187,0.25,24,54,0.1647357320058868,6.935522966240165,False,False,False,25.0,2362.125,1627.0479966286591,6187,0,0.08095238095238096,0.15592844842416262,0.55,0,6187
1610612753,ORL,2023-24,13,153,21640,0.9807692307692308,0.3257606995592208,0.0208333333333333,0.3221118299445471,1631094,Paolo Banchero,8247,0.575,47,34,0.125743727192656,6.528758016927844,True,False,False,57.49999999999999,3329.230769230769,2107.2947964094533,8247,776,0.12237762237762236,0.23368676814022607,0.7272727272727273,1,7471
1610612747,LAL,2023-24,13,153,20731,0.9807692307692308,0.4648371261173345,0.1111111111111111,0.3619217596835656,2544,LeBron James,7747,0.368,47,38,0.0879990961479257,5.992765119223799,False,False,False,36.8,3189.3846153846152,2934.906089879241,7747,144,0.0946969696969697,0.22695158287010964,0.8257575757575758,4,7603
1610612750,MIN,2023-24,10,90,21245,1.0,0.2578771475641327,0.0,0.3621087314662273,201144,Mike Conley,8038,0.697,56,26,0.1877540587678025,6.015953019502373,True,True,False,79.69999999999999,4249.0,2129.8464733402734,8038,1145,0.10833333333333331,0.2427621686085881,0.7777777777777777,2,6893
1610612765,DET,2023-24,17,196,15073,0.7205882352941176,0.4904445424424662,0.23046875,0.3376899091090029,1630595,Cade Cunningham,6010,0.167,32,63,0.0740703955108805,6.44040807801693,False,False,False,16.7,1773.2941176470588,1684.8752833928793,6010,0,0.08296568627450979,0.16206578487592924,0.5625,0,6010
1610612748,MIA,2023-24,14,173,18437,0.9505494505494504,0.3094282459960173,0.0532544378698224,0.2706514074957964,1628389,Bam Adebayo,5339,0.563,44,39,0.2062026446528066,6.866798893266858,True,False,False,56.3,2633.8571428571427,1490.7680445452816,5339,432,0.11950549450549451,0.21048775491884422,0.6506410256410257,0,4907
1610612764,WAS,2023-24,12,130,15080,0.9848484848484848,0.4274425287356322,0.1157024793388429,0.3753647214854111,1626145,Tyus Jones,6264,0.13,15,65,0.0971761216701397,5.923121025493642,False,False,False,13.0,2513.3333333333335,2047.4652326200508,6264,492,0.11022727272727269,0.16712449639495314,0.4499999999999999,1,5772
1610612759,SAS,2023-24,12,131,20837,0.9924242424242424,0.3057541872630417,0.0082644628099173,0.3013149685655324,1630200,Tre Jones,7202,0.212,21,57,0.1603014862409656,6.424571225342803,False,False,False,21.2,3472.8333333333335,1964.4682293797534,7202,667,0.09772727272727272,0.22890734479670655,0.7272727272727273,2,6535
1610612737,ATL,2023-24,13,152,20765,0.9743589743589745,0.4172183222508289,0.0277777777777777,0.3897664339032025,1627749,Dejounte Murray,9313,0.444,35,44,0.1280643025260879,6.210148272831867,False,False,False,44.4,3194.6153846153848,2616.8190466818533,9313,654,0.11596736596736595,0.1489166256020691,0.4469696969696969,2,8659
1610612756,PHX,2023-24,13,147,18609,0.9423076923076924,0.4663624300896588,0.0625,0.3593691224676232,201142,Kevin Durant,6706,0.632,48,41,0.1035656068259767,5.997608696332104,True,False,False,63.2,2862.923076923077,2487.16352704369,6706,75,0.09994172494172492,0.19425909313338297,0.7121212121212122,2,6631
1610612740,NOP,2023-24,12,130,22410,0.9848484848484848,0.2659564182656552,0.0165289256198347,0.277599286033021,203468,CJ McCollum,6593,0.557,49,33,0.1859324015905697,6.5565030486476354,True,False,False,55.7,3735.0,1842.1150886956004,6593,514,0.09469696969696968,0.2730427468324257,0.9545454545454544,1,6079
1610612762,UTA,2023-24,11,109,14985,0.990909090909091,0.2965996299329633,0.12,0.3412412412412412,1641718,Keyonte George,5534,0.4,29,49,0.1593776902670314,6.111226688694961,False,False,False,40.0,2724.5454545454545,1528.5655604936521,5534,768,0.102020202020202,0.15424593011964247,0.4388888888888889,0,4766
1610612761,TOR,2023-24,14,175,10920,0.9615384615384616,0.3296114599686028,0.0414201183431952,0.306456043956044,1630193,Immanuel Quickley,3746,0.397,31,47,0.0973307750104469,6.621776591412512,False,False,False,39.7,1560.0,971.1749426497623,3746,463,0.10141941391941389,0.15746275506218185,0.5181623931623932,0,3283
1610612755,PHI,2023-24,14,167,17469,0.9175824175824177,0.369115085498393,0.0887573964497041,0.3616978647890549,1630178,Tyrese Maxey,8239,0.526,47,38,0.1047067460256306,6.514904564528437,True,False,False,52.6,2495.5714285714284,1973.1621522624234,8239,504,0.10782967032967031,0.1612888419349117,0.5096153846153846,1,7735
1610612751,BKN,2023-24,14,163,14124,0.8956043956043956,0.377376906582514,0.1124260355029585,0.2899674313225715,1628969,Mikal Bridges,4610,0.397,32,50,0.1321595660497037,6.557343840631948,False,False,False,39.7,2017.7142857142858,1386.6806203510391,4610,80,0.10233516483516482,0.1685687635798849,0.483974358974359,1,4530
1610612739,CLE,2023-24,13,152,23542,0.9743589743589745,0.3109434529449821,0.0277777777777777,0.2759323761787444,1629636,Darius Garland,6725,0.531,48,34,0.1649019916705437,6.6031783814474325,True,False,False,53.1,3621.846153846154,2049.376199650105,6725,317,0.09149184149184147,0.2595450111602191,0.9393939393939394,1,6408
1610612758,SAC,2023-24,11,110,22408,1.0,0.3786228944208237,0.0,0.4267449125312388,1627734,Domantas Sabonis,10695,0.561,46,36,0.0921461901856253,5.917276221480145,True,False,False,56.10000000000001,4074.181818181818,3056.1750544817232,10695,820,0.08585858585858586,0.1706444508899385,0.5444444444444445,2,9875
1610612742,DAL,2023-24,12,126,16409,0.9545454545454546,0.3303522457188128,0.0495867768595041,0.3920104820525321,1629029,Luka Dončić,7620,0.603,49,44,0.1416380957182228,6.3219242582155655,True,False,False,60.3,2734.8333333333335,1923.7123595860796,7620,1065,0.11136363636363633,0.15835722202379152,0.4181818181818181,1,6555
1610612763,MEM,2023-24,15,203,12666,0.9666666666666668,0.2951997473551239,0.0357142857142857,0.2545397126164535,1628991,Jaren Jackson Jr.,3572,0.333,30,44,0.1330268143935235,7.050260781874304,False,False,False,33.300000000000004,1688.8,915.8346076510913,3572,262,0.09029304029304028,0.22387970895570838,0.8516483516483517,0,3310
