TEAM_ABBREVIATION,SEASON,Top1_Degree,Top1_Name,Top2_Avg_Degree,Top2_Total_Degree,Top2_Names,Top3_Avg_Degree,Top3_Total_Degree,Top1_Pct_of_Team,Top2_Pct_of_Team,Gap_Top1_Top2,Team_Total_Degree,Team_Avg_Degree,Team_Std_Degree,Num_Players,W_PCT,WINS,LOSSES,Density,Gini_Coefficient,Degree_Centralization,Star_Level
ATL,2015-16,8813,Jeff Teague,8014.5,16029,"['Jeff Teague', 'Al Horford']",7684.333333333333,23053,0.18338257938324526,0.3335344791710017,1597,48058,3696.769230769231,2936.908044010633,13,0.547,48,34,0.9551282051282052,0.4296603142997083,0.1388888888888889,Elite
ATL,2016-17,9834,Dennis Schröder,7842.5,15685,"['Dennis Schröder', 'Paul Millsap']",6798.0,20394,0.2192935509767193,0.3497680849165998,3983,44844,3449.5384615384614,2508.157744088431,13,0.532,42,47,1.0064102564102564,0.3683538832053683,0.0833333333333333,Elite
ATL,2017-18,7150,Dennis Schröder,5881.0,11762,"['Dennis Schröder', 'Taurean Prince']",5234.333333333333,15703,0.20040361006782892,0.3296709456808117,2538,35678,2973.1666666666665,1806.2317798179286,12,0.264,24,58,1.0,0.316254648055758,0.0,Medium
ATL,2018-19,9860,Trae Young,7123.5,14247,"['Trae Young', 'John Collins']",5845.333333333333,17536,0.26206676589411015,0.37866787157133747,5473,37624,3135.3333333333335,2347.0252093519007,12,0.358,29,53,1.0,0.3279511304840882,0.0,Elite
ATL,2019-20,6009,Trae Young,4610.5,9221,"['Trae Young', 'John Collins']",4079.6666666666665,12239,0.22744133232399696,0.34901589704769115,2797,26420,1761.3333333333333,1524.8649432779598,15,0.382,22,44,0.7142857142857143,0.4309058793843048,0.1530612244897959,Low
ATL,2020-21,8014,Trae Young,6086.0,12172,"['Trae Young', 'Kevin Huerter']",5315.666666666667,15947,0.24163299764819393,0.36700235180606644,3856,33166,2551.230769230769,1971.570784672556,13,0.54,44,30,0.9743589743589745,0.3683800370165925,0.0277777777777777,High
ATL,2021-22,8993,Trae Young,6480.0,12960,"['Trae Young', 'Kevin Huerter']",5491.0,16473,0.24959755759089647,0.3597002497918401,5026,36030,3275.4545454545455,2138.60624536806,11,0.541,42,36,0.990909090909091,0.2949108066510231,0.01,Elite
ATL,2022-23,8430,Trae Young,8061.5,16123,"['Trae Young', 'Dejounte Murray']",6597.333333333333,19792,0.2222632356043029,0.4250949166842438,737,37928,2709.1428571428573,2525.0811976934633,14,0.5,41,53,0.8791208791208791,0.460206556784283,0.1301775147928994,High
ATL,2023-24,9313,Dejounte Murray,8093.5,16187,"['Dejounte Murray', 'Trae Young']",7022.0,21066,0.22424753190464725,0.3897664339032025,2439,41530,3194.6153846153848,2616.8190466818533,13,0.444,35,44,0.9743589743589745,0.4172183222508289,0.0277777777777777,Elite
BKN,2015-16,6253,Shane Larkin,5712.5,11425,"['Shane Larkin', 'Thaddeus Young']",5334.333333333333,16003,0.1694304449141061,0.30957025957838835,1081,36906,2636.1428571428573,1829.375885887898,14,0.288,21,58,0.9505494505494504,0.3753164409968181,0.136094674556213,Medium
BKN,2016-17,4855,Trevor Booker,4680.0,9360,"['Trevor Booker', 'Brook Lopez']",4586.0,13758,0.11724787480680061,0.2260432766615147,350,41408,2760.5333333333333,1536.5616470672742,15,0.13,28,59,0.9666666666666668,0.3060439206594539,0.1122448979591836,Low
BKN,2017-18,8191,Spencer Dinwiddie,6655.0,13310,"['Spencer Dinwiddie', 'Rondae Hollis-Jefferson']",6064.333333333333,18193,0.18435741616025209,0.29957236101733065,3072,44430,3417.6923076923076,2227.7987784887346,13,0.333,34,52,0.9551282051282052,0.3442684256998909,0.0486111111111111,High
BKN,2018-19,9776,D'Angelo Russell,8053.0,16106,"[""D'Angelo Russell"", 'Spencer Dinwiddie']",7004.0,21012,0.2,0.32950081833060557,3446,48880,3760.0,2253.260082635824,13,0.475,42,39,0.9871794871794872,0.2859404507113181,0.0138888888888888,Elite
BKN,2019-20,6556,Spencer Dinwiddie,5149.0,10298,"['Spencer Dinwiddie', 'Joe Harris']",4518.666666666667,13556,0.21454283657307416,0.3369984946658813,2814,30558,2350.6153846153848,1691.100555775318,13,0.469,33,37,0.9294871794871796,0.3664053728848545,0.0763888888888889,Medium
BKN,2020-21,5742,Kyrie Irving,5350.5,10701,"['Kyrie Irving', 'James Harden']",4656.333333333333,13969,0.1750609756097561,0.32625,783,32800,2342.8571428571427,1563.235592124078,14,0.522,45,24,0.9615384615384616,0.351698606271777,0.0414201183431952,Low
BKN,2021-22,4047,Kevin Durant,3760.5,7521,"['Kevin Durant', 'Patty Mills']",3537.6666666666665,10613,0.15033432392273402,0.27938335809806836,573,26920,1794.6666666666667,1088.3507619110583,15,0.375,44,37,0.9476190476190476,0.3152550767706785,0.0561224489795918,Low
BKN,2022-23,4463,Royce O'Neale,4184.0,8368,"[""Royce O'Neale"", 'Spencer Dinwiddie']",3787.0,11361,0.15601622037334825,0.29252604348738026,558,28606,2043.2857142857142,1103.9632399517816,14,0.45,42,41,0.978021978021978,0.2810549235425135,0.0236686390532544,Low
BKN,2023-24,4610,Mikal Bridges,4095.5,8191,"['Mikal Bridges', 'Cam Thomas']",3888.3333333333335,11665,0.16319739450580573,0.2899674313225715,1029,28248,2017.7142857142858,1386.6806203510391,14,0.397,32,50,0.8956043956043956,0.377376906582514,0.1124260355029585,Low
BOS,2015-16,10479,Isaiah Thomas,8227.0,16454,"['Isaiah Thomas', 'Evan Turner']",7077.666666666667,21233,0.23274253731343283,0.3654495380241649,4504,45024,4502.4,2449.255451492691,10,0.58,48,34,1.022222222222222,0.257276119402985,0.0987654320987654,Elite
BOS,2016-17,10108,Isaiah Thomas,8552.0,17104,"['Isaiah Thomas', 'Marcus Smart']",7898.0,23694,0.19472163359660952,0.32949335388171835,3112,51910,4325.833333333333,2618.067567477736,12,0.618,51,29,1.0151515151515151,0.3177518782508187,0.0826446280991735,Elite
BOS,2017-18,6835,Terry Rozier,6737.5,13475,"['Terry Rozier', 'Kyrie Irving']",6582.0,19746,0.14946424666520883,0.29466433413514104,195,45730,3517.6923076923076,2053.3922496126333,13,0.412,54,30,1.0,0.3146865380410099,0.0,Medium
BOS,2018-19,7566,Kyrie Irving,6807.0,13614,"['Kyrie Irving', 'Terry Rozier']",6441.0,19323,0.16988503682414227,0.30568528830608943,1518,44536,4048.7272727272725,2120.2441883381775,11,0.552,48,33,0.9818181818181818,0.2833009455068014,0.02,High
BOS,2019-20,5880,Kemba Walker,5637.5,11275,"['Kemba Walker', 'Jayson Tatum']",5512.333333333333,16537,0.1594360086767896,0.30572125813449025,485,36880,3073.3333333333335,1901.6870181897746,12,0.667,48,23,0.9621212121212122,0.3366413593637021,0.0413223140495867,Low
BOS,2020-21,4201,Jayson Tatum,3839.0,7678,"['Jayson Tatum', 'Marcus Smart']",3523.6666666666665,10571,0.2046473109898675,0.3740257209664848,724,20528,1579.076923076923,1362.677478443234,13,0.5,34,35,0.6730769230769231,0.4595299478385994,0.1736111111111111,Low
BOS,2021-22,6208,Marcus Smart,6078.5,12157,"['Marcus Smart', 'Jayson Tatum']",5480.666666666667,16442,0.20412994870445877,0.39974352229383137,259,30412,2534.3333333333335,2097.1256663838867,12,0.426,49,35,0.8181818181818182,0.4411800166600903,0.1983471074380165,Medium
BOS,2022-23,7291,Jayson Tatum,6557.5,13115,"['Jayson Tatum', 'Derrick White']",6287.666666666667,18863,0.1648876023338912,0.29659867022479536,1467,44218,3401.3846153846152,2290.996600407107,13,0.687,57,31,0.9807692307692308,0.3631552761318919,0.1111111111111111,Medium
BOS,2023-24,7189,Jayson Tatum,6940.0,13880,"['Jayson Tatum', 'Derrick White']",6438.0,19314,0.171796587487454,0.3316923959279262,498,41846,2989.0,2469.563275000414,14,0.78,64,24,0.9395604395604396,0.4494336376236677,0.0650887573964497,Medium
CHA,2015-16,10897,Kemba Walker,8627.0,17254,"['Kemba Walker', 'Nicolas Batum']",7642.666666666667,22928,0.2576001134698123,0.4078766961372985,4540,42302,3845.6363636363635,3004.527426159637,11,0.58,49,34,1.0272727272727271,0.3915095353325224,0.08,Elite
CHA,2016-17,10191,Kemba Walker,8409.5,16819,"['Kemba Walker', 'Nicolas Batum']",7544.666666666667,22634,0.24601680185399769,0.40602066434916956,3563,41424,3765.818181818182,2874.4123510095696,11,0.39,36,45,0.9727272727272728,0.390656273043295,0.14,Elite
CHA,2017-18,10386,Kemba Walker,7691.5,15383,"['Kemba Walker', 'Nicolas Batum']",6743.333333333333,20230,0.2300026574541589,0.340663477721676,5389,45156,3225.4285714285716,2649.9442291456658,14,0.417,36,46,0.9835164835164836,0.410658922085975,0.1005917159763313,Elite
CHA,2018-19,10749,Kemba Walker,7690.5,15381,"['Kemba Walker', 'Nicolas Batum']",6648.666666666667,19946,0.2266191600607185,0.3242747512228032,6117,47432,3162.133333333333,2418.2659627647795,15,0.467,39,43,0.9571428571428572,0.3434727610052285,0.0459183673469387,Elite
CHA,2019-20,8350,Devonte' Graham,7329.5,14659,"[""Devonte' Graham"", 'Terry Rozier']",6054.666666666667,18164,0.2457327839905827,0.43140082401412594,2041,33980,3089.090909090909,2332.4508335459273,11,0.333,23,42,0.9636363636363636,0.3729145486649901,0.04,High
CHA,2020-21,6776,Terry Rozier,6529.5,13059,"['Terry Rozier', ""Devonte' Graham""]",6286.333333333333,18859,0.15685185185185185,0.3022916666666667,493,43200,3323.076923076923,1957.2931760273104,13,0.383,32,38,0.9871794871794872,0.3111360398860399,0.0138888888888888,Medium
CHA,2021-22,9455,LaMelo Ball,8324.0,16648,"['LaMelo Ball', 'Terry Rozier']",7582.333333333333,22747,0.2236810977052283,0.39384906553110954,2262,42270,3842.7272727272725,2706.352715035832,11,0.513,41,39,1.0,0.3636062541669355,0.11,Elite
CHA,2022-23,5690,Terry Rozier,5203.0,10406,"['Terry Rozier', 'P.J. Washington']",4776.666666666667,14330,0.16737263207436168,0.3060948346864337,974,33996,2428.285714285714,1594.7898549083768,14,0.265,24,49,0.989010989010989,0.3509824685257089,0.0118343195266272,Low
CHA,2023-24,4428,Miles Bridges,4323.5,8647,"['Miles Bridges', 'Brandon Miller']",3770.0,11310,0.16244772176975567,0.3172279697703427,209,27258,1603.4117647058824,1230.9113015782011,17,0.077,34,56,0.8014705882352942,0.394146564635099,0.2109375,Low
CHI,2015-16,7833,Derrick Rose,7472.0,14944,"['Derrick Rose', 'Pau Gasol']",7135.333333333333,21406,0.16778049093946792,0.32009596024504133,722,46686,3334.714285714286,2283.0722360812056,14,0.419,41,40,0.956043956043956,0.3573815337727431,0.0473372781065088,High
CHI,2016-17,6657,Jimmy Butler III,6425.0,12850,"['Jimmy Butler III', 'Rajon Rondo']",5715.0,17145,0.17108712413261373,0.33024929324081215,464,38910,2594.0,1946.5243384042235,15,0.46,41,41,0.961904761904762,0.3952608583911591,0.0408163265306122,Medium
CHI,2017-18,6042,Lauri Markkanen,5844.5,11689,"['Lauri Markkanen', 'Jerian Grant']",5770.666666666667,17312,0.14126724339490296,0.2732990413841478,395,42770,2851.3333333333335,1836.8865221450387,15,0.338,26,51,0.9428571428571428,0.3489922843114332,0.0612244897959183,Low
CHI,2018-19,4454,Kris Dunn,4257.5,8515,"['Kris Dunn', 'Zach LaVine']",4153.666666666667,12461,0.15172366807466958,0.2900599536721624,393,29356,2258.153846153846,1389.571327553564,13,0.227,27,59,0.9230769230769232,0.3283302063789868,0.0833333333333333,Low
CHI,2019-20,6360,Tomas Satoransky,5933.5,11867,"['Tomas Satoransky', 'Zach LaVine']",5421.0,16263,0.17807145257027662,0.33226005151752713,853,35716,2551.1428571428573,1873.4283200404734,14,0.333,22,43,0.9285714285714286,0.3878173847655312,0.0769230769230769,Medium
CHI,2020-21,5842,Coby White,5296.5,10593,"['Coby White', 'Thaddeus Young']",5090.666666666667,15272,0.17492065393137313,0.31717468111862984,1091,33398,2385.5714285714284,1845.7787480662969,14,0.431,30,44,0.989010989010989,0.4188830811083641,0.0118343195266272,Low
CHI,2021-22,6743,Nikola Vučević,6474.0,12948,"['Nikola Vučević', 'DeMar DeRozan']",6172.666666666667,18518,0.17250818665575113,0.33125255832992223,538,39088,3257.3333333333335,2167.373917202497,12,0.585,43,37,0.9696969696969696,0.3635941124300723,0.0330578512396694,Medium
CHI,2022-23,7301,Nikola Vučević,6743.0,13486,"['Nikola Vučević', 'Zach LaVine']",6444.666666666667,19334,0.18193371542486916,0.3360578121106404,1116,40130,3648.181818181818,2274.0635355320137,11,0.5,40,42,0.990909090909091,0.3360759350293364,0.01,Medium
CHI,2023-24,8339,Coby White,7802.0,15604,"['Coby White', 'DeMar DeRozan']",7441.333333333333,22324,0.1892990102606011,0.3542177426677563,1074,44052,3671.0,2659.3835922839507,12,0.468,37,42,0.9696969696969696,0.3783899331093556,0.0330578512396694,High
CLE,2015-16,8377,LeBron James,7274.5,14549,"['LeBron James', 'Kevin Love']",6898.666666666667,20696,0.19473243758426706,0.3382072620763401,2205,43018,3910.7272727272725,2383.9356573074324,11,0.688,57,35,1.0363636363636364,0.3218103204155554,0.07,High
CLE,2016-17,8941,LeBron James,8614.5,17229,"['LeBron James', 'Kyrie Irving']",7114.333333333333,21343,0.2336538964093451,0.4502430355929546,653,38266,2943.5384615384614,2765.3639487833734,13,0.296,51,39,0.8461538461538461,0.4609353955509812,0.1666666666666666,Elite
CLE,2017-18,7631,LeBron James,5243.5,10487,"['LeBron James', 'Kevin Love']",4414.666666666667,13244,0.2829859823481421,0.3888971297189053,4775,26966,2247.1666666666665,1831.7055059714323,12,0.418,50,41,0.9848484848484848,0.3473448045687161,0.0165289256198347,High
CLE,2018-19,6467,Collin Sexton,5269.5,10539,"['Collin Sexton', 'Cedi Osman']",4859.333333333333,14578,0.21612860102934295,0.35221576097854423,2395,29922,2137.285714285714,1755.7241516546092,14,0.148,33,63,0.8736263736263736,0.4150792059354321,0.136094674556213,Medium
CLE,2019-20,5532,Collin Sexton,5342.0,10684,"['Collin Sexton', 'Darius Garland']",4967.666666666667,14903,0.17779777592080737,0.34338240020569516,380,31114,2592.8333333333335,1848.766410995246,12,0.286,21,46,0.9545454545454546,0.3880782498767972,0.0495867768595041,Low
CLE,2020-21,6050,Collin Sexton,5967.0,11934,"['Collin Sexton', 'Darius Garland']",5058.333333333333,15175,0.18318900260400897,0.3613516623266517,166,33026,2359.0,1787.5106024430047,14,0.188,20,47,0.978021978021978,0.3880622193769411,0.0236686390532544,Low
CLE,2021-22,8073,Darius Garland,6149.0,12298,"['Darius Garland', 'Evan Mobley']",5216.333333333333,15649,0.2343668350461592,0.3570225860767578,3848,34446,2870.5,1867.3046447657212,12,0.397,40,36,1.0,0.2970930345081189,0.0,High
CLE,2022-23,7791,Darius Garland,6930.0,13860,"['Darius Garland', 'Donovan Mitchell']",6518.333333333333,19555,0.20550221565731167,0.3655834564254062,1722,37912,3446.5454545454545,2273.6884291228807,11,0.608,48,31,1.0,0.3468510809722036,0.0,High
CLE,2023-24,6725,Darius Garland,6496.0,12992,"['Darius Garland', 'Donovan Mitchell']",6161.333333333333,18484,0.14282983603771982,0.2759323761787444,458,47084,3621.846153846154,2049.3761996501053,13,0.531,48,34,0.9743589743589745,0.3109434529449821,0.0277777777777777,Medium
DAL,2015-16,9588,Deron Williams,8281.5,16563,"['Deron Williams', 'Raymond Felton']",7717.0,23151,0.1818526667172445,0.3141453607465291,2613,52724,3766.0,2805.8733454611297,14,0.507,40,40,0.9725274725274724,0.4027171144612916,0.1124260355029585,Elite
DAL,2016-17,4418,Seth Curry,4002.0,8004,"['Seth Curry', 'Wesley Matthews']",3840.3333333333335,11521,0.1586469405343292,0.2874174087905774,832,27848,2320.6666666666665,1343.8608107939895,12,0.397,40,48,0.9015151515151516,0.3151692521306138,0.1074380165289256,Low
DAL,2017-18,8344,Dennis Smith Jr.,7311.0,14622,"['Dennis Smith Jr.', 'J.J. Barea']",6758.666666666667,20276,0.19224034651184221,0.3368813934199613,2066,43404,3338.769230769231,2531.9998075910325,13,0.312,30,58,1.0,0.405446502626486,0.0,High
DAL,2018-19,4935,Luka Dončić,4716.0,9432,"['Luka Dončić', 'Jalen Brunson']",4325.0,12975,0.15165017515825702,0.2898408210927417,438,32542,2324.4285714285716,1387.971885898254,14,0.176,36,51,0.945054945054945,0.3256538802602351,0.059171597633136,Low
DAL,2019-20,7730,Luka Dončić,6168.0,12336,"['Luka Dončić', 'Delon Wright']",5503.666666666667,16511,0.19412355600200903,0.30979407332998493,3124,39820,2654.6666666666665,2045.2809680078772,15,0.625,42,38,0.9047619047619048,0.4049388916792231,0.1020408163265306,High
DAL,2020-21,8108,Luka Dončić,6691.5,13383,"['Luka Dončić', 'Jalen Brunson']",5751.666666666667,17255,0.22469792705908437,0.37088460259394745,2833,36084,2775.6923076923076,2181.07635448706,13,0.6,42,28,0.9743589743589745,0.4040827812028344,0.0277777777777777,High
DAL,2021-22,7499,Luka Dončić,7439.0,14878,"['Luka Dončić', 'Jalen Brunson']",6422.0,19266,0.19109627439987767,0.37913460068294175,120,39242,2803.0,2255.919495290284,14,0.571,52,30,0.9725274725274724,0.4053565057846185,0.029585798816568,High
DAL,2022-23,6016,Luka Dončić,4682.0,9364,"['Luka Dončić', 'Tim Hardaway Jr.']",4100.333333333333,12301,0.22106268832218712,0.3440876019695745,2668,27214,1943.857142857143,1553.7390067507804,14,0.486,37,41,0.9615384615384616,0.4080882738926393,0.0414201183431952,Low
DAL,2023-24,7620,Luka Dončić,6432.5,12865,"['Luka Dončić', 'Kyrie Irving']",5471.333333333333,16414,0.2321896520202328,0.39201048205253214,2375,32818,2734.8333333333335,1923.7123595860796,12,0.603,49,44,0.9545454545454546,0.3303522457188128,0.0495867768595041,High
DEN,2015-16,7534,Emmanuel Mudiay,5972.0,11944,"['Emmanuel Mudiay', 'Will Barton']",5310.0,15930,0.19412522545735636,0.3077557330584901,3124,38810,2772.1428571428573,1908.49847774643,14,0.308,35,55,0.9285714285714286,0.3556668016343358,0.1597633136094674,High
DEN,2016-17,6852,Jameer Nelson,6637.0,13274,"['Jameer Nelson', 'Nikola Jokić']",5878.333333333333,17635,0.16263172885217886,0.31505743852653567,430,42132,3240.923076923077,2034.6127994264027,13,0.488,40,43,0.9230769230769232,0.3380949251071723,0.1736111111111111,Medium
DEN,2017-18,9103,Jamal Murray,8741.5,17483,"['Jamal Murray', 'Nikola Jokić']",7885.666666666667,23657,0.21634661089457172,0.415510029470482,723,42076,3506.3333333333335,2942.596637274122,12,0.568,46,38,0.9621212121212122,0.4366067750419875,0.0413223140495867,Elite
DEN,2018-19,10286,Nikola Jokić,9745.0,19490,"['Nikola Jokić', 'Jamal Murray']",8805.666666666666,26417,0.2099440747846675,0.39780381271176063,1082,48994,4454.0,2971.217225313558,11,0.659,54,28,1.0,0.327327650510081,0.0,Elite
DEN,2019-20,9857,Nikola Jokić,8418.5,16837,"['Nikola Jokić', 'Jamal Murray']",7313.0,21939,0.24129742962056303,0.41216646266829865,2877,40850,2917.8571428571427,2845.990752380858,14,0.655,46,34,0.8626373626373627,0.4989298828466515,0.1479289940828402,Elite
DEN,2020-21,9481,Nikola Jokić,7084.5,14169,"['Nikola Jokić', 'Jamal Murray']",6078.0,18234,0.26563375546340917,0.39697971534237364,4793,35692,2974.3333333333335,2452.060667102573,12,0.457,47,25,0.9545454545454546,0.3992958272628787,0.0495867768595041,Elite
DEN,2021-22,9902,Nikola Jokić,8562.0,17124,"['Nikola Jokić', 'Monté Morris']",7532.333333333333,22597,0.2090529071485876,0.3615251446185027,2680,47366,3643.5384615384614,2652.2554431836757,13,0.585,46,39,1.0,0.3740690336138548,0.0,Elite
DEN,2022-23,8973,Nikola Jokić,7843.0,15686,"['Nikola Jokić', 'Jamal Murray']",7014.0,21042,0.23891048511635338,0.41764737206454017,2260,37558,2889.076923076923,2688.101698892686,13,0.662,53,32,0.967948717948718,0.4741466531764204,0.0347222222222222,Elite
DEN,2023-24,10678,Nikola Jokić,8279.0,16558,"['Nikola Jokić', 'Jamal Murray']",7372.0,22116,0.2555645971949643,0.3962950552869657,4798,41782,3798.3636363636365,2890.3836517918267,11,0.695,57,25,0.9818181818181818,0.382639762229059,0.02,Elite
DET,2015-16,7351,Reggie Jackson,5987.5,11975,"['Reggie Jackson', 'Marcus Morris Sr.']",5330.333333333333,15991,0.22866119198705984,0.37249595620256315,2727,32148,2922.5454545454545,1956.1913180277827,11,0.531,43,39,1.018181818181818,0.3450801407128395,0.09,Medium
DET,2016-17,7727,Ish Smith,6808.0,13616,"['Ish Smith', 'Tobias Harris']",6349.666666666667,19049,0.18166643156063383,0.32012037428880424,1838,42534,3866.7272727272725,2123.4325085064083,11,0.453,37,45,0.9818181818181818,0.2960369672176697,0.13,High
DET,2017-18,6379,Ish Smith,5410.5,10821,"['Ish Smith', 'Anthony Tolliver']",4984.333333333333,14953,0.19456475324833772,0.33004941133410604,1937,32786,2341.8571428571427,1739.1107744230342,14,0.476,39,47,0.8131868131868132,0.3922841631009751,0.2011834319526627,Medium
DET,2018-19,8032,Blake Griffin,7968.0,15936,"['Blake Griffin', 'Reggie Jackson']",6826.666666666667,20480,0.20722394220846233,0.41114551083591333,128,38760,2981.5384615384614,2528.6678843277873,13,0.449,44,41,0.9102564102564102,0.4249742002063983,0.1875,High
DET,2019-20,3275,Derrick Rose,3186.0,6372,"['Derrick Rose', 'Bruce Brown']",2921.6666666666665,8765,0.16125061546036434,0.31373707533234857,178,20310,1562.3076923076924,963.8439867370813,13,0.333,20,46,0.8589743589743589,0.3352800818088853,0.1527777777777778,Low
DET,2020-21,2906,Mason Plumlee,2852.0,5704,"['Mason Plumlee', 'Jerami Grant']",2810.0,8430,0.10912504693954186,0.21419451746150958,108,26630,1775.3333333333333,837.0624372228896,15,0.185,25,51,0.961904761904762,0.2583201902616097,0.0408163265306122,Low
DET,2021-22,6499,Cade Cunningham,5756.5,11513,"['Cade Cunningham', 'Saddiq Bey']",5395.333333333333,16186,0.17377005347593583,0.3078342245989305,1485,37400,2671.4285714285716,1954.1949636727538,14,0.094,23,59,0.912087912087912,0.3971810542398777,0.0946745562130177,Medium
DET,2022-23,6289,Killian Hayes,5747.0,11494,"['Killian Hayes', 'Jaden Ivey']",4971.0,14913,0.19511665425663938,0.35660213452469597,1084,32232,2302.285714285714,1686.4883145651604,14,0.125,16,60,0.956043956043956,0.3684758713612027,0.0473372781065088,Medium
DET,2023-24,6010,Cade Cunningham,5090.0,10180,"['Cade Cunningham', 'Jaden Ivey']",4701.0,14103,0.1993630995820341,0.3376899091090029,1840,30146,1773.2941176470588,1684.8752833928793,17,0.167,32,63,0.7205882352941176,0.4904445424424662,0.23046875,Low
GSW,2015-16,9698,Stephen Curry,9388.5,18777,"['Stephen Curry', 'Draymond Green']",7891.666666666667,23675,0.20815625670744795,0.403026400515132,619,46590,4235.454545454545,2821.7883111118153,11,0.875,73,9,0.990909090909091,0.3355928896173584,0.12,Elite
GSW,2016-17,8505,Stephen Curry,8258.5,16517,"['Stephen Curry', 'Draymond Green']",7150.333333333333,21451,0.18910926312980833,0.3672566371681416,493,44974,4088.5454545454545,2425.6777347222514,11,0.823,66,36,1.0272727272727271,0.3104419927473247,0.08,Elite
GSW,2017-18,7885,Draymond Green,7026.0,14052,"['Draymond Green', 'Kevin Durant']",6574.666666666667,19724,0.1563429432525677,0.2786215648173851,1718,50434,3602.4285714285716,1901.6998353410727,14,0.719,56,24,1.0164835164835164,0.2719423971357191,0.0650887573964497,High
GSW,2018-19,7617,Stephen Curry,7513.5,15027,"['Stephen Curry', 'Kevin Durant']",7232.666666666667,21698,0.15148562109701286,0.29885446084085754,207,50282,3591.5714285714284,2295.6686210301386,14,0.563,56,25,0.989010989010989,0.3425735991863035,0.0118343195266272,High
GSW,2019-20,2297,Ky Bowman,2210.0,4420,"['Ky Bowman', 'Eric Paschall']",2160.6666666666665,6482,0.18726561226153596,0.3603456709603783,174,12266,1752.2857142857142,522.9014292980129,7,0.233,15,46,1.0,0.1447438913605553,0.0,Low
GSW,2020-21,7429,Stephen Curry,7204.0,14408,"['Stephen Curry', 'Draymond Green']",6213.666666666667,18641,0.18981552455414175,0.3681332720118555,450,39138,3010.6153846153848,2068.8693183500636,13,0.491,38,33,0.9871794871794872,0.3389701922585565,0.0138888888888888,High
GSW,2021-22,7315,Stephen Curry,7313.0,14626,"['Stephen Curry', 'Jordan Poole']",6517.666666666667,19553,0.14671079021259525,0.29334135579622944,4,49860,3324.0,1974.3079438483899,15,0.645,53,29,1.0,0.3098382136649285,0.0,Medium
GSW,2022-23,7787,Draymond Green,7780.0,15560,"['Draymond Green', 'Jordan Poole']",7267.333333333333,21802,0.15875637104994902,0.31722731906218143,14,49050,3773.076923076923,2432.6707018397997,13,0.537,44,38,0.9743589743589745,0.3491539245667686,0.1180555555555555,High
GSW,2023-24,7329,Stephen Curry,6389.5,12779,"['Stephen Curry', 'Chris Paul']",5875.666666666667,17627,0.155124243322186,0.27047792405706306,1879,47246,3374.714285714286,1887.028939836435,14,0.581,43,36,0.989010989010989,0.3036477766825309,0.0118343195266272,Medium
HOU,2015-16,8478,James Harden,7130.5,14261,"['James Harden', 'Patrick Beverley']",6431.333333333333,19294,0.2546404757613985,0.4283354358142608,2695,33294,3329.4,2429.394309516492,10,0.5,41,41,1.0,0.3696521895837087,0.1234567901234567,Elite
HOU,2016-17,11477,James Harden,8138.0,16276,"['James Harden', 'Patrick Beverley']",6921.0,20763,0.2957532340359738,0.41941967736947894,6678,38806,3527.818181818182,2993.6639363222394,11,0.667,54,47,0.990909090909091,0.3929101872718839,0.12,Elite
HOU,2017-18,8888,James Harden,7623.0,15246,"['James Harden', 'Chris Paul']",6574.333333333333,19723,0.2276639344262295,0.39052254098360656,2530,39040,3003.076923076923,2459.8590224353125,13,0.393,65,20,0.8525641025641025,0.4202001891551072,0.1597222222222222,Elite
HOU,2018-19,8964,James Harden,7370.5,14741,"['James Harden', 'Chris Paul']",6431.666666666667,19295,0.25810538439389574,0.42444572415778864,3187,34730,2894.1666666666665,2530.487119233382,12,0.647,53,31,0.9848484848484848,0.4392216143583837,0.1157024793388429,Elite
HOU,2019-20,6881,James Harden,5948.0,11896,"['James Harden', 'Russell Westbrook']",5101.333333333333,15304,0.25047320908561443,0.4330227140361095,1866,27472,2289.3333333333335,2003.9800095779096,12,0.632,44,43,0.946969696969697,0.4466244418559503,0.0578512396694214,Medium
HOU,2020-21,3205,John Wall,2954.5,5909,"['John Wall', ""Jae'Sean Tate""]",2829.0,8487,0.14578784570596798,0.26878639010189226,501,21984,1570.2857142857142,892.1280029381287,14,0.222,28,53,0.8956043956043956,0.3066190996049074,0.1124260355029585,Low
HOU,2021-22,6012,Kevin Porter Jr.,5181.5,10363,"['Kevin Porter Jr.', 'Christian Wood']",4848.333333333333,14545,0.17117476225727465,0.29505722908718185,1661,35122,2926.8333333333335,1562.5155029533937,12,0.125,32,59,0.9924242424242424,0.287108744756373,0.0082644628099173,Low
HOU,2022-23,6606,Jalen Green,6444.5,12889,"['Jalen Green', 'Kevin Porter Jr.']",6010.333333333333,18031,0.17965732934457437,0.3505303236333968,323,36770,3342.7272727272725,1949.9573375286493,11,0.263,22,60,0.9818181818181818,0.3102281998664919,0.02,Medium
HOU,2023-24,9121,Fred VanVleet,7827.5,15655,"['Fred VanVleet', 'Jalen Green']",6982.333333333333,20947,0.2249543728111281,0.38610467123760667,2587,40546,3378.8333333333335,2510.8112355583526,12,0.5,41,41,0.9848484848484848,0.3796387642019763,0.0165289256198347,Elite
IND,2015-16,8452,George Hill,8302.5,16605,"['George Hill', 'Monta Ellis']",7766.0,23298,0.19000089919971225,0.3732802805503102,299,44484,3707.0,2656.609869740004,12,0.533,44,37,1.0227272727272727,0.3700881215718011,0.0743801652892562,Elite
IND,2016-17,9977,Jeff Teague,7947.0,15894,"['Jeff Teague', 'Paul George']",6912.666666666667,20738,0.22678092467154612,0.3612765377096877,4060,43994,3666.1666666666665,2521.9830881609214,12,0.436,42,40,1.0,0.3398455850040157,0.0991735537190082,Elite
IND,2017-18,7280,Darren Collison,7004.0,14008,"['Darren Collison', 'Victor Oladipo']",6878.0,20634,0.15694390548872506,0.3019876686931402,552,46386,3865.5,2482.162272184183,12,0.585,48,34,0.9772727272727272,0.346228747179465,0.024793388429752,Medium
IND,2018-19,8010,Darren Collison,7245.5,14491,"['Darren Collison', 'Cory Joseph']",6906.666666666667,20720,0.17450220033985447,0.3156943052590301,1529,45902,4172.909090909091,2236.8916582859106,11,0.58,48,42,0.9636363636363636,0.2906191451352882,0.04,High
IND,2019-20,7043,Domantas Sabonis,6594.0,13188,"['Domantas Sabonis', 'Malcolm Brogdon']",6005.666666666667,18017,0.18885075347240843,0.3536225666327023,898,37294,3390.3636363636365,2029.0153411311248,11,0.597,45,28,0.9818181818181818,0.3197687173661861,0.02,Medium
IND,2020-21,7881,Domantas Sabonis,7515.5,15031,"['Domantas Sabonis', 'Malcolm Brogdon']",7333.0,21999,0.19163059864805718,0.3654865535184555,731,41126,3163.5384615384614,2519.639842496827,13,0.468,34,38,0.9743589743589745,0.4024554932496381,0.0277777777777777,High
IND,2021-22,4394,Tyrese Haliburton,3875.0,7750,"['Tyrese Haliburton', 'Buddy Hield']",3320.3333333333335,9961,0.18005245041796428,0.31757089001802985,1038,24404,1626.9333333333334,1097.5336289456768,15,0.25,29,55,0.8,0.3395563568813856,0.1377551020408163,Low
IND,2022-23,8167,Tyrese Haliburton,7246.0,14492,"['Tyrese Haliburton', 'T.J. McConnell']",6918.666666666667,20756,0.17319845612249227,0.30733341816176785,1842,47154,3627.230769230769,2332.161913827531,13,0.413,36,45,0.9807692307692308,0.3461228511489359,0.0208333333333333,High
IND,2023-24,7917,Tyrese Haliburton,6456.5,12913,"['Tyrese Haliburton', 'T.J. McConnell']",5704.0,17112,0.20743593774563748,0.338337787559608,2921,38166,2935.846153846154,2029.0988494959136,13,0.344,47,42,0.9871794871794872,0.3550965619822718,0.0138888888888888,High
LAC,2015-16,9837,Chris Paul,7312.5,14625,"['Chris Paul', 'DeAndre Jordan']",6284.666666666667,18854,0.23558291024044448,0.35024906600249067,5049,41756,3479.6666666666665,2285.413642024462,12,0.627,51,32,1.0227272727272727,0.3041997956381518,0.0743801652892562,Elite
LAC,2016-17,8342,Chris Paul,7565.0,15130,"['Chris Paul', 'Blake Griffin']",6962.0,20886,0.1690100895498197,0.3065359212285749,1554,49358,3796.769230769231,2511.5256038858847,13,0.622,51,31,0.9935897435897436,0.3608081614078615,0.0972222222222222,High
LAC,2017-18,5966,Lou Williams,5718.5,11437,"['Lou Williams', 'Austin Rivers']",5309.0,15927,0.1643526170798898,0.315068870523416,495,36300,2592.8571428571427,1669.8509770977428,14,0.493,42,41,0.9505494505494504,0.336017316017316,0.0532544378698224,Low
LAC,2018-19,5093,Shai Gilgeous-Alexander,4947.0,9894,"['Shai Gilgeous-Alexander', 'Lou Williams']",4721.0,14163,0.1677646748797681,0.32591079781276766,292,30358,2335.230769230769,1863.304061510366,13,0.585,51,38,0.7564102564102564,0.4174745473249986,0.1736111111111111,Low
LAC,2019-20,5296,Lou Williams,4875.5,9751,"['Lou Williams', 'Kawhi Leonard']",4524.666666666667,13574,0.173151114889165,0.3188059896684758,841,30586,2548.8333333333335,1526.2812699995748,12,0.419,49,36,0.9924242424242424,0.3243477407964428,0.0082644628099173,Low
LAC,2020-21,4841,Paul George,4661.5,9323,"['Paul George', 'Reggie Jackson']",4439.333333333333,13318,0.14942280387678253,0.2877646768319032,359,32398,2492.153846153846,1337.2556378739412,13,0.537,47,25,0.9615384615384616,0.2875961004240527,0.0416666666666666,Low
LAC,2021-22,6848,Reggie Jackson,5399.5,10799,"['Reggie Jackson', 'Terance Mann']",4687.666666666667,14063,0.21627084386053563,0.3410497726124305,2897,31664,2261.714285714286,1769.1716196514737,14,0.333,41,40,0.8846153846153846,0.3957626506893814,0.1242603550295858,Medium
LAC,2022-23,4523,Paul George,4199.5,8399,"['Paul George', 'Terance Mann']",4038.3333333333335,12115,0.137594305183743,0.25550620588951084,647,32872,2191.4666666666667,1278.3321648967158,15,0.354,44,51,0.9095238095238096,0.3196925448203131,0.096938775510204,Low
LAC,2023-24,8339,James Harden,6916.0,13832,"['James Harden', 'Paul George']",6143.666666666667,18431,0.21750130412102242,0.3607720396452791,2846,38340,2949.230769230769,2248.042228022943,13,0.419,48,28,0.967948717948718,0.394907908992416,0.0347222222222222,High
LAL,2015-16,7808,D'Angelo Russell,7194.0,14388,"[""D'Angelo Russell"", 'Jordan Clarkson']",6622.666666666667,19868,0.1737582339327043,0.32018871283603345,1228,44936,2995.733333333333,2251.979905602644,15,0.21,17,64,1.0047619047619047,0.3995074476292208,0.0714285714285714,High
LAL,2016-17,6505,D'Angelo Russell,5699.0,11398,"[""D'Angelo Russell"", 'Julius Randle']",5376.666666666667,16130,0.18178515537670467,0.3185222445785826,1612,35784,2556.0,1826.2314285898244,14,0.317,47,56,0.956043956043956,0.3716505381495321,0.0473372781065088,Medium
LAL,2017-18,5512,Lonzo Ball,4997.5,9995,"['Lonzo Ball', 'Julius Randle']",4635.666666666667,13907,0.18255282506458237,0.3310260316619196,1029,30194,2744.909090909091,1672.9306294371836,11,0.407,35,47,0.9818181818181818,0.3262960130549718,0.02,Low
LAL,2018-19,6581,LeBron James,5737.5,11475,"['LeBron James', 'Rajon Rondo']",5298.0,15894,0.1595780795344326,0.2782492725509214,1687,41240,2577.5,1912.7401635698805,16,0.32,37,45,0.9125,0.4013094083414161,0.0933333333333333,Medium
LAL,2019-20,8763,LeBron James,6879.0,13758,"['LeBron James', 'Anthony Davis']",5814.0,17442,0.23855283933140958,0.3745304077965917,3768,36734,3061.1666666666665,2159.618309429757,12,0.75,52,36,0.9848484848484848,0.3381608319268253,0.0165289256198347,Elite
LAL,2020-21,7691,Dennis Schröder,6691.5,13383,"['Dennis Schröder', 'LeBron James']",5734.333333333333,17203,0.18428619351128575,0.3206737911534959,1999,41734,3210.3076923076924,1874.3707559523093,13,0.377,41,33,0.967948717948718,0.2980119511484825,0.0347222222222222,High
LAL,2021-22,8492,Russell Westbrook,7638.0,15276,"['Russell Westbrook', 'LeBron James']",6627.333333333333,19882,0.20457721031076848,0.36800770898578655,1708,41510,2767.3333333333335,2328.5976671031203,15,0.333,32,47,0.9809523809523808,0.4245723921946518,0.0204081632653061,Elite
LAL,2022-23,4366,Dennis Schröder,4171.0,8342,"['Dennis Schröder', 'LeBron James']",3995.3333333333335,11986,0.17855390152134795,0.3411581874693277,390,24452,1880.923076923077,1416.2654801471404,13,0.463,45,36,0.9294871794871796,0.3989794762737671,0.0763888888888889,Low
LAL,2023-24,7747,LeBron James,7503.0,15006,"['LeBron James', ""D'Angelo Russell""]",7405.666666666667,22217,0.18684578650330422,0.36192175968356566,488,41462,3189.3846153846152,2934.9060898792413,13,0.368,47,38,0.9807692307692308,0.4648371261173345,0.1111111111111111,High
MEM,2015-16,5479,Mike Conley,4319.5,8639,"['Mike Conley', 'Matt Barnes']",3927.3333333333335,11782,0.24758246723904204,0.3903750564844103,2319,22130,1702.3076923076924,1562.3844162377466,13,0.5,39,39,0.8589743589743589,0.464639021168619,0.1527777777777778,Low
MEM,2016-17,9152,Mike Conley,8568.5,17137,"['Mike Conley', 'Marc Gasol']",7400.333333333333,22201,0.1935620320629415,0.36244236707415084,1167,47282,3377.285714285714,2573.7129248966794,14,0.493,40,37,0.9945054945054944,0.3886407995794231,0.0887573964497041,Elite
MEM,2017-18,7684,Marc Gasol,6435.0,12870,"['Marc Gasol', 'Tyreke Evans']",5894.666666666667,17684,0.18657731157731158,0.3125,2498,41184,3168.0,2001.183441533201,13,0.288,22,60,0.9935897435897436,0.3307109557109557,0.0069444444444444,High
MEM,2018-19,4778,Mike Conley,4004.0,8008,"['Mike Conley', 'Delon Wright']",3331.3333333333335,9994,0.19184132337589335,0.32152894884766725,1548,24906,1556.625,1092.2099233511233,16,0.229,45,57,0.8291666666666667,0.3301413314060868,0.1822222222222222,Low
MEM,2019-20,6641,Ja Morant,5537.5,11075,"['Ja Morant', 'Jonas Valančiūnas']",4974.0,14922,0.2022844958879074,0.33734389278099297,2207,32830,2525.3846153846152,1836.1602843280293,13,0.317,34,43,0.9615384615384616,0.3816162515522857,0.0416666666666666,Medium
MEM,2020-21,6819,Ja Morant,5521.0,11042,"['Ja Morant', 'Tyus Jones']",5081.0,15243,0.18607760737870435,0.30131528679801345,2596,36646,3053.8333333333335,1629.4536079944285,12,0.5,36,34,1.0075757575757576,0.2740863031890702,0.0909090909090909,Medium
MEM,2021-22,6375,Ja Morant,6260.0,12520,"['Ja Morant', 'Desmond Bane']",5975.333333333333,17926,0.1486637750104939,0.2919639942166877,230,42882,3063.0,1931.7695355454641,14,0.667,53,25,0.9945054945054944,0.3441070845576232,0.0059171597633136,Medium
MEM,2022-23,7064,Tyus Jones,6894.5,13789,"['Tyus Jones', 'Ja Morant']",6319.666666666667,18959,0.16867239732569245,0.3292502387774594,339,41880,2991.4285714285716,2064.337469216985,14,0.629,51,30,0.9615384615384616,0.361560240141902,0.0414201183431952,Medium
MEM,2023-24,3572,Jaren Jackson Jr.,3224.0,6448,"['Jaren Jackson Jr.', 'Santi Aldama']",3045.0,9135,0.14100742144323386,0.2545397126164535,696,25332,1688.8,915.8346076510915,15,0.333,30,44,0.9666666666666668,0.2951997473551239,0.0357142857142857,Low
MIA,2015-16,9506,Goran Dragic,7722.0,15444,"['Goran Dragic', 'Dwyane Wade']",6770.666666666667,20312,0.2217711832773423,0.3603023516237402,3568,42864,3297.230769230769,2434.9638995902365,13,0.383,46,50,0.967948717948718,0.371812817641485,0.125,Elite
MIA,2016-17,8650,Goran Dragic,7236.0,14472,"['Goran Dragic', 'James Johnson']",6758.666666666667,20276,0.21003302253302253,0.3513986013986014,2828,41184,3432.0,2300.483427456064,12,0.273,40,38,0.9848484848484848,0.3441344535094535,0.1157024793388429,Elite
MIA,2017-18,8973,Goran Dragic,7773.0,15546,"['Goran Dragic', 'Josh Richardson']",6948.333333333333,20845,0.19271079420987072,0.33387741076414246,2400,46562,3581.6923076923076,2485.9022300637444,13,0.3,44,37,0.9423076923076924,0.3718615047595761,0.0625,Elite
MIA,2018-19,6103,Josh Richardson,5802.0,11604,"['Josh Richardson', 'Justise Winslow']",5552.0,16656,0.16885236830455955,0.32104913678618857,602,36144,3285.818181818182,1822.144605577824,11,0.455,39,43,0.9636363636363636,0.2982866513743007,0.04,Low
MIA,2019-20,6327,Bam Adebayo,6017.0,12034,"['Bam Adebayo', 'Jimmy Butler III']",5782.666666666667,17348,0.171,0.3252432432432432,620,37000,3083.3333333333335,1997.8390295213444,12,0.627,44,36,0.9696969696969696,0.3523603603603603,0.0330578512396694,Medium
MIA,2020-21,5427,Bam Adebayo,5248.0,10496,"['Bam Adebayo', 'Jimmy Butler III']",4782.0,14346,0.1614409804854831,0.3122322703474536,358,33616,2401.1428571428573,1778.8456437183706,14,0.359,40,32,0.945054945054945,0.400974025974026,0.059171597633136,Low
MIA,2021-22,7884,Kyle Lowry,6792.5,13585,"['Kyle Lowry', 'Tyler Herro']",6372.0,19116,0.17900281536645174,0.30844155844155846,2183,44044,3670.3333333333335,2161.380507215168,12,0.667,52,27,0.9696969696969696,0.3189083643629098,0.0330578512396694,High
MIA,2022-23,6133,Bam Adebayo,6032.0,12064,"['Bam Adebayo', 'Tyler Herro']",5912.333333333333,17737,0.1432274638019617,0.2817375058383933,202,42820,3568.3333333333335,2077.166397384726,12,0.452,42,38,0.9696969696969696,0.3146310135450724,0.0330578512396694,Low
MIA,2023-24,5339,Bam Adebayo,4990.0,9980,"['Bam Adebayo', 'Jimmy Butler III']",4637.666666666667,13913,0.14479036719639854,0.27065140749579647,698,36874,2633.8571428571427,1490.7680445452816,14,0.563,44,39,0.9505494505494504,0.3094282459960173,0.0532544378698224,Low
MIL,2015-16,7606,Giannis Antetokounmpo,7044.5,14089,"['Giannis Antetokounmpo', 'Khris Middleton']",6719.666666666667,20159,0.16446827833758595,0.30465337542706394,1123,46246,3557.3846153846152,2197.2018014761998,13,0.37,33,48,1.0128205128205128,0.3292126720315104,0.0763888888888889,High
MIL,2016-17,8881,Giannis Antetokounmpo,7692.0,15384,"['Giannis Antetokounmpo', 'Malcolm Brogdon']",7277.666666666667,21833,0.20300356587729726,0.35165036115936726,2378,43748,3124.8571428571427,2571.053266873112,14,0.5,42,39,0.8571428571428571,0.4274709701014904,0.1538461538461538,Elite
MIL,2017-18,7852,Giannis Antetokounmpo,7750.0,15500,"['Giannis Antetokounmpo', 'Eric Bledsoe']",7443.666666666667,22331,0.1966244303100115,0.3881404317123253,204,39934,3327.8333333333335,2637.6828961431393,12,0.541,44,39,0.946969696969697,0.4051643545182885,0.0578512396694214,High
MIL,2018-19,7595,Giannis Antetokounmpo,7035.5,14071,"['Giannis Antetokounmpo', 'Eric Bledsoe']",6652.333333333333,19957,0.17537175579569594,0.32490532926941906,1119,43308,2706.75,2323.152556333742,16,0.741,60,32,0.8791666666666667,0.4522605523228964,0.1288888888888889,High
MIL,2019-20,6278,Giannis Antetokounmpo,5636.5,11273,"['Giannis Antetokounmpo', 'Khris Middleton']",5410.666666666667,16232,0.1679777385348103,0.3016267993792476,1283,37374,2874.923076923077,1749.8231082759223,13,0.362,53,37,0.9871794871794872,0.3280519983040452,0.0138888888888888,Medium
MIL,2020-21,5313,Khris Middleton,5288.0,10576,"['Khris Middleton', 'Jrue Holiday']",5177.0,15531,0.18589923023093072,0.37004898530440866,50,28580,2598.181818181818,1945.0119700496355,11,0.667,46,28,0.8363636363636363,0.4011133023729245,0.18,Low
MIL,2021-22,6376,Jrue Holiday,5954.0,11908,"['Jrue Holiday', 'Giannis Antetokounmpo']",5800.333333333333,17401,0.2009834825368806,0.3753625015760938,844,31724,2643.6666666666665,2132.648815369509,12,0.667,47,28,0.9621212121212122,0.4279094691716051,0.0413223140495867,Medium
MIL,2022-23,6787,Jrue Holiday,6226.0,12452,"['Jrue Holiday', 'Giannis Antetokounmpo']",5535.666666666667,16607,0.19672463768115941,0.36092753623188406,1122,34500,2875.0,1990.577348865947,12,0.746,57,31,1.0075757575757576,0.3699130434782609,0.0909090909090909,Medium
MIL,2023-24,8465,Damian Lillard,7777.5,15555,"['Damian Lillard', 'Giannis Antetokounmpo']",6379.666666666667,19139,0.2247981729339282,0.41308158062460165,1375,37656,2896.6153846153848,2481.79855946118,13,0.625,49,34,0.9935897435897436,0.431485022307202,0.0069444444444444,Elite
MIN,2015-16,9022,Ricky Rubio,7199.5,14399,"['Ricky Rubio', 'Zach LaVine']",6517.666666666667,19553,0.2415916880891174,0.3855773350471294,3645,37344,3734.4,2392.470791648017,10,0.354,29,53,1.011111111111111,0.3222150814053127,0.1111111111111111,Elite
MIN,2016-17,10059,Ricky Rubio,8571.0,17142,"['Ricky Rubio', 'Karl-Anthony Towns']",7480.333333333333,22441,0.22948987041430918,0.39108413944150394,2976,43832,3984.7272727272725,2812.5646691555057,11,0.378,31,51,1.0,0.369310922696577,0.11,Elite
MIN,2017-18,8618,Jeff Teague,7951.0,15902,"['Jeff Teague', 'Karl-Anthony Towns']",7038.333333333333,21115,0.19328070332824976,0.35664304297120303,1334,44588,4458.8,2415.7787702243486,10,0.573,47,35,0.9888888888888888,0.2848793397326635,0.0123456790123456,Elite
MIN,2018-19,6770,Karl-Anthony Towns,6361.5,12723,"['Karl-Anthony Towns', 'Tyus Jones']",5796.0,17388,0.15636548410938655,0.2938608647450111,817,43296,3092.5714285714284,1909.4290614367794,14,0.333,39,43,0.9725274725274724,0.3365965843099989,0.029585798816568,Medium
MIN,2019-20,1874,Jordan McLaughlin,1867.0,3734,"['Jordan McLaughlin', ""D'Angelo Russell""]",1739.3333333333333,5218,0.14491184658212186,0.28874110733065267,14,12932,923.7142857142857,563.5106208229085,14,0.135,30,44,0.7527472527472527,0.3277362909283726,0.2662721893491124,Low
MIN,2020-21,6861,Ricky Rubio,6037.5,12075,"['Ricky Rubio', 'Anthony Edwards']",5575.0,16725,0.16124559341950645,0.28378378378378377,1647,42550,2836.6666666666665,1798.3897427050306,15,0.206,23,49,0.9761904761904762,0.3387450058754406,0.0255102040816326,Medium
MIN,2021-22,7757,D'Angelo Russell,6953.0,13906,"[""D'Angelo Russell"", 'Anthony Edwards']",6645.0,19935,0.17921999907582828,0.32128829536527886,1608,43282,3606.8333333333335,2110.037476329544,12,0.469,46,35,0.9924242424242424,0.3044645195077245,0.0082644628099173,High
MIN,2022-23,5631,Anthony Edwards,4975.0,9950,"['Anthony Edwards', 'Kyle Anderson']",4301.333333333333,12904,0.17858048966129647,0.3155524546492452,1312,31532,2425.5384615384614,1407.2757734588138,13,0.36,41,39,0.9743589743589745,0.2997004264288293,0.0277777777777777,Low
MIN,2023-24,8038,Mike Conley,7693.0,15386,"['Mike Conley', 'Anthony Edwards']",6664.666666666667,19994,0.18917392327606497,0.36210873146622735,690,42490,4249.0,2129.8464733402734,10,0.697,56,26,1.0,0.2578771475641327,0.0,High
NOP,2015-16,6550,Jrue Holiday,5635.5,11271,"['Jrue Holiday', 'Anthony Davis']",5041.333333333333,15124,0.16269249875807254,0.2799552906110283,1829,40260,2684.0,1583.7927353575747,15,0.311,29,52,0.9333333333333332,0.3113164431197218,0.1479591836734693,Medium
NOP,2016-17,6686,Jrue Holiday,6142.0,12284,"['Jrue Holiday', 'Anthony Davis']",5676.0,17028,0.235240306804588,0.4322004081345437,1088,28422,2583.818181818182,2204.0283490999755,11,0.3,34,46,0.9272727272727272,0.4458134223808701,0.19,Medium
NOP,2017-18,8399,Jrue Holiday,7663.0,15326,"['Jrue Holiday', 'Rajon Rondo']",7066.333333333333,21199,0.21985759907858227,0.4011831841264855,1472,38202,2938.6153846153848,2794.5722552375682,13,0.585,48,34,0.9166666666666666,0.5047379718339354,0.1805555555555555,High
NOP,2018-19,7140,Jrue Holiday,6041.5,12083,"['Jrue Holiday', 'Julius Randle']",5549.333333333333,16648,0.18827127940090707,0.31861090602257147,2197,37924,2708.8571428571427,1873.4137847232812,14,0.318,31,42,0.9615384615384616,0.3538580921240978,0.0414201183431952,Medium
NOP,2019-20,8091,Lonzo Ball,7570.0,15140,"['Lonzo Ball', 'Jrue Holiday']",6851.333333333333,20554,0.18064300066979236,0.33802187988390264,1042,44790,3199.285714285714,2147.1829282742838,14,0.433,28,39,0.945054945054945,0.3294772430070488,0.059171597633136,High
NOP,2020-21,6377,Lonzo Ball,5748.5,11497,"['Lonzo Ball', 'Brandon Ingram']",5529.0,16587,0.16659700088823867,0.30035529546998274,1257,38278,2734.1428571428573,1905.9084188645847,14,0.426,31,40,0.9395604395604396,0.3752136624543751,0.0650887573964497,Medium
NOP,2021-22,5736,Devonte' Graham,5325.0,10650,"[""Devonte' Graham"", 'Jonas Valančiūnas']",4894.666666666667,14684,0.17436770428015563,0.32374756809338523,822,32896,2349.714285714286,1649.727922955849,14,0.25,36,42,0.956043956043956,0.3728286548082268,0.0473372781065088,Low
NOP,2022-23,8369,CJ McCollum,6621.5,13243,"['CJ McCollum', 'Jonas Valančiūnas']",5749.0,17247,0.19954697186456843,0.31576061039580355,3495,41940,3226.153846153846,2030.945134912719,13,0.369,40,41,0.9743589743589745,0.3181504713693555,0.0277777777777777,High
NOP,2023-24,6593,CJ McCollum,6221.0,12442,"['CJ McCollum', 'Zion Williamson']",6087.333333333333,18262,0.14709950914770192,0.277599286033021,744,44820,3735.0,1842.1150886956004,12,0.557,49,33,0.9848484848484848,0.2659564182656552,0.0165289256198347,Medium
NYK,2015-16,8506,Jose Calderon,7565.5,15131,"['Jose Calderon', 'Carmelo Anthony']",7072.666666666667,21218,0.15598180884618207,0.27747010929362576,1881,54532,4544.333333333333,2089.688769055132,12,0.39,32,50,1.0303030303030305,0.2487346878896794,0.0661157024793388,Elite
NYK,2016-17,7656,Derrick Rose,6438.0,12876,"['Derrick Rose', 'Carmelo Anthony']",5788.333333333333,17365,0.1961367013372957,0.3298662704309064,2436,39034,3002.6153846153848,1963.2811625126249,13,0.269,31,51,1.0128205128205128,0.3353329050413643,0.0763888888888889,High
NYK,2017-18,6194,Jarrett Jack,5648.5,11297,"['Jarrett Jack', 'Frank Ntilikina']",5202.0,15606,0.14537858517579683,0.2651504482936676,1091,42606,3043.285714285714,1732.6261272136285,14,0.333,29,50,0.9285714285714286,0.3087794475627175,0.0769230769230769,Low
NYK,2018-19,4680,Emmanuel Mudiay,3871.0,7742,"['Emmanuel Mudiay', 'Noah Vonleh']",3594.6666666666665,10784,0.16122364613476645,0.26670800606311146,1618,29028,2232.923076923077,1110.1368130053806,13,0.152,25,61,0.9743589743589745,0.2617737781028397,0.0277777777777777,Low
NYK,2019-20,5062,Julius Randle,4994.0,9988,"['Julius Randle', 'Elfrid Payton']",4747.0,14241,0.1533939393939394,0.30266666666666664,136,33000,2200.0,1588.4166419964972,15,0.328,39,45,0.8333333333333334,0.3895515151515151,0.1020408163265306,Low
NYK,2020-21,7730,Julius Randle,6401.0,12802,"['Julius Randle', 'Elfrid Payton']",5749.666666666667,17249,0.2148535215965312,0.35582856189893824,2658,35978,2998.1666666666665,2033.7370811271342,12,0.484,41,31,0.9696969696969696,0.3502696092056256,0.0330578512396694,High
NYK,2021-22,7537,Julius Randle,6963.0,13926,"['Julius Randle', 'Alec Burks']",6409.333333333333,19228,0.17605699602896518,0.3252978276103714,1148,42810,3057.8571428571427,2277.3888508601203,14,0.444,37,44,0.9395604395604396,0.4023659358627824,0.0650887573964497,High
NYK,2022-23,8680,Jalen Brunson,7932.5,15865,"['Jalen Brunson', 'Julius Randle']",7417.333333333333,22252,0.19908256880733946,0.36387614678899083,1495,43600,2906.6666666666665,2666.481380467704,15,0.548,47,35,0.7285714285714285,0.4756758409785933,0.1377551020408163,Elite
NYK,2023-24,9022,Jalen Brunson,7260.0,14520,"['Jalen Brunson', 'Josh Hart']",6525.333333333333,19576,0.24572393506917964,0.39546791589497765,3524,36716,2824.3076923076924,2551.1399865098015,13,0.667,50,48,0.8653846153846154,0.4588651353004768,0.2361111111111111,Elite
OKC,2015-16,10111,Russell Westbrook,8049.5,16099,"['Russell Westbrook', 'Kevin Durant']",6741.333333333333,20224,0.2662611260336019,0.42394796439669247,4123,37974,3164.5,2667.7108845668345,12,0.457,55,44,1.0303030303030305,0.4016563964818033,0.0661157024793388,Elite
OKC,2016-17,10035,Russell Westbrook,6967.5,13935,"['Russell Westbrook', 'Victor Oladipo']",5774.333333333333,17323,0.29210572276881874,0.405629621004832,6135,34354,2862.8333333333335,2542.4206015432446,12,0.568,47,37,1.0075757575757576,0.4036647843045933,0.0909090909090909,Elite
OKC,2017-18,10783,Russell Westbrook,8253.0,16506,"['Russell Westbrook', 'Paul George']",7137.666666666667,21413,0.2722704777295223,0.4167760832239168,5060,39604,3300.3333333333335,2944.6001529250216,12,0.585,48,40,0.9545454545454546,0.4421144328855671,0.0495867768595041,Elite
OKC,2018-19,9453,Russell Westbrook,7876.5,15753,"['Russell Westbrook', 'Dennis Schröder']",7094.0,21282,0.24686618614854278,0.41139141335004703,3153,38292,2945.5384615384614,2813.8333762379693,13,0.595,48,34,0.9615384615384616,0.4801163528835105,0.0416666666666666,Elite
OKC,2019-20,7690,Chris Paul,7428.5,14857,"['Chris Paul', 'Dennis Schröder']",6948.666666666667,20846,0.19498960393529083,0.3767178863025508,523,39438,3286.5,2526.3660391234607,12,0.543,44,27,0.9772727272727272,0.399420186960123,0.024793388429752,High
OKC,2020-21,4813,Theo Maledon,3857.0,7714,"['Theo Maledon', 'Darius Bazley']",3504.3333333333335,10513,0.19500040515355319,0.31253545093590474,1912,24682,1898.6153846153845,1274.4038827664706,13,0.095,22,53,0.782051282051282,0.3527765484657146,0.1458333333333333,Low
OKC,2021-22,6723,Shai Gilgeous-Alexander,6390.5,12781,"['Shai Gilgeous-Alexander', 'Josh Giddey']",5571.666666666667,16715,0.1480510900682669,0.2814578286720987,665,45410,2671.176470588235,1656.5214017367132,17,0.275,19,50,0.9191176470588236,0.3153049988989209,0.0859375,Medium
OKC,2022-23,7665,Josh Giddey,6918.5,13837,"['Josh Giddey', 'Shai Gilgeous-Alexander']",6142.0,18426,0.19681096903404713,0.3552868073743132,1493,38946,2781.8571428571427,2059.1040193825474,14,0.372,37,42,0.978021978021978,0.3709165071050759,0.0236686390532544,High
OKC,2023-24,7420,Shai Gilgeous-Alexander,6747.5,13495,"['Shai Gilgeous-Alexander', 'Josh Giddey']",6431.666666666667,19295,0.18659156062968366,0.3393602575064125,1345,39766,2840.4285714285716,2396.0902998999695,14,0.695,57,36,0.9505494505494504,0.4483262801675516,0.0532544378698224,High
ORL,2015-16,7077,Elfrid Payton,6295.0,12590,"['Elfrid Payton', 'Victor Oladipo']",5772.666666666667,17318,0.17998474059003053,0.32019328585961343,1564,39320,3024.6153846153848,1898.1002580853283,13,0.418,35,46,0.9935897435897436,0.3309922529149385,0.0069444444444444,Medium
ORL,2016-17,8154,Elfrid Payton,7150.0,14300,"['Elfrid Payton', 'Nikola Vučević']",6328.666666666667,18986,0.20932381783642245,0.36709965600451816,2008,38954,3541.2727272727275,2189.640065897091,11,0.308,39,53,1.018181818181818,0.3232624027407618,0.09,High
ORL,2017-18,6477,D.J. Augustin,5542.5,11085,"['D.J. Augustin', 'Shelvin Mack']",5098.666666666667,15296,0.1765042511445389,0.3020765206017005,1869,36696,2621.1428571428573,1690.8805560846265,14,0.304,25,57,0.989010989010989,0.34208477373945,0.0946745562130177,Medium
ORL,2018-19,7803,D.J. Augustin,7431.5,14863,"['D.J. Augustin', 'Nikola Vučević']",6603.666666666667,19811,0.1921258679273157,0.3659575515831979,743,40614,3384.5,2356.4013587749355,12,0.519,42,39,0.9393939393939394,0.3696795850363585,0.0661157024793388,High
ORL,2019-20,6746,Markelle Fultz,6162.5,12325,"['Markelle Fultz', 'Nikola Vučević']",5708.666666666667,17126,0.18216677468135667,0.3328202635558436,1167,37032,2848.6153846153848,1973.1399062771977,13,0.484,42,39,0.9615384615384616,0.3689864898549279,0.0416666666666666,Medium
ORL,2020-21,2520,Cole Anthony,2179.0,4358,"['Cole Anthony', 'Chuma Okeke']",2034.6666666666667,6104,0.1507177033492823,0.26064593301435407,682,16720,1194.2857142857142,653.0607733024344,14,0.333,21,51,0.8516483516483516,0.2929084073820916,0.1597633136094674,Low
ORL,2021-22,7621,Cole Anthony,6165.0,12330,"['Cole Anthony', 'Wendell Carter Jr.']",5662.0,16986,0.1926733073772564,0.31172574202356274,2912,39554,3042.6153846153848,1947.2551424360367,13,0.214,21,58,1.0,0.3337093204616084,0.0,High
ORL,2022-23,5848,Markelle Fultz,5736.5,11473,"['Markelle Fultz', 'Paolo Banchero']",5644.333333333333,16933,0.1607034899697719,0.3152789227809838,223,36390,2599.285714285714,2019.186105209851,14,0.296,33,47,0.978021978021978,0.4168099556393043,0.0236686390532544,Low
ORL,2023-24,8247,Paolo Banchero,6970.5,13941,"['Paolo Banchero', 'Franz Wagner']",6409.333333333333,19228,0.19054990757855822,0.3221118299445471,2553,43280,3329.230769230769,2107.2947964094533,13,0.575,47,34,0.9807692307692308,0.3257606995592208,0.0208333333333333,High
PHI,2015-16,7392,Ish Smith,7315.5,14631,"['Ish Smith', 'T.J. McConnell']",6602.666666666667,19808,0.15675629824412587,0.3102680464840105,153,47156,3929.6666666666665,2058.9282442939857,12,0.13,16,71,1.0151515151515151,0.2796568835354991,0.0826446280991735,High
PHI,2016-17,8636,T.J. McConnell,7442.0,14884,"['T.J. McConnell', 'Dario Šarić']",7012.666666666667,21038,0.20515013302926643,0.35357278601292286,2388,42096,3826.909090909091,2301.22325968366,11,0.333,28,54,0.9727272727272728,0.3085976642133997,0.14,Elite
PHI,2017-18,11838,Ben Simmons,9026.0,18052,"['Ben Simmons', 'Dario Šarić']",8078.0,24234,0.23386013433425523,0.3566179375740814,5624,50620,3893.846153846154,3152.7741447322715,13,0.488,51,41,0.9615384615384616,0.4022763881712913,0.0416666666666666,Elite
PHI,2018-19,7795,Ben Simmons,6671.0,13342,"['Ben Simmons', 'Joel Embiid']",5884.666666666667,17654,0.2353136509086518,0.4027651995411459,2248,33126,2366.1428571428573,2292.0225484574453,14,0.446,50,36,0.912087912087912,0.4940055717994497,0.0946745562130177,High
PHI,2019-20,7558,Ben Simmons,6578.5,13157,"['Ben Simmons', 'Tobias Harris']",6111.666666666667,18335,0.19043539608949808,0.33151078411610563,1959,39688,3052.923076923077,2065.5838747409275,13,0.274,43,45,0.9807692307692308,0.354658645124277,0.0208333333333333,High
PHI,2020-21,7380,Ben Simmons,6357.0,12714,"['Ben Simmons', 'Tobias Harris']",5814.333333333333,17443,0.18250160739898116,0.31440724071417975,2046,40438,2888.4285714285716,2119.7937749582265,14,0.667,46,27,0.7527472527472527,0.3972430457914409,0.2662721893491124,Medium
PHI,2021-22,7883,Tyrese Maxey,6869.5,13739,"['Tyrese Maxey', 'Joel Embiid']",6369.666666666667,19109,0.21996205145376416,0.38336402701043587,2027,35838,2986.5,2325.209296542415,12,0.542,48,30,0.9545454545454546,0.4074167085216809,0.0495867768595041,High
PHI,2022-23,8499,James Harden,7305.0,14610,"['James Harden', 'Tyrese Maxey']",6890.666666666667,20672,0.19514603232916972,0.33546105804555476,2388,43552,3350.153846153846,2625.5280055052367,13,0.388,52,49,0.935897435897436,0.422359831571808,0.0694444444444444,Elite
PHI,2023-24,8239,Tyrese Maxey,6318.5,12637,"['Tyrese Maxey', 'Tobias Harris']",5310.666666666667,15932,0.23581773427213923,0.3616978647890549,3841,34938,2495.5714285714284,1973.1621522624234,14,0.526,47,38,0.9175824175824177,0.369115085498393,0.0887573964497041,High
PHX,2015-16,6207,Brandon Knight,5358.0,10716,"['Brandon Knight', 'Devin Booker']",5002.0,15006,0.14388706013259772,0.2484120728823775,1698,43138,3081.285714285714,1698.8766618233096,14,0.14,29,59,0.978021978021978,0.2937880423623851,0.1065088757396449,Low
PHX,2016-17,7672,Eric Bledsoe,6749.5,13499,"['Eric Bledsoe', 'Devin Booker']",5854.0,17562,0.1884919659967569,0.3316544641540956,1845,40702,3130.923076923077,1987.7853867029369,13,0.219,24,58,0.967948717948718,0.3321137120459021,0.0347222222222222,High
PHX,2017-18,5980,Tyler Ulis,5272.0,10544,"['Tyler Ulis', 'Devin Booker']",4854.333333333333,14563,0.169645390070922,0.29912056737588655,1416,35250,2517.8571428571427,1562.189925277129,14,0.095,21,61,0.967032967032967,0.3306301925025329,0.0355029585798816,Low
PHX,2018-19,6294,Devin Booker,5167.5,10335,"['Devin Booker', 'Mikal Bridges']",4731.333333333333,14194,0.158515085881227,0.26028811766483656,2253,39706,3054.3076923076924,1348.163280455758,13,0.132,26,63,0.967948717948718,0.2274796678665111,0.0347222222222222,Medium
PHX,2019-20,7832,Ricky Rubio,6754.5,13509,"['Ricky Rubio', 'Devin Booker']",5718.666666666667,17156,0.20636593591905564,0.35594962057335583,2155,37952,2919.3846153846152,1928.5793795114898,13,0.393,34,39,1.0,0.321742443896744,0.0,High
PHX,2020-21,8633,Chris Paul,6931.5,13863,"['Chris Paul', 'Devin Booker']",6023.0,18069,0.21577105723569107,0.3464883779055236,3403,40010,2857.8571428571427,2239.008532540957,14,0.7,51,21,0.989010989010989,0.4011854179312314,0.0118343195266272,Elite
PHX,2021-22,7242,Chris Paul,6142.0,12284,"['Chris Paul', 'Devin Booker']",5485.333333333333,16456,0.1871511267314451,0.31744883192061196,2200,38696,2976.6153846153848,1871.5243136038218,13,0.78,64,42,0.9743589743589745,0.3322704791590464,0.0277777777777777,Medium
PHX,2022-23,5661,Chris Paul,4934.5,9869,"['Chris Paul', 'Devin Booker']",4440.333333333333,13321,0.17428114032387168,0.3038298134351333,1453,32482,2030.125,1505.8546576612232,16,0.541,44,36,0.9458333333333332,0.3937373006588264,0.1288888888888889,Low
PHX,2023-24,6706,Kevin Durant,6687.5,13375,"['Kevin Durant', 'Devin Booker']",6221.333333333333,18664,0.18018163254339298,0.3593691224676232,37,37218,2862.923076923077,2487.1635270436905,13,0.632,48,41,0.9423076923076924,0.4663624300896588,0.0625,Medium
POR,2015-16,10174,Damian Lillard,9222.5,18445,"['Damian Lillard', 'CJ McCollum']",7657.0,22971,0.24069079725573692,0.43636148568724864,1903,42270,3842.7272727272725,2931.0920862678163,11,0.531,44,38,0.8454545454545455,0.3735595844893219,0.17,Elite
POR,2016-17,8099,Damian Lillard,7213.5,14427,"['Damian Lillard', 'CJ McCollum']",5993.0,17979,0.2457519116397621,0.43776550552251486,1771,32956,3295.6,2234.5976122982156,10,0.494,40,40,0.9888888888888888,0.3299247481490472,0.0123456790123456,High
POR,2017-18,8690,Damian Lillard,7670.5,15341,"['Damian Lillard', 'CJ McCollum']",6932.0,20796,0.21571839936451195,0.38082116969516433,2039,40284,4028.4,2281.3959274483195,10,0.608,49,33,1.0444444444444445,0.2926819580975077,0.074074074074074,Elite
POR,2018-19,9766,Damian Lillard,7561.5,15123,"['Damian Lillard', 'Jusuf Nurkić']",6768.333333333333,20305,0.23518928812253154,0.3641990174356998,4409,41524,3460.3333333333335,2507.81213350795,12,0.662,52,43,0.9772727272727272,0.3555052499759175,0.024793388429752,Elite
POR,2019-20,6529,Damian Lillard,5889.0,11778,"['Damian Lillard', 'CJ McCollum']",5044.333333333333,15133,0.25263117164525617,0.4557344064386318,1280,25844,2349.4545454545455,1982.8811040320275,11,0.381,34,38,0.9545454545454546,0.425954327362778,0.05,Medium
POR,2020-21,7266,Damian Lillard,5749.5,11499,"['Damian Lillard', 'CJ McCollum']",5092.0,15276,0.26217796059753196,0.4149166486252436,3033,27714,2771.4,1923.0775797605718,10,0.464,42,37,0.9777777777777776,0.3411200115465108,0.0246913580246913,Medium
POR,2021-22,3447,Anfernee Simons,3131.5,6263,"['Anfernee Simons', 'Jusuf Nurkić']",2750.3333333333335,8251,0.14095853439110165,0.2561135192606527,631,24454,1287.0526315789473,880.0077318905411,19,0.5,28,52,0.6345029239766082,0.3660664706667298,0.2685185185185185,Low
POR,2022-23,6541,Damian Lillard,6109.0,12218,"['Damian Lillard', 'Anfernee Simons']",5358.333333333333,16075,0.1944411414982164,0.3631985731272295,864,33640,2402.8571428571427,1869.901636949958,14,0.19,38,51,0.934065934065934,0.402012909801257,0.0710059171597633,Medium
POR,2023-24,6187,Scoot Henderson,5521.5,11043,"['Scoot Henderson', 'Anfernee Simons']",4823.0,14469,0.16370323331745779,0.29218923638672806,1331,37794,2362.125,1627.0479966286591,16,0.25,24,54,0.825,0.3633215589776155,0.1155555555555555,Low
SAC,2015-16,10620,Rajon Rondo,8785.0,17570,"['Rajon Rondo', 'Darren Collison']",7782.333333333333,23347,0.23626251390433817,0.39087875417130147,3670,44950,3745.8333333333335,2856.1259786747164,12,0.356,32,46,1.0378787878787878,0.3813978494623656,0.0578512396694214,Elite
SAC,2016-17,5564,Darren Collison,5185.5,10371,"['Darren Collison', 'Ty Lawson']",4467.666666666667,13403,0.17291317048915408,0.32230095096028344,757,32178,2298.4285714285716,1390.4999496188807,14,0.273,31,51,0.956043956043956,0.3028733029665343,0.1301775147928994,Low
SAC,2017-18,7560,De'Aaron Fox,6359.0,12718,"[""De'Aaron Fox"", 'Bogdan Bogdanović']",5709.0,17127,0.18503108326398746,0.3112731900729355,2402,40858,3404.8333333333335,1766.0870375614063,12,0.273,27,53,1.0303030303030305,0.2622660596863935,0.0661157024793388,High
SAC,2018-19,8929,De'Aaron Fox,7273.5,14547,"[""De'Aaron Fox"", 'Buddy Hield']",6525.666666666667,19577,0.2266243654822335,0.36921319796954316,3311,39400,2814.285714285714,2478.671276451014,14,0.481,39,45,0.967032967032967,0.4554133430021755,0.1183431952662721,Elite
SAC,2019-20,5532,De'Aaron Fox,5228.5,10457,"[""De'Aaron Fox"", 'Buddy Hield']",5112.666666666667,15338,0.16640596799422452,0.31455300204548187,607,33244,2770.3333333333335,2001.151320130641,12,0.431,32,41,0.9318181818181818,0.3870021658043556,0.0743801652892562,Low
SAC,2020-21,7039,De'Aaron Fox,6048.5,12097,"[""De'Aaron Fox"", 'Buddy Hield']",5430.0,16290,0.22684498872059297,0.3898485336770867,1981,31030,2386.923076923077,2092.2505610601256,13,0.431,31,42,0.903846153846154,0.4518356925060116,0.1041666666666666,Medium
SAC,2021-22,5264,De'Aaron Fox,4716.0,9432,"[""De'Aaron Fox"", 'Davion Mitchell']",4261.666666666667,12785,0.19210276622144368,0.34420845193781474,1096,27402,1826.8,1416.0650307908077,15,0.339,28,56,0.8428571428571429,0.3896649879570834,0.1683673469387755,Low
SAC,2022-23,9015,Domantas Sabonis,8700.0,17400,"['Domantas Sabonis', ""De'Aaron Fox""]",7361.666666666667,22085,0.20252965492451475,0.3909058231488138,630,44512,4046.5454545454545,2739.412249503034,11,0.588,48,34,1.0,0.3535471537807986,0.0,Elite
SAC,2023-24,10695,Domantas Sabonis,9562.5,19125,"['Domantas Sabonis', ""De'Aaron Fox""]",8127.333333333333,24382,0.23864244912531238,0.42674491253123886,2265,44816,4074.181818181818,3056.1750544817232,11,0.561,46,36,1.0,0.3786228944208237,0.0,Elite
SAS,2015-16,8046,Tony Parker,7005.0,14010,"['Tony Parker', 'Patty Mills']",6459.333333333333,19378,0.16223736742347863,0.28249385006250755,2082,49594,3542.4285714285716,2197.8752926855977,14,0.436,66,31,1.0,0.3360890430293987,0.0828402366863905,High
SAS,2016-17,6808,Patty Mills,6505.0,13010,"['Patty Mills', 'Tony Parker']",6144.666666666667,18434,0.14790996784565916,0.2826540366733293,606,46028,3835.6666666666665,1749.3459210559674,12,0.73,60,21,1.0378787878787878,0.249065786043278,0.0578512396694214,Medium
SAS,2017-18,6148,Dejounte Murray,6118.5,12237,"['Dejounte Murray', 'Patty Mills']",6038.666666666667,18116,0.13527547966907236,0.2692527723992255,59,45448,4131.636363636364,1525.2906131440834,11,0.6,47,35,1.0,0.1985365892688547,0.0,Low
SAS,2018-19,6497,DeMar DeRozan,6164.0,12328,"['DeMar DeRozan', 'LaMarcus Aldridge']",5899.666666666667,17699,0.15576600335650923,0.2955646128026852,666,41710,4171.0,1578.1795419617713,10,0.585,48,34,1.0,0.2047950131862862,0.0,Medium
SAS,2019-20,5873,DeMar DeRozan,5608.5,11217,"['DeMar DeRozan', 'Dejounte Murray']",5424.333333333333,16273,0.15871257161387958,0.30312939141714407,529,37004,3083.6666666666665,1684.7762912372525,12,0.429,32,38,0.9696969696969696,0.2924368536734767,0.0330578512396694,Low
SAS,2020-21,6482,Dejounte Murray,5811.5,11623,"['Dejounte Murray', 'DeMar DeRozan']",5087.0,15261,0.2006811145510836,0.3598452012383901,1341,32300,2484.6153846153848,1897.2773272271654,13,0.464,32,37,0.7948717948717948,0.4080161943319838,0.1319444444444444,Medium
SAS,2021-22,7150,Dejounte Murray,5637.5,11275,"['Dejounte Murray', 'Jakob Poeltl']",5100.0,15300,0.22569444444444445,0.3559027777777778,3025,31680,2436.923076923077,1872.8455382802956,13,0.44,38,43,0.9615384615384616,0.3860771173271173,0.0868055555555555,Medium
SAS,2022-23,5300,Tre Jones,4428.5,8857,"['Tre Jones', 'Keldon Johnson']",3873.0,11619,0.1804808281686304,0.3016073009602942,1743,29366,1957.7333333333333,1270.0194299226102,15,0.097,31,51,0.9904761904761904,0.3326522736043951,0.086734693877551,Low
SAS,2023-24,7202,Tre Jones,6278.5,12557,"['Tre Jones', 'Devin Vassell']",5865.333333333333,17596,0.17281758410519749,0.30131496856553247,1847,41674,3472.8333333333335,1964.4682293797534,12,0.212,21,57,0.9924242424242424,0.3057541872630417,0.0082644628099173,Medium
TOR,2015-16,10851,Kyle Lowry,9071.5,18143,"['Kyle Lowry', 'Cory Joseph']",8400.666666666666,25202,0.23329463364293085,0.3900713794289646,3559,46512,3876.0,3106.7588489379964,12,0.614,56,26,1.0,0.4120442036463708,0.0991735537190082,Elite
TOR,2016-17,7081,Kyle Lowry,6662.0,13324,"['Kyle Lowry', 'DeMar DeRozan']",6476.333333333333,19429,0.1821807142122054,0.34280127611402694,838,38868,2989.846153846154,2210.8597817046143,13,0.704,50,46,0.9615384615384616,0.3828262917487987,0.1319444444444444,Medium
TOR,2017-18,8942,Kyle Lowry,8101.0,16202,"['Kyle Lowry', 'DeMar DeRozan']",6930.333333333333,20791,0.19309004534657742,0.34985964154610233,1682,46310,3859.1666666666665,2457.405351301665,12,0.308,59,23,0.8484848484848485,0.331066004462679,0.1652892561983471,Elite
TOR,2018-19,7449,Kyle Lowry,6629.0,13258,"['Kyle Lowry', 'Pascal Siakam']",6031.666666666667,18095,0.2035913414234175,0.3623592434678036,1640,36588,3326.181818181818,2165.2234442746003,11,0.419,57,43,1.0,0.3484152777363666,0.0,High
TOR,2019-20,7067,Kyle Lowry,6783.0,13566,"['Kyle Lowry', 'Fred VanVleet']",6272.0,18816,0.17820758523300384,0.3420919911236635,568,39656,3304.6666666666665,1983.3428316553818,12,0.707,53,19,1.0,0.3104574339318136,0.0,Medium
TOR,2020-21,5732,Fred VanVleet,5365.5,10731,"['Fred VanVleet', 'Pascal Siakam']",5209.0,15627,0.17482005611809198,0.3272843723313407,733,32788,2342.0,1714.9479920349233,14,0.326,29,44,1.0,0.3811716830199201,0.0,Low
TOR,2021-22,8538,Fred VanVleet,7874.5,15749,"['Fred VanVleet', 'Pascal Siakam']",7525.666666666667,22577,0.1937636165577342,0.35741194625998546,1327,44064,3147.4285714285716,2598.181100879427,14,0.6,48,34,1.0164835164835164,0.4244702510633883,0.0650887573964497,Elite
TOR,2022-23,8971,Fred VanVleet,8371.5,16743,"['Fred VanVleet', 'Pascal Siakam']",8151.333333333333,24454,0.20070249228153386,0.3745805181439886,1199,44698,3192.714285714286,2868.6605673291933,14,0.493,39,46,0.9615384615384616,0.4474473130788849,0.0414201183431952,Elite
TOR,2023-24,3746,Immanuel Quickley,3346.5,6693,"['Immanuel Quickley', 'Scottie Barnes']",2997.6666666666665,8993,0.17152014652014652,0.306456043956044,799,21840,1560.0,971.1749426497623,14,0.397,31,47,0.9615384615384616,0.3296114599686028,0.0414201183431952,Low
UTA,2015-16,8044,Gordon Hayward,7307.5,14615,"['Gordon Hayward', 'Rodney Hood']",6789.333333333333,20368,0.1425685016482932,0.2590301655382652,1473,56422,4340.153846153846,1959.1588690963717,13,0.494,40,42,1.0064102564102564,0.2457306615259187,0.0833333333333333,High
UTA,2016-17,6525,Gordon Hayward,6235.5,12471,"['Gordon Hayward', 'Rudy Gobert']",6091.0,18273,0.1362269823374671,0.260365777276713,579,47898,3991.5,1504.527923545214,12,0.606,51,31,1.0075757575757576,0.2002066892145809,0.0909090909090909,Medium
UTA,2017-18,8443,Ricky Rubio,7457.0,14914,"['Ricky Rubio', 'Donovan Mitchell']",6976.666666666667,20930,0.1993059817761201,0.3520608092158066,1972,42362,3530.1666666666665,2413.254830884604,12,0.571,52,34,0.9696969696969696,0.3521316274019168,0.0330578512396694,High
UTA,2018-19,7542,Ricky Rubio,7109.5,14219,"['Ricky Rubio', 'Joe Ingles']",6907.666666666667,20723,0.16715425531914893,0.3151374113475177,865,45120,3760.0,2486.1031208042696,12,0.61,50,32,1.0,0.357384013002364,0.0,High
UTA,2019-20,6677,Donovan Mitchell,6251.0,12502,"['Donovan Mitchell', 'Joe Ingles']",5919.0,17757,0.17197238963581105,0.3220007211662288,852,38826,3529.6363636363635,2069.518411260324,11,0.621,44,37,0.9454545454545454,0.3187086441606608,0.06,Medium
UTA,2020-21,6061,Joe Ingles,5961.0,11922,"['Joe Ingles', 'Donovan Mitchell']",5927.666666666667,17783,0.15893119362282357,0.31261799874134677,200,38136,3813.6,1948.4839234646,10,0.721,52,20,0.9555555555555556,0.2733899727291797,0.0493827160493827,Low
UTA,2021-22,6759,Mike Conley,6594.0,13188,"['Mike Conley', 'Donovan Mitchell']",6236.0,18708,0.19516632016632016,0.3808038808038808,330,34632,2664.0,2287.1633449901797,13,0.429,47,36,0.9743589743589745,0.451658759351067,0.1180555555555555,Medium
UTA,2022-23,3539,Kelly Olynyk,3521.5,7043,"['Kelly Olynyk', 'Talen Horton-Tucker']",3304.0,9912,0.1560956245589273,0.3106474947071277,35,22672,1744.0,1152.4833332128205,13,0.492,34,40,0.8269230769230769,0.3625888931111232,0.0972222222222222,Low
UTA,2023-24,5534,Keyonte George,5113.5,10227,"['Keyonte George', 'Collin Sexton']",4492.0,13476,0.18465131798465131,0.3412412412412412,841,29970,2724.5454545454545,1528.5655604936521,11,0.4,29,49,0.990909090909091,0.2965996299329633,0.12,Low
WAS,2015-16,11325,John Wall,8146.0,16292,"['John Wall', 'Ramon Sessions']",7085.666666666667,21257,0.25578191345198303,0.3679645857801066,6358,44276,3162.5714285714284,2887.058570035112,14,0.5,41,42,0.945054945054945,0.44425228759857,0.1420118343195266,Elite
WAS,2016-17,10449,John Wall,8106.0,16212,"['John Wall', 'Bradley Beal']",6928.0,20784,0.252342542503864,0.39151854714064915,4686,41408,3185.230769230769,2676.858424653987,13,0.284,49,58,0.9807692307692308,0.4020739210557603,0.1111111111111111,Elite
WAS,2017-18,8242,Bradley Beal,6954.0,13908,"['Bradley Beal', 'Tomas Satoransky']",6299.666666666667,18899,0.17814377728785719,0.300609518869148,2576,46266,3855.5,1967.2531149249246,12,0.524,43,39,0.9696969696969696,0.2680189916281214,0.0330578512396694,High
WAS,2018-19,6958,Bradley Beal,6545.5,13091,"['Bradley Beal', 'Tomas Satoransky']",5530.666666666667,16592,0.2063219072470644,0.3881805242557229,825,33724,2408.8571428571427,2003.9649489159024,14,0.28,32,50,0.912087912087912,0.4206965789518274,0.0946745562130177,Medium
WAS,2019-20,6104,Ish Smith,6094.5,12189,"['Ish Smith', 'Bradley Beal']",5187.0,15561,0.16040363693698428,0.3203079833920219,19,38054,2536.9333333333334,1714.7344845138423,15,0.333,36,45,0.9285714285714286,0.3480107216061386,0.0765306122448979,Low
WAS,2020-21,8485,Russell Westbrook,6723.0,13446,"['Russell Westbrook', 'Bradley Beal']",5504.666666666667,16514,0.26469303718492637,0.4194534564512104,3524,32056,2465.846153846154,2213.5258392495984,13,0.469,34,37,0.9615384615384616,0.4288888675586954,0.0416666666666666,Elite
WAS,2021-22,3895,Raul Neto,3814.5,7629,"['Raul Neto', 'Kyle Kuzma']",3648.6666666666665,10946,0.131012445341406,0.25660948536831485,161,29730,2123.5714285714284,1186.6144934408799,14,0.296,35,47,0.8736263736263736,0.3085579741482869,0.136094674556213,Low
WAS,2022-23,5269,Monté Morris,5102.5,10205,"['Monté Morris', 'Kristaps Porziņģis']",4927.666666666667,14783,0.14249783643444397,0.27598983124188664,333,36976,3081.3333333333335,1671.807042657372,12,0.355,33,46,1.0,0.2913060724073272,0.0,Low
WAS,2023-24,6264,Tyus Jones,5660.5,11321,"['Tyus Jones', 'Jordan Poole']",5247.666666666667,15743,0.2076923076923077,0.37536472148541117,1207,30160,2513.3333333333335,2047.4652326200508,12,0.13,15,65,0.9848484848484848,0.4274425287356322,0.1157024793388429,Medium
