Team,Season,Win_Pct,Is_Champion,Player1_Name,Player1_Degree,Player2_Name,Player2_Degree,Duo_Avg_Degree,Duo_Total_Degree,Duo_Gap,Duo_Concentration,GP,Duo_Avg_Per_Game
ATL,2015-16,0.585,False,Jeff Teague,8813,Al Horford,7216,8014.5,16029,1597,0.3335344791710017,79,101.4493670886076
ATL,2016-17,0.524,False,Dennis Schröder,9834,Paul Millsap,5851,7842.5,15685,3983,0.3497680849165998,79,99.27215189873418
ATL,2017-18,0.293,False,Dennis Schröder,7150,Taurean Prince,4612,5881.0,11762,2538,0.3296709456808117,67,87.77611940298507
ATL,2018-19,0.354,False,Trae Young,9860,John Collins,4387,7123.5,14247,5473,0.37866787157133747,81,87.94444444444444
ATL,2019-20,0.299,False,Trae Young,6009,John Collins,3212,4610.5,9221,2797,0.34901589704769115,60,76.84166666666667
ATL,2020-21,0.569,False,Trae Young,8014,Kevin Huerter,4158,6086.0,12172,3856,0.36700235180606644,63,96.60317460317461
ATL,2021-22,0.524,False,Trae Young,8993,Kevin Huerter,3967,6480.0,12960,5026,0.3597002497918401,76,85.26315789473684
ATL,2022-23,0.5,False,Trae Young,8430,Dejounte Murray,7693,8061.5,16123,737,0.4250949166842438,73,110.43150684931507
ATL,2023-24,0.439,False,Dejounte Murray,9313,Trae Young,6874,8093.5,16187,2439,0.3897664339032025,78,103.76282051282051
BKN,2015-16,0.256,False,Shane Larkin,6253,Thaddeus Young,5172,5712.5,11425,1081,0.30957025957838835,78,73.23717948717949
BKN,2016-17,0.244,False,Trevor Booker,4855,Brook Lopez,4505,4680.0,9360,350,0.2260432766615147,71,65.91549295774648
BKN,2017-18,0.341,False,Spencer Dinwiddie,8191,Rondae Hollis-Jefferson,5119,6655.0,13310,3072,0.29957236101733065,80,83.1875
BKN,2018-19,0.512,False,D'Angelo Russell,9776,Spencer Dinwiddie,6330,8053.0,16106,3446,0.32950081833060557,81,99.41975308641975
BKN,2019-20,0.486,False,Spencer Dinwiddie,6556,Joe Harris,3742,5149.0,10298,2814,0.3369984946658813,64,80.453125
BKN,2020-21,0.667,False,Kyrie Irving,5742,James Harden,4959,5350.5,10701,783,0.32625,54,99.08333333333333
BKN,2021-22,0.537,False,Kevin Durant,4047,Patty Mills,3474,3760.5,7521,573,0.27938335809806836,55,68.37272727272727
BKN,2022-23,0.549,False,Royce O'Neale,4463,Spencer Dinwiddie,3905,4184.0,8368,558,0.29252604348738026,76,55.05263157894737
BKN,2023-24,0.39,False,Mikal Bridges,4610,Cam Thomas,3581,4095.5,8191,1029,0.2899674313225715,82,49.94512195121951
BOS,2015-16,0.585,False,Isaiah Thomas,10479,Evan Turner,5975,8227.0,16454,4504,0.3654495380241649,82,100.32926829268293
BOS,2016-17,0.646,False,Isaiah Thomas,10108,Marcus Smart,6996,8552.0,17104,3112,0.32949335388171835,76,112.52631578947368
BOS,2017-18,0.671,False,Terry Rozier,6835,Kyrie Irving,6640,6737.5,13475,195,0.29466433413514104,80,84.21875
BOS,2018-19,0.598,False,Kyrie Irving,7566,Terry Rozier,6048,6807.0,13614,1518,0.30568528830608943,67,101.59701492537313
BOS,2019-20,0.667,False,Kemba Walker,5880,Jayson Tatum,5395,5637.5,11275,485,0.30572125813449025,56,100.66964285714286
BOS,2020-21,0.5,False,Jayson Tatum,4201,Marcus Smart,3477,3839.0,7678,724,0.3740257209664848,64,59.984375
BOS,2021-22,0.622,False,Marcus Smart,6208,Jayson Tatum,5949,6078.5,12157,259,0.39974352229383137,71,85.61267605633803
BOS,2022-23,0.695,False,Jayson Tatum,7291,Derrick White,5824,6557.5,13115,1467,0.29659867022479536,74,88.61486486486487
BOS,2023-24,0.78,True,Jayson Tatum,7189,Derrick White,6691,6940.0,13880,498,0.3316923959279262,74,93.78378378378379
CHA,2015-16,0.585,False,Kemba Walker,10897,Nicolas Batum,6357,8627.0,17254,4540,0.4078766961372985,81,106.50617283950618
CHA,2016-17,0.439,False,Kemba Walker,10191,Nicolas Batum,6628,8409.5,16819,3563,0.40602066434916956,79,106.4493670886076
CHA,2017-18,0.439,False,Kemba Walker,10386,Nicolas Batum,4997,7691.5,15383,5389,0.340663477721676,80,96.14375
CHA,2018-19,0.476,False,Kemba Walker,10749,Nicolas Batum,4632,7690.5,15381,6117,0.3242747512228032,82,93.78658536585365
CHA,2019-20,0.348,False,Devonte' Graham,8350,Terry Rozier,6309,7329.5,14659,2041,0.43140082401412594,63,116.34126984126983
CHA,2020-21,0.458,False,Terry Rozier,6776,Devonte' Graham,6283,6529.5,13059,493,0.3022916666666667,69,94.6304347826087
CHA,2021-22,0.524,False,LaMelo Ball,9455,Terry Rozier,7193,8324.0,16648,2262,0.39384906553110954,75,110.98666666666666
CHA,2022-23,0.329,False,Terry Rozier,5690,P.J. Washington,4716,5203.0,10406,974,0.3060948346864337,63,82.58730158730158
CHA,2023-24,0.256,False,Miles Bridges,4428,Brandon Miller,4219,4323.5,8647,209,0.3172279697703427,69,62.65942028985507
CHI,2015-16,0.512,False,Derrick Rose,7833,Pau Gasol,7111,7472.0,14944,722,0.32009596024504133,66,113.21212121212122
CHI,2016-17,0.5,False,Jimmy Butler III,6657,Rajon Rondo,6193,6425.0,12850,464,0.33024929324081215,76,84.53947368421052
CHI,2017-18,0.329,False,Lauri Markkanen,6042,Jerian Grant,5647,5844.5,11689,395,0.2732990413841478,68,85.94852941176471
CHI,2018-19,0.268,False,Kris Dunn,4454,Zach LaVine,4061,4257.5,8515,393,0.2900599536721624,46,92.55434782608695
CHI,2019-20,0.338,False,Tomas Satoransky,6360,Zach LaVine,5507,5933.5,11867,853,0.33226005151752713,65,91.28461538461538
CHI,2020-21,0.431,False,Coby White,5842,Thaddeus Young,4751,5296.5,10593,1091,0.31717468111862984,69,76.76086956521739
CHI,2021-22,0.561,False,Nikola Vučević,6743,DeMar DeRozan,6205,6474.0,12948,538,0.33125255832992223,73,88.68493150684931
CHI,2022-23,0.488,False,Nikola Vučević,7301,Zach LaVine,6185,6743.0,13486,1116,0.3360578121106404,82,82.23170731707317
CHI,2023-24,0.476,False,Coby White,8339,DeMar DeRozan,7265,7802.0,15604,1074,0.3542177426677563,79,98.75949367088607
CLE,2015-16,0.695,True,LeBron James,8377,Kevin Love,6172,7274.5,14549,2205,0.3382072620763401,76,95.71710526315789
CLE,2016-17,0.622,False,LeBron James,8941,Kyrie Irving,8288,8614.5,17229,653,0.4502430355929546,74,116.41216216216216
CLE,2017-18,0.61,False,LeBron James,7631,Kevin Love,2856,5243.5,10487,4775,0.3888971297189053,82,63.94512195121951
CLE,2018-19,0.232,False,Collin Sexton,6467,Cedi Osman,4072,5269.5,10539,2395,0.35221576097854423,82,64.26219512195122
CLE,2019-20,0.292,False,Collin Sexton,5532,Darius Garland,5152,5342.0,10684,380,0.34338240020569516,65,82.18461538461538
CLE,2020-21,0.306,False,Collin Sexton,6050,Darius Garland,5884,5967.0,11934,166,0.3613516623266517,60,99.45
CLE,2021-22,0.537,False,Darius Garland,8073,Evan Mobley,4225,6149.0,12298,3848,0.3570225860767578,68,90.42647058823529
CLE,2022-23,0.622,False,Darius Garland,7791,Donovan Mitchell,6069,6930.0,13860,1722,0.3655834564254062,69,100.43478260869566
CLE,2023-24,0.585,False,Darius Garland,6725,Donovan Mitchell,6267,6496.0,12992,458,0.2759323761787444,57,113.96491228070175
DAL,2015-16,0.512,False,Deron Williams,9588,Raymond Felton,6975,8281.5,16563,2613,0.3141453607465291,65,127.4076923076923
DAL,2016-17,0.402,False,Seth Curry,4418,Wesley Matthews,3586,4002.0,8004,832,0.2874174087905774,70,57.17142857142857
DAL,2017-18,0.293,False,Dennis Smith Jr.,8344,J.J. Barea,6278,7311.0,14622,2066,0.3368813934199613,69,105.95652173913044
DAL,2018-19,0.402,False,Luka Dončić,4935,Jalen Brunson,4497,4716.0,9432,438,0.2898408210927417,72,65.5
DAL,2019-20,0.571,False,Luka Dončić,7730,Delon Wright,4606,6168.0,12336,3124,0.30979407332998493,61,101.11475409836065
DAL,2020-21,0.583,False,Luka Dončić,8108,Jalen Brunson,5275,6691.5,13383,2833,0.37088460259394745,66,101.38636363636364
DAL,2021-22,0.634,False,Luka Dončić,7499,Jalen Brunson,7379,7439.0,14878,120,0.37913460068294175,65,114.44615384615385
DAL,2022-23,0.463,False,Luka Dončić,6016,Tim Hardaway Jr.,3348,4682.0,9364,2668,0.3440876019695745,66,70.93939393939394
DAL,2023-24,0.61,False,Luka Dončić,7620,Kyrie Irving,5245,6432.5,12865,2375,0.39201048205253214,70,91.89285714285714
DEN,2015-16,0.402,False,Emmanuel Mudiay,7534,Will Barton,4410,5972.0,11944,3124,0.3077557330584901,68,87.82352941176471
DEN,2016-17,0.488,False,Jameer Nelson,6852,Nikola Jokić,6422,6637.0,13274,430,0.31505743852653567,75,88.49333333333334
DEN,2017-18,0.561,False,Jamal Murray,9103,Nikola Jokić,8380,8741.5,17483,723,0.415510029470482,81,107.91975308641975
DEN,2018-19,0.659,False,Nikola Jokić,10286,Jamal Murray,9204,9745.0,19490,1082,0.39780381271176063,80,121.8125
DEN,2019-20,0.63,False,Nikola Jokić,9857,Jamal Murray,6980,8418.5,16837,2877,0.41216646266829865,73,115.32191780821918
DEN,2020-21,0.653,False,Nikola Jokić,9481,Jamal Murray,4688,7084.5,14169,4793,0.39697971534237364,72,98.39583333333333
DEN,2021-22,0.585,False,Nikola Jokić,9902,Monté Morris,7222,8562.0,17124,2680,0.3615251446185027,74,115.70270270270271
DEN,2022-23,0.646,True,Nikola Jokić,8973,Jamal Murray,6713,7843.0,15686,2260,0.41764737206454017,69,113.66666666666667
DEN,2023-24,0.695,False,Nikola Jokić,10678,Jamal Murray,5880,8279.0,16558,4798,0.3962950552869657,79,104.79746835443038
DET,2015-16,0.537,False,Reggie Jackson,7351,Marcus Morris Sr.,4624,5987.5,11975,2727,0.37249595620256315,79,75.79113924050633
DET,2016-17,0.451,False,Ish Smith,7727,Tobias Harris,5889,6808.0,13616,1838,0.32012037428880424,81,84.04938271604938
DET,2017-18,0.476,False,Ish Smith,6379,Anthony Tolliver,4442,5410.5,10821,1937,0.33004941133410604,82,65.98170731707317
DET,2018-19,0.5,False,Blake Griffin,8032,Reggie Jackson,7904,7968.0,15936,128,0.41114551083591333,75,106.24
DET,2019-20,0.303,False,Derrick Rose,3275,Bruce Brown,3097,3186.0,6372,178,0.31373707533234857,50,63.72
DET,2020-21,0.278,False,Mason Plumlee,2906,Jerami Grant,2798,2852.0,5704,108,0.21419451746150958,56,50.92857142857143
DET,2021-22,0.28,False,Cade Cunningham,6499,Saddiq Bey,5014,5756.5,11513,1485,0.3078342245989305,64,89.9453125
DET,2022-23,0.207,False,Killian Hayes,6289,Jaden Ivey,5205,5747.0,11494,1084,0.35660213452469597,76,75.61842105263158
DET,2023-24,0.171,False,Cade Cunningham,6010,Jaden Ivey,4170,5090.0,10180,1840,0.3376899091090029,62,82.09677419354838
GSW,2015-16,0.89,False,Stephen Curry,9698,Draymond Green,9079,9388.5,18777,619,0.403026400515132,79,118.84177215189874
GSW,2016-17,0.817,True,Stephen Curry,8505,Draymond Green,8012,8258.5,16517,493,0.3672566371681416,79,104.5379746835443
GSW,2017-18,0.707,True,Draymond Green,7885,Kevin Durant,6167,7026.0,14052,1718,0.2786215648173851,70,100.37142857142857
GSW,2018-19,0.695,False,Stephen Curry,7617,Kevin Durant,7410,7513.5,15027,207,0.29885446084085754,69,108.8913043478261
GSW,2019-20,0.231,False,Ky Bowman,2297,Eric Paschall,2123,2210.0,4420,174,0.3603456709603783,45,49.111111111111114
GSW,2020-21,0.528,False,Stephen Curry,7429,Draymond Green,6979,7204.0,14408,450,0.3681332720118555,63,114.34920634920636
GSW,2021-22,0.646,True,Stephen Curry,7315,Jordan Poole,7311,7313.0,14626,4,0.29334135579622944,64,114.265625
GSW,2022-23,0.537,False,Draymond Green,7787,Jordan Poole,7773,7780.0,15560,14,0.31722731906218143,73,106.57534246575342
GSW,2023-24,0.561,False,Stephen Curry,7329,Chris Paul,5450,6389.5,12779,1879,0.27047792405706306,74,86.3445945945946
HOU,2015-16,0.5,False,James Harden,8478,Patrick Beverley,5783,7130.5,14261,2695,0.4283354358142608,82,86.95731707317073
HOU,2016-17,0.671,False,James Harden,11477,Patrick Beverley,4799,8138.0,16276,6678,0.41941967736947894,81,100.46913580246914
HOU,2017-18,0.793,False,James Harden,8888,Chris Paul,6358,7623.0,15246,2530,0.39052254098360656,72,105.875
HOU,2018-19,0.646,False,James Harden,8964,Chris Paul,5777,7370.5,14741,3187,0.42444572415778864,78,94.49358974358974
HOU,2019-20,0.611,False,James Harden,6881,Russell Westbrook,5015,5948.0,11896,1866,0.4330227140361095,68,87.47058823529412
HOU,2020-21,0.236,False,John Wall,3205,Jae'Sean Tate,2704,2954.5,5909,501,0.26878639010189226,40,73.8625
HOU,2021-22,0.244,False,Kevin Porter Jr.,6012,Christian Wood,4351,5181.5,10363,1661,0.29505722908718185,61,84.94262295081967
HOU,2022-23,0.268,False,Jalen Green,6606,Kevin Porter Jr.,6283,6444.5,12889,323,0.3505303236333968,76,84.79605263157895
HOU,2023-24,0.5,False,Fred VanVleet,9121,Jalen Green,6534,7827.5,15655,2587,0.38610467123760667,73,107.22602739726027
IND,2015-16,0.549,False,George Hill,8452,Monta Ellis,8153,8302.5,16605,299,0.3732802805503102,74,112.19594594594595
IND,2016-17,0.512,False,Jeff Teague,9977,Paul George,5917,7947.0,15894,4060,0.3612765377096877,82,96.91463414634147
IND,2017-18,0.585,False,Darren Collison,7280,Victor Oladipo,6728,7004.0,14008,552,0.3019876686931402,69,101.5072463768116
IND,2018-19,0.585,False,Darren Collison,8010,Cory Joseph,6481,7245.5,14491,1529,0.3156943052590301,76,95.33552631578948
IND,2019-20,0.589,False,Domantas Sabonis,7043,Malcolm Brogdon,6145,6594.0,13188,898,0.3536225666327023,62,106.35483870967742
IND,2020-21,0.472,False,Domantas Sabonis,7881,Malcolm Brogdon,7150,7515.5,15031,731,0.3654865535184555,62,121.21774193548387
IND,2021-22,0.305,False,Tyrese Haliburton,4394,Buddy Hield,3356,3875.0,7750,1038,0.31757089001802985,77,50.324675324675326
IND,2022-23,0.427,False,Tyrese Haliburton,8167,T.J. McConnell,6325,7246.0,14492,1842,0.30733341816176785,56,129.39285714285714
IND,2023-24,0.573,False,Tyrese Haliburton,7917,T.J. McConnell,4996,6456.5,12913,2921,0.338337787559608,69,93.57246376811594
LAC,2015-16,0.646,False,Chris Paul,9837,DeAndre Jordan,4788,7312.5,14625,5049,0.35024906600249067,74,98.81756756756756
LAC,2016-17,0.622,False,Chris Paul,8342,Blake Griffin,6788,7565.0,15130,1554,0.3065359212285749,61,124.01639344262296
LAC,2017-18,0.512,False,Lou Williams,5966,Austin Rivers,5471,5718.5,11437,495,0.315068870523416,79,72.38607594936708
LAC,2018-19,0.585,False,Shai Gilgeous-Alexander,5093,Lou Williams,4801,4947.0,9894,292,0.32591079781276766,82,60.329268292682926
LAC,2019-20,0.681,False,Lou Williams,5296,Kawhi Leonard,4455,4875.5,9751,841,0.3188059896684758,65,75.00769230769231
LAC,2020-21,0.667,False,Paul George,4841,Reggie Jackson,4482,4661.5,9323,359,0.2877646768319032,54,86.32407407407408
LAC,2021-22,0.512,False,Reggie Jackson,6848,Terance Mann,3951,5399.5,10799,2897,0.3410497726124305,75,71.99333333333334
LAC,2022-23,0.537,False,Paul George,4523,Terance Mann,3876,4199.5,8399,647,0.25550620588951084,56,74.99107142857143
LAC,2023-24,0.622,False,James Harden,8339,Paul George,5493,6916.0,13832,2846,0.3607720396452791,72,96.05555555555556
LAL,2015-16,0.207,False,D'Angelo Russell,7808,Jordan Clarkson,6580,7194.0,14388,1228,0.32018871283603345,80,89.925
LAL,2016-17,0.317,False,D'Angelo Russell,6505,Julius Randle,4893,5699.0,11398,1612,0.3185222445785826,63,90.46031746031746
LAL,2017-18,0.427,False,Lonzo Ball,5512,Julius Randle,4483,4997.5,9995,1029,0.3310260316619196,52,96.10576923076923
LAL,2018-19,0.451,False,LeBron James,6581,Rajon Rondo,4894,5737.5,11475,1687,0.2782492725509214,55,104.31818181818181
LAL,2019-20,0.732,True,LeBron James,8763,Anthony Davis,4995,6879.0,13758,3768,0.3745304077965917,67,102.67164179104478
LAL,2020-21,0.583,False,Dennis Schröder,7691,LeBron James,5692,6691.5,13383,1999,0.3206737911534959,61,109.69672131147541
LAL,2021-22,0.402,False,Russell Westbrook,8492,LeBron James,6784,7638.0,15276,1708,0.36800770898578655,78,97.92307692307692
LAL,2022-23,0.524,False,Dennis Schröder,4366,LeBron James,3976,4171.0,8342,390,0.3411581874693277,66,63.196969696969695
LAL,2023-24,0.573,False,LeBron James,7747,D'Angelo Russell,7259,7503.0,15006,488,0.36192175968356566,71,105.67605633802818
MEM,2015-16,0.512,False,Mike Conley,5479,Matt Barnes,3160,4319.5,8639,2319,0.3903750564844103,56,77.13392857142857
MEM,2016-17,0.524,False,Mike Conley,9152,Marc Gasol,7985,8568.5,17137,1167,0.36244236707415084,69,124.18115942028986
MEM,2017-18,0.268,False,Marc Gasol,7684,Tyreke Evans,5186,6435.0,12870,2498,0.3125,73,88.15068493150685
MEM,2018-19,0.402,False,Mike Conley,4778,Delon Wright,3230,4004.0,8008,1548,0.32152894884766725,70,57.2
MEM,2019-20,0.466,False,Ja Morant,6641,Jonas Valančiūnas,4434,5537.5,11075,2207,0.33734389278099297,67,82.64925373134328
MEM,2020-21,0.528,False,Ja Morant,6819,Tyus Jones,4223,5521.0,11042,2596,0.30131528679801345,63,87.63492063492063
MEM,2021-22,0.683,False,Ja Morant,6375,Desmond Bane,6145,6260.0,12520,230,0.2919639942166877,57,109.82456140350877
MEM,2022-23,0.622,False,Tyus Jones,7064,Ja Morant,6725,6894.5,13789,339,0.3292502387774594,80,86.18125
MEM,2023-24,0.329,False,Jaren Jackson Jr.,3572,Santi Aldama,2876,3224.0,6448,696,0.2545397126164535,66,48.84848484848485
MIA,2015-16,0.585,False,Goran Dragic,9506,Dwyane Wade,5938,7722.0,15444,3568,0.3603023516237402,72,107.25
MIA,2016-17,0.5,False,Goran Dragic,8650,James Johnson,5822,7236.0,14472,2828,0.3513986013986014,73,99.12328767123287
MIA,2017-18,0.537,False,Goran Dragic,8973,Josh Richardson,6573,7773.0,15546,2400,0.33387741076414246,75,103.64
MIA,2018-19,0.476,False,Josh Richardson,6103,Justise Winslow,5501,5802.0,11604,602,0.32104913678618857,73,79.47945205479452
MIA,2019-20,0.603,False,Bam Adebayo,6327,Jimmy Butler III,5707,6017.0,12034,620,0.3252432432432432,72,83.56944444444444
MIA,2020-21,0.556,False,Bam Adebayo,5427,Jimmy Butler III,5069,5248.0,10496,358,0.3122322703474536,64,82.0
MIA,2021-22,0.646,False,Kyle Lowry,7884,Tyler Herro,5701,6792.5,13585,2183,0.30844155844155846,63,107.81746031746032
MIA,2022-23,0.537,False,Bam Adebayo,6133,Tyler Herro,5931,6032.0,12064,202,0.2817375058383933,75,80.42666666666666
MIA,2023-24,0.561,False,Bam Adebayo,5339,Jimmy Butler III,4641,4990.0,9980,698,0.27065140749579647,71,70.28169014084507
MIL,2015-16,0.402,False,Giannis Antetokounmpo,7606,Khris Middleton,6483,7044.5,14089,1123,0.30465337542706394,80,88.05625
MIL,2016-17,0.512,False,Giannis Antetokounmpo,8881,Malcolm Brogdon,6503,7692.0,15384,2378,0.35165036115936726,80,96.15
MIL,2017-18,0.537,False,Giannis Antetokounmpo,7852,Eric Bledsoe,7648,7750.0,15500,204,0.3881404317123253,75,103.33333333333333
MIL,2018-19,0.732,False,Giannis Antetokounmpo,7595,Eric Bledsoe,6476,7035.5,14071,1119,0.32490532926941906,72,97.71527777777777
MIL,2019-20,0.767,False,Giannis Antetokounmpo,6278,Khris Middleton,4995,5636.5,11273,1283,0.3016267993792476,63,89.46825396825396
MIL,2020-21,0.639,True,Khris Middleton,5313,Jrue Holiday,5263,5288.0,10576,50,0.37004898530440866,68,77.76470588235294
MIL,2021-22,0.622,False,Jrue Holiday,6376,Giannis Antetokounmpo,5532,5954.0,11908,844,0.3753625015760938,67,88.86567164179104
MIL,2022-23,0.707,False,Jrue Holiday,6787,Giannis Antetokounmpo,5665,6226.0,12452,1122,0.36092753623188406,67,92.92537313432835
MIL,2023-24,0.598,False,Damian Lillard,8465,Giannis Antetokounmpo,7090,7777.5,15555,1375,0.41308158062460165,73,106.54109589041096
MIN,2015-16,0.354,False,Ricky Rubio,9022,Zach LaVine,5377,7199.5,14399,3645,0.3855773350471294,76,94.73026315789474
MIN,2016-17,0.378,False,Ricky Rubio,10059,Karl-Anthony Towns,7083,8571.0,17142,2976,0.39108413944150394,75,114.28
MIN,2017-18,0.573,False,Jeff Teague,8618,Karl-Anthony Towns,7284,7951.0,15902,1334,0.35664304297120303,70,113.58571428571429
MIN,2018-19,0.439,False,Karl-Anthony Towns,6770,Tyus Jones,5953,6361.5,12723,817,0.2938608647450111,77,82.61688311688312
MIN,2019-20,0.292,False,Jordan McLaughlin,1874,D'Angelo Russell,1860,1867.0,3734,14,0.28874110733065267,30,62.233333333333334
MIN,2020-21,0.319,False,Ricky Rubio,6861,Anthony Edwards,5214,6037.5,12075,1647,0.28378378378378377,68,88.78676470588235
MIN,2021-22,0.561,False,D'Angelo Russell,7757,Anthony Edwards,6149,6953.0,13906,1608,0.32128829536527886,65,106.96923076923076
MIN,2022-23,0.512,False,Anthony Edwards,5631,Kyle Anderson,4319,4975.0,9950,1312,0.3155524546492452,79,62.9746835443038
MIN,2023-24,0.683,False,Mike Conley,8038,Anthony Edwards,7348,7693.0,15386,690,0.36210873146622735,76,101.22368421052632
NOP,2015-16,0.366,False,Jrue Holiday,6550,Anthony Davis,4721,5635.5,11271,1829,0.2799552906110283,65,86.7
NOP,2016-17,0.415,False,Jrue Holiday,6686,Anthony Davis,5598,6142.0,12284,1088,0.4322004081345437,67,91.67164179104478
NOP,2017-18,0.585,False,Jrue Holiday,8399,Rajon Rondo,6927,7663.0,15326,1472,0.4011831841264855,81,94.60493827160494
NOP,2018-19,0.402,False,Jrue Holiday,7140,Julius Randle,4943,6041.5,12083,2197,0.31861090602257147,67,90.17164179104478
NOP,2019-20,0.417,False,Lonzo Ball,8091,Jrue Holiday,7049,7570.0,15140,1042,0.33802187988390264,63,120.15873015873017
NOP,2020-21,0.431,False,Lonzo Ball,6377,Brandon Ingram,5120,5748.5,11497,1257,0.30035529546998274,55,104.51818181818182
NOP,2021-22,0.439,False,Devonte' Graham,5736,Jonas Valančiūnas,4914,5325.0,10650,822,0.32374756809338523,76,70.0657894736842
NOP,2022-23,0.512,False,CJ McCollum,8369,Jonas Valančiūnas,4874,6621.5,13243,3495,0.31576061039580355,75,88.28666666666666
NOP,2023-24,0.598,False,CJ McCollum,6593,Zion Williamson,5849,6221.0,12442,744,0.277599286033021,66,94.25757575757575
NYK,2015-16,0.39,False,Jose Calderon,8506,Carmelo Anthony,6625,7565.5,15131,1881,0.27747010929362576,72,105.07638888888889
NYK,2016-17,0.378,False,Derrick Rose,7656,Carmelo Anthony,5220,6438.0,12876,2436,0.3298662704309064,64,100.59375
NYK,2017-18,0.354,False,Jarrett Jack,6194,Frank Ntilikina,5103,5648.5,11297,1091,0.2651504482936676,62,91.10483870967742
NYK,2018-19,0.207,False,Emmanuel Mudiay,4680,Noah Vonleh,3062,3871.0,7742,1618,0.26670800606311146,59,65.61016949152543
NYK,2019-20,0.318,False,Julius Randle,5062,Elfrid Payton,4926,4994.0,9988,136,0.30266666666666664,64,78.03125
NYK,2020-21,0.569,False,Julius Randle,7730,Elfrid Payton,5072,6401.0,12802,2658,0.35582856189893824,71,90.15492957746478
NYK,2021-22,0.451,False,Julius Randle,7537,Alec Burks,6389,6963.0,13926,1148,0.3252978276103714,72,96.70833333333333
NYK,2022-23,0.573,False,Jalen Brunson,8680,Julius Randle,7185,7932.5,15865,1495,0.36387614678899083,68,116.65441176470588
NYK,2023-24,0.61,False,Jalen Brunson,9022,Josh Hart,5498,7260.0,14520,3524,0.39546791589497765,77,94.28571428571429
OKC,2015-16,0.671,False,Russell Westbrook,10111,Kevin Durant,5988,8049.5,16099,4123,0.42394796439669247,80,100.61875
OKC,2016-17,0.573,False,Russell Westbrook,10035,Victor Oladipo,3900,6967.5,13935,6135,0.405629621004832,81,86.01851851851852
OKC,2017-18,0.585,False,Russell Westbrook,10783,Paul George,5723,8253.0,16506,5060,0.4167760832239168,80,103.1625
OKC,2018-19,0.598,False,Russell Westbrook,9453,Dennis Schröder,6300,7876.5,15753,3153,0.41139141335004703,73,107.8972602739726
OKC,2019-20,0.611,False,Chris Paul,7690,Dennis Schröder,7167,7428.5,14857,523,0.3767178863025508,70,106.12142857142857
OKC,2020-21,0.306,False,Theo Maledon,4813,Darius Bazley,2901,3857.0,7714,1912,0.31253545093590474,65,59.33846153846154
OKC,2021-22,0.293,False,Shai Gilgeous-Alexander,6723,Josh Giddey,6058,6390.5,12781,665,0.2814578286720987,56,114.11607142857143
OKC,2022-23,0.488,False,Josh Giddey,7665,Shai Gilgeous-Alexander,6172,6918.5,13837,1493,0.3552868073743132,76,91.03289473684211
OKC,2023-24,0.695,False,Shai Gilgeous-Alexander,7420,Josh Giddey,6075,6747.5,13495,1345,0.3393602575064125,75,89.96666666666667
ORL,2015-16,0.427,False,Elfrid Payton,7077,Victor Oladipo,5513,6295.0,12590,1564,0.32019328585961343,73,86.23287671232876
ORL,2016-17,0.354,False,Elfrid Payton,8154,Nikola Vučević,6146,7150.0,14300,2008,0.36709965600451816,82,87.1951219512195
ORL,2017-18,0.305,False,D.J. Augustin,6477,Shelvin Mack,4608,5542.5,11085,1869,0.3020765206017005,75,73.9
ORL,2018-19,0.512,False,D.J. Augustin,7803,Nikola Vučević,7060,7431.5,14863,743,0.3659575515831979,81,91.74691358024691
ORL,2019-20,0.458,False,Markelle Fultz,6746,Nikola Vučević,5579,6162.5,12325,1167,0.3328202635558436,72,85.59027777777777
ORL,2020-21,0.292,False,Cole Anthony,2520,Chuma Okeke,1838,2179.0,4358,682,0.26064593301435407,47,46.361702127659576
ORL,2021-22,0.268,False,Cole Anthony,7621,Wendell Carter Jr.,4709,6165.0,12330,2912,0.31172574202356274,65,94.84615384615384
ORL,2022-23,0.415,False,Markelle Fultz,5848,Paolo Banchero,5625,5736.5,11473,223,0.3152789227809838,60,95.60833333333333
ORL,2023-24,0.573,False,Paolo Banchero,8247,Franz Wagner,5694,6970.5,13941,2553,0.3221118299445471,80,87.13125
PHI,2015-16,0.122,False,Ish Smith,7392,T.J. McConnell,7239,7315.5,14631,153,0.3102680464840105,77,95.00649350649351
PHI,2016-17,0.341,False,T.J. McConnell,8636,Dario Šarić,6248,7442.0,14884,2388,0.35357278601292286,81,91.87654320987654
PHI,2017-18,0.634,False,Ben Simmons,11838,Dario Šarić,6214,9026.0,18052,5624,0.3566179375740814,81,111.4320987654321
PHI,2018-19,0.622,False,Ben Simmons,7795,Joel Embiid,5547,6671.0,13342,2248,0.4027651995411459,79,84.44303797468355
PHI,2019-20,0.589,False,Ben Simmons,7558,Tobias Harris,5599,6578.5,13157,1959,0.33151078411610563,57,115.41228070175438
PHI,2020-21,0.681,False,Ben Simmons,7380,Tobias Harris,5334,6357.0,12714,2046,0.31440724071417975,58,109.60344827586206
PHI,2021-22,0.622,False,Tyrese Maxey,7883,Joel Embiid,5856,6869.5,13739,2027,0.38336402701043587,75,91.59333333333333
PHI,2022-23,0.659,False,James Harden,8499,Tyrese Maxey,6111,7305.0,14610,2388,0.33546105804555476,58,125.94827586206897
PHI,2023-24,0.573,False,Tyrese Maxey,8239,Tobias Harris,4398,6318.5,12637,3841,0.3616978647890549,70,90.26428571428572
PHX,2015-16,0.28,False,Brandon Knight,6207,Devin Booker,4509,5358.0,10716,1698,0.2484120728823775,52,103.03846153846153
PHX,2016-17,0.293,False,Eric Bledsoe,7672,Devin Booker,5827,6749.5,13499,1845,0.3316544641540956,66,102.26515151515152
PHX,2017-18,0.256,False,Tyler Ulis,5980,Devin Booker,4564,5272.0,10544,1416,0.29912056737588655,71,74.25352112676056
PHX,2018-19,0.232,False,Devin Booker,6294,Mikal Bridges,4041,5167.5,10335,2253,0.26028811766483656,64,80.7421875
PHX,2019-20,0.466,False,Ricky Rubio,7832,Devin Booker,5677,6754.5,13509,2155,0.35594962057335583,65,103.91538461538461
PHX,2020-21,0.722,False,Chris Paul,8633,Devin Booker,5230,6931.5,13863,3403,0.3464883779055236,70,99.02142857142857
PHX,2021-22,0.78,False,Chris Paul,7242,Devin Booker,5042,6142.0,12284,2200,0.31744883192061196,65,94.49230769230769
PHX,2022-23,0.549,False,Chris Paul,5661,Devin Booker,4208,4934.5,9869,1453,0.3038298134351333,59,83.63559322033899
PHX,2023-24,0.598,False,Kevin Durant,6706,Devin Booker,6669,6687.5,13375,37,0.3593691224676232,75,89.16666666666667
POR,2015-16,0.537,False,Damian Lillard,10174,CJ McCollum,8271,9222.5,18445,1903,0.43636148568724864,75,122.96666666666667
POR,2016-17,0.5,False,Damian Lillard,8099,CJ McCollum,6328,7213.5,14427,1771,0.43776550552251486,75,96.18
POR,2017-18,0.598,False,Damian Lillard,8690,CJ McCollum,6651,7670.5,15341,2039,0.38082116969516433,73,105.07534246575342
POR,2018-19,0.646,False,Damian Lillard,9766,Jusuf Nurkić,5357,7561.5,15123,4409,0.3641990174356998,80,94.51875
POR,2019-20,0.473,False,Damian Lillard,6529,CJ McCollum,5249,5889.0,11778,1280,0.4557344064386318,66,89.22727272727273
POR,2020-21,0.583,False,Damian Lillard,7266,CJ McCollum,4233,5749.5,11499,3033,0.4149166486252436,67,85.81343283582089
POR,2021-22,0.329,False,Anfernee Simons,3447,Jusuf Nurkić,2816,3131.5,6263,631,0.2561135192606527,57,54.93859649122807
POR,2022-23,0.402,False,Damian Lillard,6541,Anfernee Simons,5677,6109.0,12218,864,0.3631985731272295,58,105.32758620689656
POR,2023-24,0.256,False,Scoot Henderson,6187,Anfernee Simons,4856,5521.5,11043,1331,0.29218923638672806,62,89.05645161290323
SAC,2015-16,0.402,False,Rajon Rondo,10620,Darren Collison,6950,8785.0,17570,3670,0.39087875417130147,72,122.01388888888889
SAC,2016-17,0.39,False,Darren Collison,5564,Ty Lawson,4807,5185.5,10371,757,0.32230095096028344,68,76.25735294117646
SAC,2017-18,0.329,False,De'Aaron Fox,7560,Bogdan Bogdanović,5158,6359.0,12718,2402,0.3112731900729355,73,87.10958904109589
SAC,2018-19,0.476,False,De'Aaron Fox,8929,Buddy Hield,5618,7273.5,14547,3311,0.36921319796954316,81,89.79629629629629
SAC,2019-20,0.431,False,De'Aaron Fox,5532,Buddy Hield,4925,5228.5,10457,607,0.31455300204548187,51,102.51960784313725
SAC,2020-21,0.431,False,De'Aaron Fox,7039,Buddy Hield,5058,6048.5,12097,1981,0.3898485336770867,58,104.28448275862068
SAC,2021-22,0.366,False,De'Aaron Fox,5264,Davion Mitchell,4168,4716.0,9432,1096,0.34420845193781474,59,79.9322033898305
SAC,2022-23,0.585,False,Domantas Sabonis,9015,De'Aaron Fox,8385,8700.0,17400,630,0.3909058231488138,79,110.12658227848101
SAC,2023-24,0.561,False,Domantas Sabonis,10695,De'Aaron Fox,8430,9562.5,19125,2265,0.42674491253123886,82,116.61585365853658
SAS,2015-16,0.817,False,Tony Parker,8046,Patty Mills,5964,7005.0,14010,2082,0.28249385006250755,72,97.29166666666667
SAS,2016-17,0.744,False,Patty Mills,6808,Tony Parker,6202,6505.0,13010,606,0.2826540366733293,80,81.3125
SAS,2017-18,0.573,False,Dejounte Murray,6148,Patty Mills,6089,6118.5,12237,59,0.2692527723992255,81,75.53703703703704
SAS,2018-19,0.585,False,DeMar DeRozan,6497,LaMarcus Aldridge,5831,6164.0,12328,666,0.2955646128026852,77,80.05194805194805
SAS,2019-20,0.451,False,DeMar DeRozan,5873,Dejounte Murray,5344,5608.5,11217,529,0.30312939141714407,68,82.4779411764706
SAS,2020-21,0.472,False,Dejounte Murray,6482,DeMar DeRozan,5141,5811.5,11623,1341,0.3598452012383901,67,86.73880597014926
SAS,2021-22,0.415,False,Dejounte Murray,7150,Jakob Poeltl,4125,5637.5,11275,3025,0.3559027777777778,68,82.90441176470588
SAS,2022-23,0.268,False,Tre Jones,5300,Keldon Johnson,3557,4428.5,8857,1743,0.3016073009602942,68,65.125
SAS,2023-24,0.268,False,Tre Jones,7202,Devin Vassell,5355,6278.5,12557,1847,0.30131496856553247,77,81.53896103896103
TOR,2015-16,0.683,False,Kyle Lowry,10851,Cory Joseph,7292,9071.5,18143,3559,0.3900713794289646,77,117.81168831168831
TOR,2016-17,0.622,False,Kyle Lowry,7081,DeMar DeRozan,6243,6662.0,13324,838,0.34280127611402694,60,111.03333333333333
TOR,2017-18,0.72,False,Kyle Lowry,8942,DeMar DeRozan,7260,8101.0,16202,1682,0.34985964154610233,78,103.85897435897436
TOR,2018-19,0.707,True,Kyle Lowry,7449,Pascal Siakam,5809,6629.0,13258,1640,0.3623592434678036,65,101.98461538461538
TOR,2019-20,0.736,False,Kyle Lowry,7067,Fred VanVleet,6499,6783.0,13566,568,0.3420919911236635,58,116.94827586206897
TOR,2020-21,0.375,False,Fred VanVleet,5732,Pascal Siakam,4999,5365.5,10731,733,0.3272843723313407,52,103.1826923076923
TOR,2021-22,0.585,False,Fred VanVleet,8538,Pascal Siakam,7211,7874.5,15749,1327,0.35741194625998546,65,121.14615384615385
TOR,2022-23,0.5,False,Fred VanVleet,8971,Pascal Siakam,7772,8371.5,16743,1199,0.3745805181439886,69,121.32608695652173
TOR,2023-24,0.305,False,Immanuel Quickley,3746,Scottie Barnes,2947,3346.5,6693,799,0.306456043956044,68,49.213235294117645
UTA,2015-16,0.488,False,Gordon Hayward,8044,Rodney Hood,6571,7307.5,14615,1473,0.2590301655382652,80,91.34375
UTA,2016-17,0.622,False,Gordon Hayward,6525,Rudy Gobert,5946,6235.5,12471,579,0.260365777276713,73,85.41780821917808
UTA,2017-18,0.585,False,Ricky Rubio,8443,Donovan Mitchell,6471,7457.0,14914,1972,0.3520608092158066,77,96.84415584415585
UTA,2018-19,0.61,False,Ricky Rubio,7542,Joe Ingles,6677,7109.5,14219,865,0.3151374113475177,68,104.55147058823529
UTA,2019-20,0.611,False,Donovan Mitchell,6677,Joe Ingles,5825,6251.0,12502,852,0.3220007211662288,69,90.59420289855072
UTA,2020-21,0.722,False,Joe Ingles,6061,Donovan Mitchell,5861,5961.0,11922,200,0.31261799874134677,67,88.97014925373135
UTA,2021-22,0.598,False,Mike Conley,6759,Donovan Mitchell,6429,6594.0,13188,330,0.3808038808038808,72,91.58333333333333
UTA,2022-23,0.451,False,Kelly Olynyk,3539,Talen Horton-Tucker,3504,3521.5,7043,35,0.3106474947071277,68,51.786764705882355
UTA,2023-24,0.378,False,Keyonte George,5534,Collin Sexton,4693,5113.5,10227,841,0.3412412412412412,75,68.18
WAS,2015-16,0.5,False,John Wall,11325,Ramon Sessions,4967,8146.0,16292,6358,0.3679645857801066,77,105.79220779220779
WAS,2016-17,0.598,False,John Wall,10449,Bradley Beal,5763,8106.0,16212,4686,0.39151854714064915,78,103.92307692307692
WAS,2017-18,0.524,False,Bradley Beal,8242,Tomas Satoransky,5666,6954.0,13908,2576,0.300609518869148,82,84.8048780487805
WAS,2018-19,0.39,False,Bradley Beal,6958,Tomas Satoransky,6133,6545.5,13091,825,0.3881805242557229,82,79.82317073170732
WAS,2019-20,0.361,False,Ish Smith,6104,Bradley Beal,6085,6094.5,12189,19,0.3203079833920219,68,89.625
WAS,2020-21,0.472,False,Russell Westbrook,8485,Bradley Beal,4961,6723.0,13446,3524,0.4194534564512104,65,103.43076923076923
WAS,2021-22,0.427,False,Raul Neto,3895,Kyle Kuzma,3734,3814.5,7629,161,0.25660948536831485,70,54.49285714285714
WAS,2022-23,0.427,False,Monté Morris,5269,Kristaps Porziņģis,4936,5102.5,10205,333,0.27598983124188664,62,82.29838709677419
WAS,2023-24,0.183,False,Tyus Jones,6264,Jordan Poole,5057,5660.5,11321,1207,0.37536472148541117,66,85.76515151515152
