Team,Season,Avg_Degree,Std_Degree,Max_Degree,Total_Degree,Avg_Degree_PG,Std_Degree_PG,Max_Degree_PG,Avg_Eigen,Max_Eigen,Avg_Between,Max_Between,Avg_InOut,Std_InOut,Made_Playoffs,Is_Champion,Deep_Run,GP,Top_Concentration
ATL,2015-16,3696.769230769231,2936.9080440106327,8813,48058,49.38873167101568,33.150909178987234,110.1625,0.21938034369268047,0.5228651520702254,0.10168997668997666,0.6439393939393939,0.9543505894235655,0.1556358279448618,True,False,False,82,18.338257938324524
ATL,2016-17,3449.5384615384614,2508.157744088431,9834,44844,48.282454166175214,30.37918313616909,122.925,0.22377998466893895,0.589372326614196,0.09498834498834498,0.5265151515151515,0.9646128729623527,0.18977181913665464,True,False,False,82,21.92935509767193
ATL,2017-18,2973.1666666666665,1806.2317798179286,7150,35678,47.23840363242949,22.088588659419166,105.1470588235294,0.24980702203632077,0.5453964389638474,0.0977272727272727,0.4499999999999999,0.9664010575096057,0.22506481743389897,False,False,False,82,20.04036100678289
ATL,2018-19,3135.3333333333335,2347.0252093519007,9860,37624,47.28085720273086,25.590045827646165,120.2439024390244,0.2375950605307091,0.6355764554886367,0.08825757575757574,0.8681818181818182,0.9596810708817127,0.2623951292133011,False,False,False,82,26.206676589411014
ATL,2019-20,1761.3333333333333,1524.8649432779596,6009,26420,32.697821439649296,26.836435446710958,98.50819672131148,0.1965870363805272,0.6119357294350698,0.08058608058608059,0.5796703296703297,0.8150732738036981,0.399040324859494,False,False,False,63,22.744133232399697
ATL,2020-21,2551.230769230769,1971.570784672556,8014,33166,46.58034817272361,28.278190827412924,125.21875,0.21905330628672148,0.634071800346138,0.1081002331002331,0.3446969696969697,0.9865715268557674,0.2446975757361525,True,False,True,71,24.163299764819392
ATL,2021-22,3275.4545454545455,2138.60624536806,8993,36030,48.99809012615633,25.770453425577692,116.79220779220779,0.2543848502915687,0.633710454309932,0.0904040404040404,0.638888888888889,0.9671788741761973,0.25722592122900984,True,False,False,77,24.959755759089646
ATL,2022-23,2709.1428571428573,2525.0811976934633,8430,37928,39.498920364166715,33.18216206604424,113.91891891891892,0.20177055547242378,0.5636594988985352,0.11111111111111108,0.5608974358974359,0.9388026857461378,0.3096051124435127,True,False,False,80,22.226323560430288
ATL,2023-24,3194.6153846153848,2616.8190466818533,9313,41530,52.65398740986739,35.385664627538745,124.98181818181818,0.23057916632097608,0.5547385366581301,0.11596736596736595,0.4469696969696969,0.9474911646323925,0.18390711138760282,False,False,False,79,22.424753190464724
BKN,2015-16,2636.1428571428573,1829.375885887898,6253,36906,44.925454357092185,25.971336939585324,99.87878787878788,0.22667111761749362,0.4250035845008534,0.12751831501831498,0.5769230769230769,0.9940300422383547,0.31595366967710187,False,False,False,79,16.94304449141061
BKN,2016-17,2760.5333333333333,1536.5616470672744,4855,41408,45.364807134649006,20.967181631338722,86.97297297297297,0.22666096802804203,0.4221769449245375,0.11978021978021977,0.478021978021978,0.9993264551850325,0.21870245035938696,False,False,False,78,11.724787480680062
BKN,2017-18,3417.6923076923076,2227.7987784887346,8191,44430,50.881261324758036,28.761053905815025,101.12345679012346,0.23937109200280193,0.5016700538839621,0.1042152292152292,0.571969696969697,0.9640079078539912,0.18397794142021476,False,False,False,80,18.435741616025208
BKN,2018-19,3760.0,2253.260082635824,9776,48880,57.425881979920355,24.40543090870486,119.21951219512195,0.2542636331989223,0.5172453622238191,0.07954545454545453,0.6704545454545455,0.9643561565654172,0.2793671875981873,True,False,False,81,20.0
BKN,2019-20,2350.6153846153848,1691.100555775318,6556,30558,41.97053874403137,23.91899887125696,100.86153846153846,0.2273004617536785,0.5654558844619935,0.09469696969696967,0.4469696969696969,0.961539009397318,0.2237949331994125,True,False,False,70,21.454283657307414
BKN,2020-21,2342.8571428571427,1563.2355921240778,5742,32800,46.438193474308555,29.83326333843089,110.2,0.2273213717272616,0.4887458413881619,0.1117216117216117,0.8782051282051282,0.9664978530348451,0.16958512629145878,True,False,False,69,17.506097560975608
BKN,2021-22,1794.6666666666667,1088.3507619110585,4047,26920,36.29253366130343,25.11769355384665,103.06666666666666,0.22906852838071753,0.4466441868276104,0.11336996336996337,0.5,0.9448280482682943,0.1895260501611752,True,False,False,81,15.033432392273403
BKN,2022-23,2043.2857142857142,1103.9632399517818,4463,28606,32.429591683311706,14.22656640422789,58.093023255813954,0.23521135184747194,0.469730980817774,0.11095848595848594,0.5475427350427351,1.046754826664531,0.2417718084559318,True,False,False,83,15.601622037334826
BKN,2023-24,2017.7142857142858,1386.6806203510391,4610,28248,30.917216419108318,16.91785788489494,55.54216867469879,0.21830894507160487,0.481749298037794,0.10233516483516482,0.483974358974359,0.9813805330856564,0.21990866567329193,False,False,False,82,16.319739450580574
BOS,2015-16,4502.4,2449.255451492691,10479,45024,58.71326929521465,27.995238128262745,126.25301204819277,0.2895025408643762,0.5761051544394592,0.10555555555555554,0.7083333333333333,0.9746346623107115,0.23257174760300836,True,False,False,82,23.274253731343283
BOS,2016-17,4325.833333333333,2618.067567477736,10108,51910,59.577904086875556,33.334014721633984,131.27272727272728,0.2536799488689639,0.5319257023581098,0.09772727272727272,0.5818181818181818,0.9848214558200525,0.20858934603294915,True,False,True,80,19.47216335966095
BOS,2017-18,3517.6923076923076,2053.3922496126333,6835,45730,52.74942060125548,29.186516731752647,108.85245901639344,0.24418693728801208,0.4601054786478908,0.07721445221445221,0.6098484848484849,0.9722188039842466,0.17017648829205395,True,False,True,81,14.946424666520883
BOS,2018-19,4048.7272727272725,2120.2441883381775,7566,44536,55.69978313992601,28.152543709489045,111.26470588235294,0.2729921519941946,0.4671542554587531,0.09494949494949494,0.9333333333333332,0.9588222770064082,0.16381574406542113,True,False,False,80,16.988503682414226
BOS,2019-20,3073.3333333333335,1901.6870181897743,5880,36880,51.034904972093635,30.51321357306055,103.15789473684211,0.24902922347401926,0.4761175902356996,0.0893939393939394,0.8999999999999999,0.9452049101127397,0.18308276536646245,True,False,True,71,15.943600867678958
BOS,2020-21,1579.076923076923,1362.6774784432341,4201,20528,28.014435593288745,22.597616926689124,70.95918367346938,0.21466132098013174,0.5364689726154084,0.05740093240093239,0.2348484848484848,1.027377677516271,0.6743941723528275,True,False,False,66,20.46473109898675
BOS,2021-22,2534.3333333333335,2097.1256663838867,6208,30412,36.49479646304116,27.793838785202226,86.22222222222223,0.2243083917151646,0.5326664875712311,0.11818181818181817,0.7,0.8843292430339548,0.237596601287525,True,False,True,77,20.41299487044588
BOS,2022-23,3401.3846153846152,2290.9966004071075,7291,44218,51.05111056740979,30.32100791716569,97.21333333333334,0.22765643413700618,0.4819918363359047,0.09236596736596736,0.8181818181818182,0.9137944071620053,0.20636570699134635,True,False,True,82,16.48876023338912
BOS,2023-24,2989.0,2469.563275000414,7189,41846,43.04406299345315,31.968896762555495,95.85333333333334,0.20647819139001583,0.4846550966328464,0.12385531135531133,0.6185897435897436,0.9305914861011126,0.18919678026550696,True,True,True,82,17.1796587487454
CHA,2015-16,3845.6363636363635,3004.527426159638,10897,42302,51.92596473383383,35.16132013761812,132.890243902439,0.23872338529633835,0.6369442649359719,0.12424242424242425,0.6555555555555556,1.0478699060351546,0.2502946928723052,True,False,False,81,25.760011346981234
CHA,2016-17,3765.818181818182,2874.41235100957,10191,41424,52.206437821447395,33.74736672691648,127.3875,0.2377698738395568,0.6206296396466982,0.1505050505050505,0.8444444444444444,1.023475287847335,0.23093014048985366,False,False,False,81,24.60168018539977
CHA,2017-18,3225.4285714285716,2649.944229145666,10386,45156,45.847540917744986,31.039921368530376,128.22222222222223,0.1968687656780513,0.6260360225917895,0.13347069597069594,0.5448717948717948,0.9706407570019329,0.24739719191717863,False,False,False,81,23.00026574541589
CHA,2018-19,3162.133333333333,2418.26596276478,10749,47432,47.670784638604864,27.993462667842717,129.50602409638554,0.21370576295598762,0.6114107687523163,0.08186813186813185,0.8598901098901099,0.9820293838414932,0.3003875133829,False,False,False,82,22.66191600607185
CHA,2019-20,3089.090909090909,2332.4508335459273,8350,33980,55.4506221847404,31.501688338514153,130.46875,0.25881127184528996,0.5483872035728534,0.08484848484848483,0.6166666666666667,0.932421124559101,0.22273565886463248,False,False,False,65,24.57327839905827
CHA,2020-21,3323.076923076923,1957.2931760273107,6776,43200,58.83546806878639,32.543105404654845,112.19642857142857,0.24360383257274457,0.4724847373308217,0.09032634032634032,0.4356060606060606,0.9656657596504767,0.18032821960708495,False,False,False,69,15.685185185185185
CHA,2021-22,3842.7272727272725,2706.352715035832,9455,42270,55.92614195697512,32.63739030845263,124.40789473684211,0.25412745095769684,0.5496376922944894,0.11111111111111112,0.5111111111111112,0.9936948072149697,0.19514955913034784,False,False,False,80,22.36810977052283
CHA,2022-23,2428.285714285714,1594.7898549083768,5690,33996,46.66849511995924,27.728191323417388,100.89189189189189,0.20873255756761042,0.5154077866589345,0.09012515262515261,0.3632478632478632,0.9794993140546201,0.2324087335832483,False,False,False,73,16.73726320743617
CHA,2023-24,1603.4117647058824,1230.9113015782011,4428,27258,31.74605913452417,19.070397502509802,63.25714285714286,0.19728421067837743,0.5003899690307128,0.09283088235294115,0.5055555555555555,0.9698725008492585,0.22595663099219,False,False,False,76,16.244772176975566
CHI,2015-16,3334.714285714286,2283.072236081205,7833,46686,53.80892237371547,29.98741631765142,116.91044776119404,0.2173382607085907,0.5107830512773679,0.08478327228327225,0.3621794871794871,0.9863235617148565,0.22154370837701606,False,False,False,81,16.77804909394679
CHI,2016-17,2594.0,1946.5243384042233,6657,38910,40.82995289310853,25.111687951888502,88.47142857142858,0.2106766451711142,0.5063747221345473,0.10805860805860805,0.7225274725274726,1.0599614926825296,0.33038942563627727,True,False,False,81,17.108712413261372
CHI,2017-18,2851.3333333333335,1836.8865221450387,6042,42770,50.49146948692722,27.85094167109885,106.09433962264151,0.2189787794110499,0.4226710101127,0.11568986568986568,0.4771062271062271,1.0549352698031733,0.27815903503933403,False,False,False,77,14.126724339490297
CHI,2018-19,2258.153846153846,1389.5713275535638,4454,29356,38.002774566265735,25.30268631345247,94.76595744680851,0.23950789292960506,0.4751791807006429,0.14219114219114218,0.5530303030303031,1.0277112427960928,0.2980648826142835,False,False,False,81,15.172366807466958
CHI,2019-20,2551.1428571428573,1873.4283200404732,6360,35716,47.71976801207138,24.9876740915674,96.36363636363636,0.22439578497471077,0.4983998710445368,0.08218864468864469,0.3461538461538461,0.9472085476196492,0.20447496576468838,False,False,False,65,17.807145257027663
CHI,2020-21,2385.5714285714284,1845.778748066297,5842,33398,38.66757721708158,27.008761189085075,83.45714285714286,0.21893610558070015,0.4775702554628883,0.09184218559218559,0.5822649572649572,0.9472642075857769,0.16676269624460416,False,False,False,71,17.492065393137313
CHI,2021-22,3257.3333333333335,2167.373917202497,6743,39088,53.28876665897715,31.937058769682444,99.08333333333333,0.24601502644787118,0.5242515235187343,0.10681818181818181,0.5136363636363636,0.9157438315290799,0.2852193940961349,True,False,False,77,17.250818665575114
CHI,2022-23,3648.181818181818,2274.063535532014,7301,40130,48.75054177961529,26.323929587155742,87.96385542168674,0.26216935632850386,0.5010462801878744,0.14343434343434344,0.6555555555555556,0.9338809488432495,0.23928496047850564,False,False,False,82,18.193371542486915
CHI,2023-24,3671.0,2659.3835922839507,8339,44052,55.96340634621171,31.021921980648774,104.2375,0.24278518871661803,0.5139073130665817,0.09696969696969693,0.7727272727272727,0.945363327352096,0.19303627793339997,False,False,False,79,18.92990102606011
CLE,2015-16,3910.7272727272725,2383.935657307432,8377,43018,56.75825414246345,33.260617379238425,109.37037037037037,0.2619482388730357,0.5161744277884793,0.12171717171717168,0.6444444444444445,0.9647252532083304,0.22972965841053986,True,True,True,82,19.473243758426705
CLE,2016-17,2943.5384615384614,2765.3639487833725,8941,38266,43.24513664224356,36.206652578237325,119.21333333333334,0.20810213905213565,0.5629681489580909,0.12024087024087023,0.5277777777777777,0.9367959024135027,0.26355833461732237,True,False,True,79,23.365389640934513
CLE,2017-18,2247.1666666666665,1831.7055059714323,7631,26966,31.47765745431798,21.680903625553583,91.93975903614458,0.237411471446034,0.6439444520677504,0.0727272727272727,0.4318181818181818,0.9690497593606002,0.2579756748552197,True,False,True,82,28.29859823481421
CLE,2018-19,2137.285714285714,1755.7241516546092,6467,29922,37.13833737337433,20.54166409031289,77.91566265060241,0.21273483174484217,0.5757571897007816,0.12484737484737482,0.4604700854700854,0.9231912693175471,0.2615394870973325,False,False,False,82,21.612860102934295
CLE,2019-20,2592.8333333333335,1848.766410995246,5532,31114,45.08663381493634,27.750410802590565,85.86666666666666,0.23637804789660696,0.4816178214983829,0.1231060606060606,0.7136363636363636,0.9371550309194238,0.21382415583991954,False,False,False,65,17.779777592080737
CLE,2020-21,2359.0,1787.5106024430047,6050,33026,46.4262540616926,28.571929192490135,106.98181818181818,0.2267072663567946,0.4944655083068604,0.10668498168498167,0.4262820512820512,0.9257989671480066,0.20442751600482445,False,False,False,67,18.3189002604009
CLE,2021-22,2870.5,1867.3046447657214,8073,34446,46.93958990574398,25.13670965174534,117.0,0.2502140466253126,0.6091248073533612,0.08409090909090906,0.3,0.9726680902152157,0.17355077123842433,False,False,False,74,23.43668350461592
CLE,2022-23,3446.5454545454545,2273.6884291228807,7791,37912,51.85748647608523,29.34690592326735,111.3,0.25381383858815876,0.5668988668102674,0.11767676767676766,0.4555555555555555,0.9506156382391668,0.24995707675367945,True,False,False,79,20.550221565731167
CLE,2023-24,3621.846153846154,2049.376199650105,6725,47084,57.58198788663157,33.015258646072034,115.94827586206897,0.24243179627158368,0.443830586276495,0.09149184149184147,0.9393939393939394,0.9663798824094738,0.18784700744028007,True,False,False,82,14.282983603771982
DAL,2015-16,3766.0,2805.8733454611297,9588,52724,54.25553229460557,37.46277522021452,145.27272727272728,0.21932115706979208,0.5064307744225992,0.11309523809523807,0.4743589743589743,0.9123203095175317,0.1859688742742186,True,False,False,80,18.185266671724452
DAL,2016-17,2320.6666666666665,1343.8608107939895,4418,27848,38.13782869964049,24.928142970919772,76.0,0.25533119906690344,0.4616992121482305,0.13939393939393938,0.5,0.9449134214135206,0.20033225367720886,False,False,False,81,15.86469405343292
DAL,2017-18,3338.769230769231,2531.9998075910325,8344,43404,49.2821229206201,31.752826099646374,119.2,0.2261849885954452,0.5129018631146817,0.14219114219114218,0.5189393939393939,0.9276092450242721,0.1982004323863906,False,False,False,82,19.224034651184223
DAL,2018-19,2324.4285714285716,1387.9718858982542,4935,32542,37.00897711700495,19.549932353050735,73.56410256410257,0.22738175217992534,0.4872282789748088,0.08859890109890108,0.5427350427350427,1.014826365821232,0.192902979312361,False,False,False,81,15.165017515825701
DAL,2019-20,2654.6666666666665,2045.280968007877,7730,39820,44.86266901423257,30.120838257315153,124.6774193548387,0.20987844743798176,0.5407167337227091,0.08333333333333331,0.5192307692307693,0.9759303353720382,0.2129761828741585,True,False,False,74,19.412355600200904
DAL,2020-21,2775.6923076923076,2181.07635448706,8108,36084,46.333267296443154,32.277526309520134,121.01492537313433,0.23318657324707992,0.5505625994473706,0.09498834498834499,0.6136363636363636,0.9558600781091412,0.24325076210328772,True,False,False,70,22.469792705908436
DAL,2021-22,2803.0,2255.919495290284,7499,39242,42.8057019654185,29.480007400325157,113.62121212121212,0.21136571630174666,0.536789240909161,0.10210622710622709,0.6185897435897436,0.9691609368566863,0.19919791636019746,True,False,True,82,19.10962743998777
DAL,2022-23,1943.857142857143,1553.73900675078,6016,27214,32.23049576893095,21.117163241480085,89.7910447761194,0.21083603570826823,0.5950290382344133,0.10393772893772892,0.7371794871794871,0.9690876914337153,0.16812479578056314,False,False,False,78,22.10626883221871
DAL,2023-24,2734.8333333333335,1923.7123595860796,7620,32818,42.12708805930853,28.284154393342686,107.32394366197182,0.2546555111101256,0.5793747703197482,0.11136363636363633,0.4181818181818181,0.9250667374419531,0.23495684157687577,True,False,True,79,23.21896520202328
DEN,2015-16,2772.1428571428573,1908.49847774643,7534,38810,45.25241335375888,26.953444183761455,109.18840579710145,0.22096132621544512,0.5631360311732448,0.1372100122100122,0.6431623931623932,0.9835371503876246,0.2035883122433291,False,False,False,82,19.412522545735637
DEN,2016-17,3240.923076923077,2034.612799426403,6852,42132,48.540107287413676,27.568167016418357,90.15789473684211,0.23690472165483756,0.5006456285584685,0.15559440559440557,0.5909090909090909,0.9635226082775262,0.21849215471974465,False,False,False,82,16.263172885217887
DEN,2017-18,3506.3333333333335,2942.596637274122,9103,42076,50.22509158799935,34.202489454190285,111.01219512195122,0.22698141890777,0.5700798619610117,0.11553030303030302,0.7272727272727273,0.9628099528456379,0.22264550028305585,False,False,False,81,21.634661089457172
DEN,2018-19,4454.0,2971.217225313558,10286,48994,61.14687490201091,35.58679500957058,126.98765432098766,0.2565667669666988,0.5867180907948231,0.07474747474747472,0.3111111111111111,1.0227344993032117,0.23941020139022393,True,False,False,82,20.99440747846675
DEN,2019-20,2917.8571428571427,2845.9907523808583,9857,40850,46.59074721077968,40.10456897588699,133.2027027027027,0.19143732227150273,0.6211985395022916,0.13163919413919412,0.641025641025641,0.9906723183647463,0.17020732860188253,True,False,True,73,24.1297429620563
DEN,2020-21,2974.3333333333335,2452.060667102573,9481,35692,51.032998458715106,34.89336501686942,129.87671232876713,0.23529460191849969,0.6190909568467932,0.09583333333333331,0.7227272727272727,0.9911431941619014,0.13778462032621427,True,False,False,72,26.563375546340918
DEN,2021-22,3643.5384615384614,2652.2554431836757,9902,47366,52.151266947952045,33.29807091301155,132.02666666666667,0.20964449594195075,0.6006566494524181,0.08799533799533797,0.5454545454545454,1.0083444163495332,0.14782032183467997,True,False,False,75,20.905290714858758
DEN,2022-23,2889.076923076923,2688.101698892686,8973,37558,42.18885066211034,37.39868390461365,128.18571428571428,0.20874377244577505,0.5872195460664769,0.10955710955710957,0.9090909090909092,0.9720145801916519,0.16243398832627579,True,True,True,80,23.891048511635336
DEN,2023-24,3798.3636363636365,2890.3836517918267,10678,41782,51.53229131069127,36.57488620855407,133.475,0.25233878255217657,0.5972438404366612,0.11919191919191917,0.4722222222222222,0.9880235305672336,0.14711893667887285,True,False,False,82,25.556459719496434
DET,2015-16,2922.5454545454545,1956.1913180277825,7351,32148,40.08888920714358,24.07656299663893,91.8875,0.2544512838777813,0.5809958309741609,0.11464646464646465,0.4666666666666667,0.985857183562053,0.28653500442451474,True,False,False,81,22.866119198705984
DET,2016-17,3866.7272727272725,2123.4325085064083,7727,42534,55.016600512412126,27.220428721833713,102.50943396226415,0.2680178548189944,0.5060194617779902,0.10707070707070705,0.8,1.0069474473216657,0.18423694857334083,False,False,False,82,18.166643156063383
DET,2017-18,2341.8571428571427,1739.1107744230342,6379,32786,35.89612197238816,22.156434582203744,76.855421686747,0.2196386542612581,0.558020781349076,0.13682844932844931,0.6207264957264956,1.054157921130719,0.26738043433463105,False,False,False,82,19.45647532483377
DET,2018-19,2981.5384615384614,2528.6678843277878,8032,38760,42.56527888985544,31.38897820275553,105.6842105263158,0.20390852202517845,0.6217386270276362,0.1284965034965035,0.5858585858585859,0.9793352845023566,0.19371773809790882,True,False,False,82,20.722394220846233
DET,2019-20,1562.3076923076924,963.8439867370813,3275,20310,31.9159246020305,15.792459413589258,64.2156862745098,0.23814600703306066,0.4769733759065053,0.08770396270396266,0.4797979797979798,1.0155371535774422,0.21491037294326684,False,False,False,66,16.125061546036434
DET,2020-21,1775.3333333333333,837.0624372228893,2906,26630,37.64469644359295,19.84439329956755,90.77777777777777,0.2322478246781768,0.4409421306788489,0.11117216117216118,0.5192307692307693,0.9998745085714404,0.20190741784183705,False,False,False,70,10.912504693954187
DET,2021-22,2671.4285714285716,1954.1949636727538,6499,37400,45.18976096205216,27.38208895032812,99.98461538461538,0.2168028408341063,0.5098114668582483,0.11195054945054943,0.5673076923076923,0.9890045312073124,0.17593784620320746,False,False,False,82,17.37700534759358
DET,2022-23,2302.285714285714,1686.4883145651604,6289,32232,38.501615721672465,19.53879855773166,81.67532467532467,0.22497942338310303,0.5443788804870545,0.08623321123321119,0.5117521367521368,0.9619378800417947,0.2425356132042241,False,False,False,76,19.51166542566394
DET,2023-24,1773.2941176470588,1684.8752833928793,6010,30146,30.694763031982152,25.336904136423122,95.39682539682539,0.179316763650024,0.5601535562893176,0.08296568627450979,0.5625,0.9269862505694897,0.3234693372526535,False,False,False,77,19.93630995820341
GSW,2015-16,4235.454545454545,2821.7883111118153,9698,46590,56.819458898402054,32.65933119781582,121.225,0.25214391660171576,0.5414462846290807,0.14444444444444443,0.5,1.004056455472799,0.2684836102756691,True,False,True,81,20.815625670744794
GSW,2016-17,4088.5454545454545,2425.6777347222514,8505,44974,54.5891965461731,30.885127220955606,106.3125,0.26231968998102084,0.5085374416770525,0.09494949494949494,0.4444444444444445,0.9997229153382544,0.24331229738470758,True,True,True,79,18.910926312980834
GSW,2017-18,3602.4285714285716,1901.6998353410727,7885,50434,57.16775473000398,29.192718265280362,111.05633802816901,0.236051572421244,0.4812664440536627,0.07119963369963368,0.3653846153846153,0.9934422076868329,0.24450716642226647,True,True,True,80,15.63429432525677
GSW,2018-19,3591.5714285714284,2295.6686210301386,7617,50282,54.56357294103209,29.206814661809062,108.81428571428572,0.22358121280964238,0.4862018762901895,0.11446886446886446,0.6634615384615384,0.9572725665463715,0.25340243408915286,True,False,True,80,15.148562109701286
GSW,2019-20,1752.2857142857142,522.9014292980129,2297,12266,33.315955315933685,11.016511992469098,49.93478260869565,0.36130619875989367,0.4929273808988201,0.11190476190476191,0.7833333333333333,1.0324272815421571,0.19871630330006107,False,False,False,60,18.726561226153596
GSW,2020-21,3010.6153846153848,2068.8693183500636,7429,39138,52.099287318727725,29.227060589029616,116.078125,0.23475187779212067,0.5349209866441305,0.07925407925407923,0.3939393939393939,1.0318118136935936,0.2524311018476648,False,False,False,71,18.981552455414175
GSW,2021-22,3324.0,1974.3079438483899,7315,49860,54.49850195067776,28.180113287384295,112.53846153846153,0.22872830098083818,0.4513560662339239,0.07582417582417582,0.4450549450549451,1.0045266527442558,0.24997416061153777,True,True,True,82,14.671079021259526
GSW,2022-23,3773.076923076923,2432.6707018397997,7787,49050,57.49317700603366,31.25173161563778,109.50877192982456,0.2393219389054527,0.4434424597553885,0.09965034965034963,0.8636363636363636,0.9888772967218699,0.27283595307301906,True,False,False,82,15.875637104994903
GSW,2023-24,3374.714285714286,1887.028939836435,7329,47246,51.879494560828846,24.74770327528184,97.72,0.2379755609973144,0.4595795381244071,0.08012820512820511,0.5192307692307692,0.9888341551941636,0.2239480604425849,False,False,False,77,15.5124243322186
HOU,2015-16,3329.4,2429.3943095164914,8478,33294,46.022223253085826,27.742335272456494,102.144578313253,0.27148847672581977,0.5850193584183858,0.14583333333333331,0.5694444444444444,0.9443348758567055,0.24347985346570178,True,False,False,82,25.464047576139848
HOU,2016-17,3527.818181818182,2993.6639363222394,11477,38806,47.70588052780693,36.02107520479244,139.96341463414635,0.24748268563258052,0.6345451817479817,0.1202020202020202,0.9333333333333332,0.9633687380002013,0.26949263889700414,True,False,False,81,29.57532340359738
HOU,2017-18,3003.076923076923,2459.8590224353125,8888,39040,45.61053925154629,34.64946476789034,121.75342465753425,0.21817037770340167,0.5740417377649557,0.10168997668997667,0.625,0.9215350859458447,0.30235943385190095,True,False,True,82,22.766393442622952
HOU,2018-19,2894.1666666666665,2530.487119233382,8964,34730,43.81600874427178,33.01767648227682,113.46835443037975,0.2203169895279795,0.5975477602942542,0.1034090909090909,0.5499999999999999,0.907730762253999,0.3132626696767176,True,False,False,82,25.810538439389575
HOU,2019-20,2289.3333333333335,2003.9800095779096,6881,27472,38.10808475228481,28.570977468404426,99.72463768115942,0.23628182514800067,0.5673846728610257,0.10795454545454543,0.8227272727272726,0.9080309106478737,0.322115996167411,True,False,False,72,25.047320908561442
HOU,2020-21,1570.2857142857142,892.1280029381286,3205,21984,38.22989670862007,23.380901587859526,95.48148148148148,0.23233607709192364,0.4766343335208329,0.11378205128205125,0.548076923076923,0.974347795775239,0.20842816517918822,False,False,False,70,14.578784570596797
HOU,2021-22,2926.8333333333335,1562.5155029533937,6012,35122,44.521820513267926,22.488998894536145,96.96774193548387,0.24922150887631841,0.5225600219440594,0.07083333333333332,0.4454545454545454,0.9759349292111801,0.15387866286644897,False,False,False,79,17.117476225727465
HOU,2022-23,3342.7272727272725,1949.957337528649,6606,36770,50.98122027508103,26.02347358009371,104.71666666666667,0.25260142936294955,0.5230208331988494,0.059090909090909076,0.3944444444444445,0.9843958110746684,0.23572927324339576,False,False,False,82,17.96573293445744
HOU,2023-24,3378.8333333333335,2510.811235558352,9121,40546,49.21495492344516,31.128074748695393,123.25675675675676,0.22965613936911158,0.5733567622920587,0.1068181818181818,0.8272727272727273,0.9645937790745961,0.2147157146518504,False,False,False,82,22.49543728111281
IND,2015-16,3707.0,2656.609869740004,8452,44484,50.96159809005672,31.60702898637049,112.69333333333333,0.24411909288369368,0.50524704146014,0.13409090909090907,0.7363636363636363,0.9710455876257801,0.20549613485942353,True,False,False,81,19.000089919971224
IND,2016-17,3666.1666666666665,2521.9830881609214,9977,43994,51.03072139513585,28.47769289580136,120.20481927710843,0.226366356986637,0.6145165960919623,0.10871212121212119,0.6818181818181818,0.9653280105074572,0.22040018636986758,True,False,False,82,22.678092467154613
IND,2017-18,3865.5,2482.1622721841827,7280,46386,53.85484891414503,29.510736557864746,104.0,0.24562859338223716,0.4299660069645472,0.11780303030303028,0.5242424242424242,0.9655416213739891,0.22004013917975565,True,False,False,82,15.694390548872505
IND,2018-19,4172.909090909091,2236.8916582859106,8010,45902,58.58704091591622,28.227056982073186,104.02597402597402,0.27098021655364785,0.4629096115676754,0.12525252525252525,0.6333333333333333,1.0725651808724412,0.22123792093121197,True,False,False,82,17.45022003398545
IND,2019-20,3390.3636363636365,2029.0153411311248,7043,37294,55.63972255989302,31.92412946889843,111.7936507936508,0.26026245264850006,0.551353676909386,0.08333333333333331,0.5333333333333333,1.0178204924508958,0.20557684186578673,True,False,False,73,18.885075347240843
IND,2020-21,3163.5384615384614,2519.639842496827,7881,41126,56.52567915597929,37.09111000007417,125.43859649122807,0.21508420554304897,0.5857978525374359,0.08129370629370627,0.8825757575757576,1.0113576590705313,0.2415100871336675,False,False,False,72,19.163059864805717
IND,2021-22,1626.9333333333334,1097.5336289456768,4394,24404,31.864956259869473,14.867180972206599,59.75675675675676,0.20317749989554754,0.595997568462582,0.08595848595848592,0.38003663003663,0.921320245926698,0.3168957075474394,False,False,False,81,18.005245041796428
IND,2022-23,3627.230769230769,2332.161913827531,8167,47154,53.34633288101115,34.983036805440996,143.28070175438597,0.23834930293963905,0.5119972049128566,0.10664335664335664,0.7727272727272727,0.9828743185095523,0.1508958212695161,False,False,False,80,17.319845612249228
IND,2023-24,2935.846153846154,2029.0988494959138,7917,38166,42.469521595818385,27.57236449994109,113.1,0.23423468984475726,0.5643593137067023,0.10081585081585077,0.7247474747474747,0.9897864421373472,0.1299915071931718,True,False,True,82,20.74359377456375
LAC,2015-16,3479.6666666666665,2285.4136420244618,9837,41756,51.973518561131534,34.55130751673905,131.16,0.22585914233116908,0.6420247354523505,0.11818181818181815,0.4272727272727272,0.9985904058868956,0.29265109225891983,True,False,False,80,23.558291024044447
LAC,2016-17,3796.769230769231,2511.525603885885,8342,49358,54.25708288051068,36.483639559102485,134.5483870967742,0.22184447952555836,0.5560013603220582,0.10547785547785546,0.6287878787878788,0.9860512766049444,0.24449516999090307,True,False,False,82,16.901008954981968
LAC,2017-18,2592.8571428571427,1669.8509770977428,5966,36300,44.265134238141286,23.50027182231617,88.24193548387096,0.21718913659047176,0.5258413971092644,0.1538461538461538,0.673076923076923,1.0167761895718888,0.22659139991890262,False,False,False,80,16.43526170798898
LAC,2018-19,2335.230769230769,1863.304061510366,5093,30358,32.067895868090055,23.105400133967375,63.171052631578945,0.21778850928908813,0.4517192834752063,0.08449883449883447,0.3295454545454545,0.8797727504003322,0.3408248031442001,True,False,False,82,16.77646748797681
LAC,2019-20,2548.8333333333335,1526.2812699995748,5296,30586,44.15075507915288,24.647519137547285,80.24242424242425,0.2504417180664615,0.4856812706271395,0.1231060606060606,0.6909090909090909,0.9700768778707567,0.25173917171423227,True,False,False,72,17.3151114889165
LAC,2020-21,2492.153846153846,1337.2556378739412,4841,32398,44.663921857540835,22.075185510407266,88.01818181818182,0.2463144415049277,0.4457599960897588,0.09498834498834499,0.5795454545454546,0.972508653721401,0.1864621980628965,True,False,True,72,14.942280387678252
LAC,2021-22,2261.714285714286,1769.171619651474,6848,31664,35.75594128790382,25.80847884136133,90.10526315789474,0.21124396130951362,0.5888031186802654,0.0923382173382173,0.3397435897435897,1.0286210085012104,0.3033710807233698,False,False,False,81,21.627084386053564
LAC,2022-23,2191.4666666666667,1278.3321648967155,4523,32872,36.574498930292584,22.369816322199654,79.35087719298245,0.2239612638211999,0.4169290017994119,0.10067155067155067,0.5238095238095238,1.0114932166020396,0.27755746687574057,True,False,False,81,13.7594305183743
LAC,2023-24,2949.230769230769,2248.042228022943,8339,38340,44.48984810517982,28.146684557219412,114.23287671232876,0.22256972039833192,0.5819969780377232,0.09994172494172493,0.6553030303030303,0.9473969308390758,0.2801727559696173,True,False,False,76,21.75013041210224
LAL,2015-16,2995.733333333333,2251.979905602644,7808,44936,45.979653830032696,23.665513596907484,96.39506172839506,0.21581954137681342,0.4569958086767869,0.10866910866910866,0.6483516483516484,0.9567686888555416,0.31248752038276273,False,False,False,81,17.37582339327043
LAL,2016-17,2556.0,1826.2314285898244,6505,35784,40.166200237087935,23.44951237123793,101.640625,0.22209209147565412,0.5370763770505662,0.1442307692307692,0.6955128205128205,0.9618678946824628,0.26287876973993374,False,False,False,82,18.178515537670467
LAL,2017-18,2744.909090909091,1672.9306294371836,5512,30194,44.05945723443922,25.681002153883732,104.0,0.2578822326764051,0.5200544675797775,0.11969696969696968,0.7166666666666667,1.0018161249112632,0.16927964714583488,False,False,False,82,18.255282506458236
LAL,2018-19,2577.5,1912.7401635698805,6581,41240,47.0022082987675,34.24224827353635,117.51785714285714,0.2019385096929594,0.4916727962360548,0.10535714285714284,0.330952380952381,0.9561494207055858,0.1951507151385158,False,False,False,82,15.95780795344326
LAL,2019-20,3061.1666666666665,2159.618309429757,8763,36734,49.16632555350986,32.16641528231219,128.86764705882354,0.2444552590232898,0.5886595596353048,0.10075757575757575,0.9454545454545454,0.9684899930406247,0.23804411319463586,True,True,True,69,23.85528393314096
LAL,2020-21,3210.3076923076924,1874.370755952309,7691,41734,56.57475629996816,34.58499442563589,124.04838709677419,0.2487901708055683,0.5101403172979293,0.0839160839160839,0.8636363636363636,0.9732204301800415,0.13607672612245264,True,False,False,69,18.428619351128575
LAL,2021-22,2767.3333333333335,2328.597667103121,8492,41510,47.32500561504314,32.310515553562766,119.01754385964912,0.20676204791592745,0.5344734330841195,0.08247863247863246,0.5448717948717948,0.9356541273528898,0.17725338693636392,False,False,False,78,20.457721031076847
LAL,2022-23,1880.923076923077,1416.2654801471404,4366,24452,29.511024904876685,23.814177711643538,71.0,0.22824418202696958,0.4867082866141828,0.1037296037296037,0.7386363636363636,0.9343961261846132,0.29811512105195065,True,False,True,81,17.855390152134795
LAL,2023-24,3189.3846153846152,2934.906089879241,7747,41462,44.24366995675085,36.34799382941375,107.59722222222223,0.20793541918722194,0.4812608367338106,0.0946969696969697,0.8257575757575758,0.9406222493934896,0.19798581192480347,True,False,False,82,18.684578650330423
MEM,2015-16,1702.3076923076924,1562.3844162377468,5479,22130,28.30820719420247,25.772266523912744,96.12280701754386,0.19796460610185568,0.6244124472300813,0.10547785547785546,0.3863636363636363,0.9991453106529283,0.20008183162563933,True,False,False,78,24.758246723904204
MEM,2016-17,3377.285714285714,2573.7129248966794,9152,47282,54.07072502080431,30.600409852255297,130.74285714285713,0.21615833510456373,0.5496964858633141,0.1323260073260073,0.6346153846153846,0.965024892860792,0.20507512385563098,True,False,False,77,19.35620320629415
MEM,2017-18,3168.0,2001.183441533201,7684,41184,54.508492290599676,26.45378261125732,103.83783783783784,0.23693679420478758,0.5499511165372316,0.09265734265734264,0.5530303030303031,0.9884719686189966,0.2271523178553813,False,False,False,82,18.65773115773116
MEM,2018-19,1556.625,1092.2099233511233,4778,24906,29.922552399916743,14.688624627634182,67.29577464788733,0.21794771999060317,0.5518297002977436,0.11249999999999999,0.5206349206349207,0.99561470331786,0.1994942653980904,False,False,False,82,19.184132337589336
MEM,2019-20,2525.3846153846152,1836.1602843280295,6641,32830,40.94860443428895,24.49838362074846,97.66176470588235,0.2308446606726312,0.5398167519733258,0.10547785547785547,0.4924242424242424,0.9693332525236168,0.17938769238312313,False,False,False,73,20.22844958879074
MEM,2020-21,3053.8333333333335,1629.4536079944285,6819,36646,50.48622022918744,21.47933575746344,106.546875,0.2642375245818431,0.4857776886569561,0.11893939393939394,0.7090909090909091,0.9694732572422775,0.22738234553908568,True,False,False,70,18.607760737870436
MEM,2021-22,3063.0,1931.7695355454641,6375,42882,47.05032512189664,26.687252573256945,109.91379310344827,0.23056789626814359,0.4697932595228255,0.0998168498168498,0.6602564102564102,1.0050929660742998,0.252098649020176,True,False,False,78,14.86637750104939
MEM,2022-23,2991.4285714285716,2064.337469216985,7064,41880,46.767909438418386,28.977555778040546,108.46774193548387,0.23429800098207504,0.4879226679903718,0.10386141636141634,0.7158119658119657,0.9518124819292251,0.23789265893268796,True,False,False,80,16.867239732569246
MEM,2023-24,1688.8,915.8346076510913,3572,25332,37.93363240348697,15.639659331116755,63.72727272727273,0.22273794029969088,0.4329319558089621,0.09029304029304028,0.8516483516483517,0.9789393023872113,0.15053846696208553,False,False,False,66,14.100742144323386
MIA,2015-16,3297.230769230769,2434.9638995902365,9506,42864,51.21108590236674,32.841304718274756,130.21917808219177,0.22855247311069954,0.5949190406249414,0.11596736596736595,0.7803030303030303,1.0024442973237542,0.18882938279216654,True,False,False,81,22.17711832773423
MIA,2016-17,3432.0,2300.483427456064,8650,41184,54.3377345824269,29.10837926907297,116.89189189189189,0.25151249413326865,0.5145599604872787,0.13030303030303028,0.6045454545454545,0.9488583492305335,0.23546082897157203,False,False,False,78,21.00330225330225
MIA,2017-18,3581.6923076923076,2485.902230063744,8973,46562,53.291075636274385,30.635257837492475,118.0657894736842,0.23566369512149205,0.536568976834661,0.10635198135198135,0.8257575757575758,0.9993260766069885,0.22796950265198673,True,False,False,81,19.27107942098707
MIA,2018-19,3285.818181818182,1822.144605577824,6103,36144,51.63114879173558,26.03606723061097,82.47297297297297,0.27019400066316845,0.4542843923098672,0.12676767676767675,0.9444444444444444,0.9452509747750425,0.24633067984244214,False,False,False,82,16.885236830455955
MIA,2019-20,3083.3333333333335,1997.8390295213446,6327,37000,50.49666617111124,28.77701437718301,96.72881355932203,0.24652497597256692,0.4966463719089534,0.10606060606060604,0.8090909090909091,0.9344291442766292,0.19136933743549508,True,False,True,73,17.1
MIA,2020-21,2401.1428571428573,1778.8456437183706,5427,33616,43.85013940812827,29.041588312727743,95.64150943396227,0.21732089653565664,0.4837825329728304,0.11469780219780217,0.611111111111111,0.9810101633922006,0.16955299188070191,True,False,False,72,16.14409804854831
MIA,2021-22,3670.3333333333335,2161.3805072151677,7884,44044,57.55694587363278,33.34343426611706,123.1875,0.26003326021888257,0.483640736107068,0.1125,0.9227272727272728,0.9492050521879561,0.1844288041088241,True,False,True,79,17.900281536645174
MIA,2022-23,3568.3333333333335,2077.166397384726,6133,42820,56.57601293975341,28.905380913193508,101.30357142857143,0.25388745659707385,0.4288265085705081,0.11666666666666665,0.5454545454545454,0.9495575314162279,0.17037915803332476,True,False,True,80,14.322746380196168
MIA,2023-24,2633.8571428571427,1490.7680445452816,5339,36874,45.09959587759497,22.175059819055143,79.79069767441861,0.23726853144213234,0.4405660753657968,0.11950549450549451,0.6506410256410257,0.9879329283742724,0.16978228507922186,True,False,False,75,14.479036719639854
MIL,2015-16,3557.3846153846152,2197.2018014761998,7606,46246,58.34628437374597,29.22682162899863,110.36363636363636,0.23502497450863752,0.4836943108394193,0.09761072261072258,0.3901515151515151,0.9860676792097591,0.18651828989664898,False,False,False,80,16.446827833758597
MIL,2016-17,3124.8571428571427,2571.0532668731116,8881,43748,46.85902218178831,33.28233230062678,109.64197530864197,0.21621732836315907,0.5519150754204872,0.09935897435897433,0.4326923076923076,0.9730387981531876,0.1553663751011564,True,False,False,81,20.300356587729727
MIL,2017-18,3327.8333333333335,2637.6828961431393,7852,39934,51.30228154286087,32.74655217918595,103.3157894736842,0.23242679367470598,0.5453567588869134,0.1231060606060606,0.8045454545454545,0.9491133855413025,0.11819018418848003,True,False,False,82,19.66244303100115
MIL,2018-19,2706.75,2323.152556333742,7595,43308,40.08754192447174,29.013762858697902,104.04109589041096,0.1869681822657273,0.5202500902348858,0.10868055555555554,0.6555555555555557,0.9319523633920441,0.18303132076990242,True,False,True,81,17.537175579569595
MIL,2019-20,2874.923076923077,1749.8231082759223,6278,37374,45.216577381423335,27.64448448616031,98.09375,0.2409496576490904,0.4864867344945336,0.06905594405594405,0.8636363636363636,0.9679590391243479,0.17516072305750285,True,False,False,68,16.79777385348103
MIL,2020-21,2598.181818181818,1945.0119700496355,5313,28580,39.89735610847435,30.58382156637177,87.71666666666667,0.2488117953064581,0.5041734935052727,0.10656565656565657,0.7944444444444445,1.040775856287558,0.3522548130164843,True,True,True,70,18.58992302309307
MIL,2021-22,2643.6666666666665,2132.648815369509,6376,31724,40.34602387153213,30.884412857748124,93.76470588235294,0.23090313370562676,0.5016164620363656,0.11363636363636363,0.8090909090909091,0.9388034956628345,0.1679685727894061,True,False,False,72,20.09834825368806
MIL,2022-23,2875.0,1990.5773488659468,6787,34500,45.32749348994864,28.68662106018832,99.80882352941177,0.246085086201792,0.5041122824438388,0.10303030303030303,0.9363636363636364,0.9880449399181601,0.17421845179695525,True,False,False,81,19.672463768115943
MIL,2023-24,2896.6153846153848,2481.7985594611805,8465,37656,41.07337654410945,32.85913914694045,114.39189189189189,0.21908757676551993,0.5777984722676301,0.09391996891996891,0.7525252525252525,0.9480760605722345,0.15853774268100065,True,False,False,82,22.47981729339282
MIN,2015-16,3734.4,2392.470791648017,9022,37344,51.56686161206294,27.220098399052578,117.16883116883118,0.26695373051626736,0.605924598730729,0.12847222222222215,0.6458333333333333,0.9887485014424602,0.38269986180092075,False,False,False,82,24.15916880891174
MIN,2016-17,3984.7272727272725,2812.5646691555057,10059,43832,55.72305370322606,34.41930011649397,132.35526315789474,0.23883713830246683,0.6146603685107469,0.11414141414141414,0.6666666666666667,1.0188845451431676,0.34400353816670753,False,False,False,82,22.948987041430918
MIN,2017-18,4458.8,2415.7787702243486,8618,44588,59.26821957566633,32.56036861648127,121.38028169014085,0.26979114202207494,0.558511015604371,0.10694444444444443,0.9583333333333331,1.0681940542852488,0.3297166129820009,True,False,False,82,19.328070332824975
MIN,2018-19,3092.5714285714284,1909.4290614367796,6770,43296,52.21134249130863,28.497851221210688,108.48837209302326,0.23037070209601368,0.490343988363778,0.09981684981684978,0.3525641025641025,0.9902702313798578,0.24278688689268085,False,False,False,81,15.636548410938655
MIN,2019-20,923.7142857142857,563.5106208229085,1874,12932,22.85271321216508,15.196850869354552,60.45161290322581,0.2362667207823242,0.4245241571869823,0.1163003663003663,0.6826923076923077,1.005767794180634,0.15245208766722873,False,False,False,63,14.491184658212186
MIN,2020-21,2836.6666666666665,1798.3897427050306,6861,42550,52.71791613545505,28.22220812515294,102.11627906976744,0.21642902159993005,0.525983637837384,0.0836996336996337,0.3653846153846154,0.9672006729890639,0.25299695421384416,False,False,False,72,16.124559341950643
MIN,2021-22,3606.8333333333335,2110.037476329544,7757,43282,52.15956963623461,31.08820453457519,117.53030303030303,0.25179483281263504,0.5002064078634035,0.08939393939393937,0.9272727272727272,0.9698514134342883,0.23218662737614015,True,False,False,79,17.921999907582826
MIN,2022-23,2425.5384615384614,1407.2757734588138,5631,31532,39.29708929744074,17.535741414863544,70.3875,0.24931625559144371,0.4915784926188004,0.09178321678321678,0.7689393939393939,1.0136135376704705,0.16482188203547654,True,False,False,79,17.858048966129648
MIN,2023-24,4249.0,2129.8464733402734,8038,42490,58.005543320930755,23.428180549698837,104.3896103896104,0.28793515504347633,0.5181259162818058,0.10833333333333331,0.7777777777777777,0.9840612376352416,0.15909724349263776,True,False,True,82,18.917392327606496
NOP,2015-16,2684.0,1583.7927353575747,6550,40260,50.830784074590575,31.7957321917472,123.84615384615384,0.2148358309740398,0.4996539691683421,0.10470085470085469,0.5668498168498168,0.9745484391219325,0.2701706596364536,False,False,False,80,16.269249875807255
NOP,2016-17,2583.818181818182,2204.0283490999755,6686,28422,39.306797026004695,29.035912348945992,98.32352941176471,0.23630522161828288,0.5608126165814632,0.12929292929292927,0.7555555555555555,0.8868333405430388,0.2500291764512862,False,False,False,80,23.5240306804588
NOP,2017-18,2938.6153846153848,2794.5722552375682,8399,38202,43.56126855017298,38.06095119565314,104.95454545454545,0.20647650566680603,0.5206370206508567,0.11567599067599067,0.8030303030303031,0.9369406314737051,0.1894649322990903,True,False,False,82,21.985759907858228
NOP,2018-19,2708.8571428571427,1873.4137847232812,7140,37924,46.9339416050263,30.269649605993248,106.16279069767442,0.22062977860724522,0.5453675882864647,0.10874542124542122,0.4743589743589743,0.9735941644946539,0.17865258017593275,False,False,False,73,18.82712794009071
NOP,2019-20,3199.285714285714,2147.1829282742838,8091,44790,57.16168995354504,30.00443094066681,126.421875,0.23073808134988347,0.5232453289201515,0.09569597069597068,0.6153846153846154,1.0045382901598239,0.2480432184819295,False,False,False,65,18.064300066979236
NOP,2020-21,2734.1428571428573,1905.9084188645847,6377,38278,49.453507323996064,29.133328563249755,113.875,0.22037359095175382,0.4859599050614831,0.10256410256410255,0.6442307692307692,0.9377958791069974,0.2156680941402728,False,False,False,71,16.659700088823868
NOP,2021-22,2349.714285714286,1649.727922955849,5736,32896,37.81199274542486,21.41669194689504,74.49350649350649,0.2104072937267055,0.5519261854746895,0.09027777777777775,0.6517094017094016,0.9838628893241692,0.1981549886540182,True,False,False,78,17.436770428015564
NOP,2022-23,3226.153846153846,2030.9451349127185,8369,41940,51.931825884071706,27.75931358304547,110.11842105263158,0.23905418469101983,0.5634685281910191,0.09236596736596736,0.4507575757575757,0.9656188937851263,0.19485607796727675,False,False,False,79,19.954697186456844
NOP,2023-24,3735.0,1842.1150886956004,6593,44820,56.18843798961444,24.205491514015645,98.40298507462687,0.2606622324674988,0.4662913197109447,0.09469696969696968,0.9545454545454544,0.9810657881670112,0.17301435393044165,True,False,False,82,14.709950914770193
NYK,2015-16,4544.333333333333,2089.688769055132,8506,54532,62.45419466098108,25.894068029846984,116.52054794520548,0.2576763527956671,0.5025968073340524,0.09015151515151514,0.8090909090909091,0.9759154508846167,0.17701790282044425,False,False,False,82,15.598180884618207
NYK,2016-17,3002.6153846153848,1963.2811625126249,7656,39034,47.14667026102599,26.681198333996193,117.78461538461538,0.22863813239973224,0.5571338016555611,0.10256410256410255,0.7575757575757576,0.9533870746849072,0.2124433003576403,False,False,False,82,19.61367013372957
NYK,2017-18,3043.285714285714,1732.6261272136285,6194,42606,49.7137377719966,24.954296891147035,98.31746031746032,0.22960528484763806,0.483634285015838,0.09523809523809522,0.516025641025641,1.0100668394267605,0.20461542866369192,False,False,False,78,14.537858517579682
NYK,2018-19,2232.923076923077,1110.1368130053806,4680,29028,37.2241132302238,16.56248016150581,78.0,0.248951686122855,0.5215531087485501,0.10489510489510488,0.7840909090909091,0.9956076934248018,0.2690577165743165,False,False,False,75,16.122364613476645
NYK,2019-20,2200.0,1588.4166419964972,5062,33000,42.568560803296045,28.315471208525025,107.08695652173913,0.21229011983370547,0.5145595798256344,0.08443223443223442,0.7087912087912088,0.9639257128456725,0.3500017242504606,False,False,False,66,15.339393939393938
NYK,2020-21,2998.1666666666665,2033.7370811271342,7730,35978,49.292671731100334,26.460851600004798,107.36111111111111,0.23217432124661527,0.581745299371648,0.1708333333333333,0.5590909090909091,0.9231428535028728,0.3183761767955191,True,False,False,72,21.48535215965312
NYK,2021-22,3057.8571428571427,2277.3888508601203,7537,42810,50.50439235454555,30.61168557317986,103.24657534246575,0.22296437713394276,0.5137626978043065,0.094017094017094,0.8066239316239315,0.9336026478079776,0.31432562134311864,False,False,False,81,17.605699602896518
NYK,2022-23,2906.6666666666665,2666.481380467704,8680,43600,42.68215834440699,34.15223934195009,125.79710144927536,0.19423777221602423,0.5501507309125022,0.0934065934065934,0.4065934065934066,0.8136003111466134,0.4285303445784138,True,False,False,82,19.908256880733948
NYK,2023-24,2824.3076923076924,2551.1399865098015,9022,36716,41.44728749117575,31.903431847181803,115.66666666666667,0.21522368586054264,0.5879903170732411,0.14015151515151514,0.7083333333333334,0.9616708624105518,0.3026871709395644,True,False,False,81,24.572393506917965
OKC,2015-16,3164.5,2667.7108845668345,10111,37974,41.69279488217527,32.757827748317254,124.82716049382717,0.21598278219018838,0.6331797499738225,0.11704545454545451,0.6681818181818181,1.0256143143676049,0.3111117304842616,True,False,True,82,26.62611260336019
OKC,2016-17,2862.8333333333335,2542.4206015432446,10035,34354,38.021715039258595,30.50859386890319,122.3780487804878,0.23487465494199258,0.6348675022371811,0.11931818181818181,0.5727272727272728,0.9353952065927764,0.22111715469355991,True,False,False,81,29.210572276881873
OKC,2017-18,3300.3333333333335,2944.6001529250216,10783,39604,42.685732337076594,35.28923085756781,133.12345679012347,0.22049575318533002,0.6372960002596764,0.12045454545454544,0.5636363636363636,0.9480290830111465,0.24966799071141962,True,False,False,82,27.22704777295223
OKC,2018-19,2945.5384615384614,2813.8333762379693,9453,38292,40.993022950652474,34.79035677821109,127.74324324324324,0.20042719385517446,0.61193790032745,0.09236596736596735,0.303030303030303,1.0177717906642427,0.33603991149430273,True,False,False,80,24.68661861485428
OKC,2019-20,3286.5,2526.3660391234607,7690,39438,51.97217086762521,34.104380705641184,108.5909090909091,0.23991451879811718,0.5072709801899873,0.13636363636363633,0.5454545454545454,0.9985400236093583,0.2789035085890341,True,False,False,70,19.49896039352908
OKC,2020-21,1898.6153846153845,1274.4038827664706,4813,24682,38.297347405055774,22.94278612029637,77.75,0.23574273189142886,0.5421173270693717,0.09935897435897435,0.5530303030303031,0.9149981124559553,0.33974025680705733,False,False,False,66,19.50004051535532
OKC,2021-22,2671.176470588235,1656.521401736713,6723,45410,52.59124578227687,24.81285462537187,117.94736842105263,0.20088368453494448,0.5213266042687936,0.10596405228758167,0.4229166666666666,0.9847435259437866,0.203061235026938,False,False,False,69,14.805109006826688
OKC,2022-23,2781.8571428571427,2059.104019382548,7665,38946,44.28231115304148,25.32414099597143,99.54545454545455,0.2241197830510075,0.5479034563006308,0.08569902319902316,0.3974358974358974,0.9601510463648212,0.20375638703668614,False,False,False,76,19.68109690340471
OKC,2023-24,2840.4285714285716,2396.0902998999695,7420,39766,37.79455299037129,30.010052401907252,97.63157894736842,0.20255228003572714,0.4987496931634491,0.10210622710622709,0.7777777777777778,0.926244200505799,0.22994506834624306,True,False,False,82,18.659156062968364
ORL,2015-16,3024.6153846153848,1898.1002580853283,7077,39320,45.22234988147393,24.206399175450784,95.63513513513513,0.22762062319644813,0.5312421508819926,0.12208624708624709,0.7083333333333334,0.9624417232525536,0.1978541143686394,False,False,False,79,17.99847405900305
ORL,2016-17,3541.2727272727275,2189.6400658970915,8154,38954,47.85719220674494,24.85440165334834,98.24096385542168,0.2639126377678461,0.5539162656979216,0.10101010101010101,0.5888888888888889,1.0608473203367443,0.23661711626293977,False,False,False,82,20.932381783642246
ORL,2017-18,2621.1428571428573,1690.8805560846263,6477,36696,42.786770215895004,20.593837433080857,85.22368421052632,0.232349839788929,0.5083025691655353,0.07852564102564101,0.391025641025641,0.9571391830592938,0.21290556339681388,False,False,False,82,17.650425114453892
ORL,2018-19,3384.5,2356.4013587749355,7803,40614,47.83471698497948,24.389010588346615,95.15853658536585,0.22105860246074172,0.5891401541524314,0.10454545454545454,0.3363636363636363,0.9807131512639521,0.2582747290258465,True,False,False,81,19.21258679273157
ORL,2019-20,2848.6153846153848,1973.1399062771982,6746,37032,47.993622133723335,28.41138846979098,92.41095890410959,0.23380400047686464,0.5169831691768291,0.10402097902097902,0.4810606060606061,0.9456262722344331,0.32264904665497,True,False,False,72,18.216677468135668
ORL,2020-21,1194.2857142857142,653.0607733024344,2520,16720,25.95095015619342,13.226342811040485,52.5,0.24148275207105807,0.4368570185533117,0.13232600732600727,0.6581196581196581,1.0233385928028018,0.2968569681702379,False,False,False,72,15.07177033492823
ORL,2021-22,3042.6153846153848,1947.255142436037,7621,39554,48.74367511111716,28.779602736240772,115.46969696969697,0.23535413421388557,0.524826714044385,0.08760683760683759,0.3345959595959596,0.9980997559613392,0.19912715542210696,False,False,False,79,19.26733073772564
ORL,2022-23,2599.285714285714,2019.186105209851,5848,36390,43.29504123614064,27.293958135993012,95.8688524590164,0.20918381846565115,0.5065335306523981,0.10920329670329668,0.5448717948717948,0.946017286382385,0.1771949121273759,False,False,False,80,16.07034899697719
ORL,2023-24,3329.230769230769,2107.2947964094533,8247,43280,47.887604898802174,24.497426867160623,101.81481481481481,0.2418142213147189,0.5314202872812912,0.12237762237762236,0.7272727272727273,0.9630070120193606,0.16606378929295607,True,False,False,81,19.054990757855823
PHI,2015-16,3929.6666666666665,2058.9282442939857,7392,47156,57.599243347362204,20.301424471394796,94.76923076923077,0.2652949188177757,0.4305648242378724,0.08421717171717173,0.5893939393939395,0.9960092081482452,0.1650147699867067,False,False,False,81,15.675629824412587
PHI,2016-17,3826.909090909091,2301.22325968366,8636,42096,56.70906909981406,27.385660643111297,105.3170731707317,0.269501984171253,0.5254720629862851,0.1191919191919192,0.7444444444444445,1.0002211430910877,0.10070531599222797,False,False,False,81,20.515013302926643
PHI,2017-18,3893.846153846154,3152.774144732272,11838,50620,55.1344602380686,37.08974474574637,144.3658536585366,0.22432040813486903,0.5853282356342423,0.12907925407925408,0.5189393939393939,1.023293404323104,0.1938613206812565,True,False,False,81,23.386013433425525
PHI,2018-19,2366.1428571428573,2292.0225484574453,7795,33126,34.03889525539062,29.67591983169083,97.4375,0.19707949429522714,0.5685300558797759,0.1347680097680097,0.5267094017094016,0.9681212944919343,0.2525058326409012,True,False,False,82,23.53136509086518
PHI,2019-20,3052.923076923077,2065.5838747409275,7558,39688,51.80882579131115,33.355784435688996,130.31034482758622,0.22720962953479942,0.5362471317449323,0.08741258741258741,0.912878787878788,0.9928602165683041,0.19072060536976912,True,False,False,72,19.043539608949807
PHI,2020-21,2888.4285714285716,2119.7937749582265,7380,40438,48.808440811832796,35.16021658967073,125.08474576271186,0.21028309935975173,0.5533757986975057,0.09752747252747251,0.4679487179487179,0.9590557071692254,0.3022258810564018,True,False,False,69,18.250160739898117
PHI,2021-22,2986.5,2325.209296542415,7883,35838,43.71393522358691,30.180437071282263,103.72368421052632,0.232925846284512,0.57371643205614,0.10126262626262623,0.7196969696969697,0.932410689402607,0.22641209097901835,True,False,False,76,21.996205145376415
PHI,2022-23,3350.153846153846,2625.528005505237,8499,43552,49.595675309171185,42.164571260688426,144.05084745762713,0.22246871030424697,0.5266750622774627,0.12179487179487179,0.7007575757575758,0.9055267465414363,0.21682887722060004,True,False,False,80,19.514603232916972
PHI,2023-24,2495.5714285714284,1973.1621522624234,8239,34938,41.2558688419981,29.536199081780637,116.04225352112677,0.22620729314722685,0.5975788456851365,0.10782967032967031,0.5096153846153846,0.9284151669263586,0.20210631849667957,True,False,False,84,23.58177342721392
PHX,2015-16,3081.285714285714,1698.8766618233096,6207,43138,51.56049795656006,33.04070167478315,117.11320754716981,0.23452585585502095,0.4820658501820022,0.125,0.6538461538461539,1.0120722108221782,0.2326124101425503,False,False,False,82,14.388706013259773
PHX,2016-17,3130.923076923077,1987.7853867029364,7672,40702,48.679678538636296,26.586649953880123,114.50746268656717,0.2372657506053032,0.5517890902716286,0.11188811188811187,0.4772727272727273,0.956706585774693,0.2894198236915337,False,False,False,82,18.84919659967569
PHX,2017-18,2517.8571428571427,1562.1899252771293,5980,35250,41.68437655037992,19.65690412333166,83.05555555555556,0.2295728034759308,0.5051875019065128,0.10225885225885224,0.6047008547008547,0.9954232996730411,0.29152558602421147,False,False,False,82,16.9645390070922
PHX,2018-19,3054.3076923076924,1348.1632804557578,6294,39706,49.372491484521035,20.703379231775816,96.83076923076923,0.2608390204796103,0.4789337246147481,0.10926573426573426,0.5568181818181819,0.98601228227985,0.21790689990388298,False,False,False,82,15.851508588122702
PHX,2019-20,2919.3846153846152,1928.5793795114898,7832,37952,51.286646839953974,25.774926520173445,118.66666666666667,0.240635964209792,0.565522561629895,0.11451048951048949,0.4659090909090909,0.9582145132017317,0.25084080501794015,False,False,False,73,20.636593591905562
PHX,2020-21,2857.8571428571427,2239.008532540957,8633,40010,47.30898010584137,28.838828273588724,121.59154929577464,0.22352237624163585,0.5331309291764641,0.09119352869352867,0.3536324786324786,0.9914752739051325,0.253044845683534,True,False,True,72,21.577105723569108
PHX,2021-22,2976.6153846153848,1871.5243136038216,7242,38696,45.365026005182635,27.445893220088887,109.72727272727273,0.24015100569768263,0.5022906103311126,0.08158508158508158,0.3560606060606061,0.9707196239403186,0.2786176984892029,True,False,False,82,18.71511267314451
PHX,2022-23,2030.125,1505.8546576612232,5661,32482,35.41727332860298,25.612952657705268,94.35,0.2025732129418618,0.5015091343730042,0.09553571428571427,0.6817460317460318,0.9909798549472262,0.2694515048720847,True,False,False,79,17.428114032387167
PHX,2023-24,2862.923076923077,2487.16352704369,6706,37218,41.823073397892394,35.121154167095064,96.65217391304348,0.2167491559647791,0.4747073160170728,0.09994172494172492,0.7121212121212122,0.9004057191391593,0.22243727747237751,True,False,False,79,18.0181632543393
POR,2015-16,3842.7272727272725,2931.092086267816,10174,42270,49.294010723202106,37.59148668560222,133.8684210526316,0.2605810609962918,0.5557865830791646,0.09696969696969697,0.6333333333333333,0.8433554654001093,0.3896903996931465,True,False,False,82,24.06907972557369
POR,2016-17,3295.6,2234.5976122982156,8099,32956,45.394992652612146,27.515436089192285,106.5657894736842,0.28663962146134553,0.5478912303085873,0.17222222222222222,0.625,0.886253523811899,0.2955069168541337,True,False,False,80,24.57519116397621
POR,2017-18,4028.4,2281.3959274483195,8690,40284,52.99363234191221,28.97654638724012,117.43243243243244,0.2823049170747759,0.5524638356753648,0.1333333333333333,0.6388888888888888,0.957982762585431,0.2921829933528362,True,False,False,82,21.571839936451195
POR,2018-19,3460.3333333333335,2507.81213350795,9766,41524,46.697656726250045,31.06944461567077,120.5679012345679,0.23398456974789586,0.6078672105049111,0.10227272727272724,0.3363636363636363,0.9697112427695878,0.2782899140097041,True,False,True,81,23.518928812253154
POR,2019-20,2349.4545454545455,1982.8811040320277,6529,25844,39.283439303285064,26.158977221337675,97.44776119402985,0.23531026820676126,0.5968291119955924,0.12121212121212123,0.4777777777777778,0.9055067487619318,0.2795113746672473,True,False,False,70,25.263117164525617
POR,2020-21,2771.4,1923.0775797605718,7266,27714,46.4097401731624,31.419582436203093,106.8529411764706,0.28329684426836693,0.5912008751009544,0.1534722222222222,0.798611111111111,0.9919143986576934,0.35383643601447407,True,False,False,72,26.217796059753194
POR,2021-22,1287.0526315789473,880.0077318905412,3447,24454,28.977196463516957,20.6767381885115,79.52,0.15934672147201617,0.5739110189559904,0.11953904368765048,0.4836601307189542,0.9765546044439983,0.30641599364258637,False,False,False,71,14.095853439110165
POR,2022-23,2402.8571428571427,1869.9016369499577,6541,33640,42.15573539427629,31.329488464893654,110.86440677966101,0.20838008124608223,0.55885955913976,0.0966117216117216,0.4711538461538461,0.9322036066331568,0.23735843910607254,False,False,False,80,19.44411414982164
POR,2023-24,2362.125,1627.0479966286591,6187,37794,44.5082055225547,30.18435340023856,103.31914893617021,0.21149440182303297,0.4765833892188844,0.08095238095238096,0.55,0.8783589412902467,0.32863733733025585,False,False,False,72,16.37032333174578
SAC,2015-16,3745.8333333333335,2856.125978674717,10620,44950,54.36762265225548,37.807879089176225,145.4794520547945,0.2384545099106317,0.5799773279606936,0.08446969696969696,0.2590909090909091,0.9805063731079021,0.2322328891500826,False,False,False,78,23.626251390433815
SAC,2016-17,2298.4285714285716,1390.4999496188807,5564,32178,38.565877433866646,17.59018547856069,80.6376811594203,0.23216292772936228,0.5210856567490728,0.11355311355311351,0.4326923076923076,0.9810043667587528,0.17723538237753522,False,False,False,82,17.29131704891541
SAC,2017-18,3404.8333333333335,1766.0870375614065,7560,40858,50.76480335624202,20.857588136862983,102.16216216216216,0.2596468500067662,0.5359373916290565,0.08106060606060607,0.9727272727272728,0.9522684611730418,0.21225413635738594,False,False,False,80,18.503108326398745
SAC,2018-19,2814.285714285714,2478.6712764510135,8929,39400,40.35668089643183,27.806994412644343,108.89024390243902,0.1960878194786784,0.6130742284199406,0.07516788766788764,0.4177350427350426,0.9380220776410166,0.18414227481975354,False,False,False,82,22.66243654822335
SAC,2019-20,2770.3333333333335,2001.151320130641,5532,33244,44.296646852771545,30.548047733891053,106.38461538461539,0.23402621336874566,0.4808683531646535,0.10530303030303029,0.7681818181818182,0.9389887183138129,0.23050430790199752,False,False,False,72,16.640596799422454
SAC,2020-21,2386.923076923077,2092.2505610601256,7039,31030,42.432490389485515,31.490178804382285,119.30508474576271,0.21278856129941334,0.5693890419229115,0.1213092463092463,0.5593434343434344,0.9519818284330686,0.17629234118123915,False,False,False,71,22.684498872059297
SAC,2021-22,1826.8,1416.0650307908077,5264,27402,30.41330756002651,20.49342751747782,87.73333333333333,0.21883282025335218,0.5284963679697883,0.14725274725274726,0.6181318681318683,0.9760161547116079,0.22373476410161688,False,False,False,77,19.210276622144367
SAC,2022-23,4046.5454545454545,2739.4122495030338,9015,44512,52.881447671636536,34.07660628138648,113.3108108108108,0.2546991188623864,0.5488170760275747,0.10303030303030303,0.9333333333333332,0.9813015713995527,0.19873495520636963,True,False,False,82,20.252965492451473
SAC,2023-24,4074.181818181818,3056.1750544817232,10695,44816,55.835600939093865,35.66929533285325,128.85542168674698,0.2511348624972497,0.5936520372548265,0.08585858585858586,0.5444444444444445,0.977487746151834,0.16110393105454737,False,False,False,82,23.864244912531237
SAS,2015-16,3542.4285714285716,2197.8752926855977,8046,49594,49.852258472885794,27.367026733609983,110.21917808219177,0.21997336109927074,0.5275591221020062,0.0865384615384615,0.5587606837606837,1.0103670886913483,0.16316659154835755,True,False,False,81,16.223736742347864
SAS,2016-17,3835.6666666666665,1749.3459210559674,6808,46028,53.04622155955203,24.80948738844667,96.90625,0.26148077742529213,0.4376019041121982,0.10189393939393938,0.5409090909090909,0.9648713171019642,0.21777939827804219,True,False,True,80,14.790996784565916
SAS,2017-18,4131.636363636364,1525.2906131440839,6148,45448,56.38960779611334,17.9473516602401,77.35526315789474,0.2827406821981708,0.4129303139884898,0.0919191919191919,0.4555555555555555,1.012469538961268,0.2167724765002948,True,False,False,82,13.527547966907235
SAS,2018-19,4171.0,1578.1795419617713,6497,41710,54.2597078579001,19.84364489547061,83.2948717948718,0.2982644231431834,0.459565402355411,0.09861111111111111,0.6944444444444444,0.9490356871066071,0.30410575917059296,True,False,False,82,15.576600335650923
SAS,2019-20,3083.6666666666665,1684.7762912372523,5873,37004,48.25301475243965,23.500720533399335,85.1159420289855,0.26057127399653524,0.4345879834450585,0.10151515151515149,0.7409090909090909,1.0090112053123934,0.31033827586666834,False,False,False,68,15.871257161387959
SAS,2020-21,2484.6153846153848,1897.2773272271652,6482,32300,41.54026491729793,27.945248320399482,95.32352941176471,0.2289749472051773,0.558271352324516,0.0708041958041958,0.4242424242424242,0.8849815039943775,0.3953098432386643,False,False,False,69,20.068111455108358
SAS,2021-22,2436.923076923077,1872.8455382802956,7150,31680,38.24409762360084,25.153313283036344,103.6231884057971,0.21099170056885022,0.6365664625352012,0.12237762237762237,0.8446969696969697,0.9899880347328527,0.22800329021900506,False,False,False,75,22.569444444444446
SAS,2022-23,1957.7333333333333,1270.0194299226102,5300,29366,35.54161479173914,17.33208071519401,76.81159420289855,0.21578686557529803,0.5376378170870725,0.076007326007326,0.7747252747252747,0.9557909928211532,0.1652521262264717,False,False,False,73,18.04808281686304
SAS,2023-24,3472.8333333333335,1964.4682293797534,7202,41674,50.423466492419095,22.651338383690977,92.33333333333333,0.2549923024200878,0.475559735249688,0.09772727272727272,0.7272727272727273,0.9705176296856165,0.1252935059443154,False,False,False,77,17.28175841051975
TOR,2015-16,3876.0,3106.7588489379964,10851,46512,54.77465174410844,36.44452583532697,139.1153846153846,0.2453237680147251,0.5756665484036562,0.09280303030303029,0.9136363636363636,0.944951451465975,0.27879961654326846,True,False,True,82,23.329463364293083
TOR,2016-17,2989.846153846154,2210.8597817046143,7081,38868,44.55388954650102,31.05825059700568,116.08196721311475,0.2289363950273062,0.5141870814892424,0.11451048951048949,0.5189393939393939,0.9223922756311521,0.32314400341175864,True,False,False,81,18.218071421220543
TOR,2017-18,3859.1666666666665,2457.405351301665,8942,46310,49.83626040520548,30.6806636882786,113.18987341772151,0.23373653147064155,0.5752407584761341,0.1348484848484848,0.4363636363636363,0.9876266278727507,0.25688680350424586,True,False,False,82,19.309004534657742
TOR,2018-19,3326.181818181818,2165.2234442746008,7449,36588,48.248903099542325,30.68445623427158,112.86363636363636,0.2539616868919199,0.5404814943102815,0.09292929292929292,0.7444444444444445,0.999511153305333,0.1895819897877462,True,True,True,80,20.359134142341752
TOR,2019-20,3304.6666666666665,1983.3428316553816,7067,39656,58.72979782785443,34.29842244844574,119.77966101694915,0.2531937708070191,0.4991656745551325,0.09545454545454544,0.7045454545454545,0.9766919727373539,0.1778842274213317,True,False,False,72,17.820758523300384
TOR,2020-21,2342.0,1714.9479920349233,5732,32788,44.82125820191759,33.307697724074664,108.15094339622641,0.21527521862345717,0.515627925625426,0.10225885225885224,0.6549145299145298,0.958868603128678,0.2133166612352299,False,False,False,67,17.4820056118092
TOR,2021-22,3147.4285714285716,2598.1811008794275,8538,44064,48.78838788557452,36.38115482865202,129.36363636363637,0.20739624392926603,0.5348012766064252,0.1062271062271062,0.7884615384615384,0.9573907101338577,0.17700287677852317,True,False,False,80,19.37636165577342
TOR,2022-23,3192.714285714286,2868.6605673291933,8971,44698,48.373509968945925,37.15724251299416,128.15714285714284,0.2016225655114802,0.5433261214148671,0.10393772893772892,0.4871794871794871,0.9414241795806323,0.21817007745394137,False,False,False,77,20.070249228153386
TOR,2023-24,1560.0,971.1749426497623,3746,21840,27.212171307048177,14.556834166947947,54.289855072463766,0.22264265102858907,0.5334930428848371,0.10141941391941389,0.5181623931623932,0.9866223923970958,0.20217640446085014,False,False,False,78,17.152014652014653
UTA,2015-16,4340.153846153846,1959.1588690963717,8044,56422,63.88671292702406,24.027730981598843,99.30864197530865,0.2576133211148193,0.4207097566355811,0.13228438228438227,0.5378787878787878,0.9952587919512863,0.22146565183878061,False,False,False,81,14.256850164829322
UTA,2016-17,3991.5,1504.527923545214,6525,47898,60.9662136606237,23.668120456892265,116.04,0.27536636110653695,0.4125582662742184,0.10454545454545451,0.7636363636363636,1.0232762406662765,0.19503122254765304,True,False,False,82,13.62269823374671
UTA,2017-18,3530.1666666666665,2413.254830884604,8443,42362,50.48246961902674,28.355182943907632,108.24358974358974,0.24307783277165815,0.5339137283344516,0.11136363636363633,0.4499999999999999,0.9777444309357733,0.22467007210307388,True,False,False,82,19.930598177612012
UTA,2018-19,3760.0,2486.1031208042696,7542,45120,52.96735403272603,28.985615832778013,109.30434782608695,0.24664570501701297,0.4796467631578919,0.09772727272727272,0.6545454545454545,1.0462241506779881,0.295767622599415,True,False,False,82,16.715425531914892
UTA,2019-20,3529.6363636363635,2069.518411260324,6677,38826,55.62489159070517,30.13716731804512,98.58333333333333,0.26269295984569657,0.4644592320673372,0.12474747474747475,0.8055555555555556,0.9868976908011585,0.38565800263432953,True,False,False,72,17.197238963581103
UTA,2020-21,3813.6,1948.4839234645997,6061,38136,60.48980343210771,32.82852098841437,108.53703703703704,0.2861172239672684,0.4443347071679804,0.13333333333333333,0.6527777777777778,1.00684965407595,0.2954691098518821,True,False,False,72,15.893119362282357
UTA,2021-22,2664.0,2287.1633449901797,6759,34632,38.82064077655181,30.2755747924878,94.54411764705883,0.21793984853480391,0.4960960739099834,0.10207847707847706,0.6527777777777777,0.9507053560813399,0.2910829459944381,True,False,False,79,19.516632016632016
UTA,2022-23,1744.0,1152.4833332128205,3539,22672,32.14910806901868,22.325406009620252,78.1304347826087,0.22783626581451108,0.5020370156549588,0.08741258741258741,0.6515151515151515,0.8975264145372537,0.3512902506404235,False,False,False,74,15.60956245589273
UTA,2023-24,2724.5454545454545,1528.5655604936521,5534,29970,43.64871137689453,17.319765753311614,72.8157894736842,0.26298319084754307,0.4719836252483243,0.102020202020202,0.4388888888888889,0.9641733505909003,0.29069599440305555,False,False,False,78,18.46513179846513
WAS,2015-16,3162.5714285714284,2887.0585700351126,11325,44276,45.343856988205985,35.34705337384406,145.19230769230768,0.21301361309483274,0.6021427640920903,0.10767704517704514,0.4166666666666666,0.9959952704274964,0.23194500590995945,False,False,False,82,25.578191345198302
WAS,2016-17,3185.230769230769,2676.858424653987,10449,41408,44.27498923575895,31.463549799481417,132.26582278481013,0.19834121371533817,0.6292742657966068,0.09761072261072258,0.3295454545454545,1.0058017489420752,0.3066315233633111,True,False,False,82,25.2342542503864
WAS,2017-18,3855.5,1967.2531149249246,8242,46266,55.99202312060199,29.257865918575295,118.83333333333333,0.25468253963016857,0.5361175978600308,0.11287878787878784,0.6636363636363636,1.0027982573922543,0.21746671648952076,True,False,False,82,17.81437772878572
WAS,2018-19,2408.8571428571427,2003.9649489159026,6958,33724,38.82631137659109,23.155835399046776,83.83132530120481,0.21351840421866483,0.5432491800442798,0.12225274725274723,0.766025641025641,0.9808885141677154,0.18864724266864508,False,False,False,82,20.63219072470644
WAS,2019-20,2536.9333333333334,1714.7344845138423,6104,38054,48.6571177925835,26.789877122125528,104.91379310344827,0.21676369590627242,0.5473567660000338,0.09450549450549449,0.4807692307692308,0.9333960693034258,0.2432981156565286,False,False,False,69,16.040363693698428
WAS,2020-21,2465.846153846154,2213.525839249599,8485,32056,41.618380295527395,33.62646632549991,128.56060606060606,0.22332747438718606,0.6025648690957196,0.10334110334110334,0.6856060606060607,0.916922601854697,0.2403616133131292,True,False,False,71,26.469303718492636
WAS,2021-22,2123.5714285714284,1186.6144934408799,3895,29730,35.280965167317554,17.650289868461197,72.95121951219512,0.22769461192149723,0.4515708155056033,0.14835164835164832,0.6634615384615384,0.9761440219429406,0.14655122743829416,False,False,False,82,13.1012445341406
WAS,2022-23,3081.3333333333335,1671.8070426573718,5269,36976,49.377183103978005,27.277117434084317,89.76470588235294,0.252123582706658,0.4440490122676797,0.08522727272727271,0.5954545454545455,1.0028905451631924,0.18757132608208035,False,False,False,78,14.249783643444397
WAS,2023-24,2513.3333333333335,2047.4652326200508,6264,30160,38.0654929608855,25.873392500870878,93.49253731343283,0.2248661959050716,0.5332297867658301,0.11022727272727269,0.4499999999999999,0.9475728324701315,0.21671817250958791,False,False,False,80,20.76923076923077
